formula_id,line,h2,h3,block_start_line,fence_lang,lhs,rhs_excerpt,formula_line
F0005_82,82,1. 对旧设计的重新判定,1.2 新设计的核心原则,77,text,DCS,a*y + noise,DCS = a*y + noise
F0005_83,83,1. 对旧设计的重新判定,1.2 新设计的核心原则,77,text,DCS,a*final_conc_tfe + noise,DCS = a*final_conc_tfe + noise
F0007_101,101,2. 全局变量分类,2.1 外生变量,100,text,z_ore,"{ G_base,                 # 入口 TFe, 0-1 r_mag, r_hem, r_carb, r_sil, WI,                     # 难磨性/可磨性代理 clay,                   # 黏土/泥化代理 carbonate_buffer,       # 碳酸盐缓冲能力 silicate_buffer,        # 硅酸盐缓冲能力 ore_density_index,      # 固体密度变化代理 liberation_potential    # 同等磨矿能量下可解离性","z_ore = { G_base,                 # 入口 TFe, 0-1 r_mag, r_hem, r_carb, r_sil, WI,                     # 难磨性/可磨性代理 clay,                   # 黏土/泥化代理 carbonate_buffer,       # 碳酸盐缓冲能力 silicate_buffer,        # 硅酸盐缓冲能力 ore_density_index,      # 固体密度变化代理 liberation_potential    # 同等磨矿能量下可解离性"
F0007_112,112,2. 全局变量分类,2.1 外生变量,100,text,z_utility,"{ water_pressure, grid_voltage, ambient_temp, reagent_supply_pressure, air_supply_health","z_utility = { water_pressure, grid_voltage, ambient_temp, reagent_supply_pressure, air_supply_health"
F0007_120,120,2. 全局变量分类,2.1 外生变量,100,text,z_equipment,"{ mag_unit_health[], tm_unit_health[], cyclone_open_count, flo_cell_health[], pump_health[], sensor_fault_state[]","z_equipment = { mag_unit_health[], tm_unit_health[], cyclone_open_count, flo_cell_health[], pump_health[], sensor_fault_state[]"
F0007_129,129,2. 全局变量分类,2.1 外生变量,100,text,z_intervention,"{ PRBS_TD, PRBS_NaOH, PRBS_CaO, PRBS_air, PRBS_water, PRBS_feed_rate","z_intervention = { PRBS_TD, PRBS_NaOH, PRBS_CaO, PRBS_air, PRBS_water, PRBS_feed_rate"
F0009_144,144,2. 全局变量分类,2.1 外生变量,143,text,dWI_i,theta_WI*(WI_target_i-WI_i)*dt + sigma_WI*dW_WI_i,dWI_i = theta_WI*(WI_target_i-WI_i)*dt + sigma_WI*dW_WI_i
F0009_145,145,2. 全局变量分类,2.1 外生变量,143,text,dclay_i,theta_clay*(clay_target_i-clay_i)*dt + sigma_clay*dW_clay_i,dclay_i = theta_clay*(clay_target_i-clay_i)*dt + sigma_clay*dW_clay_i
F0009_146,146,2. 全局变量分类,2.1 外生变量,143,text,dr_carb_i,theta_carb*(r_carb_target_i-r_carb_i)*dt + sigma_carb*dW_carb_i,dr_carb_i = theta_carb*(r_carb_target_i-r_carb_i)*dt + sigma_carb*dW_carb_i
F0010_159,159,2. 全局变量分类,2.2 隐藏物料状态,158,text,Stream,"{ M_solid, M_water, C, Fe_mag, Fe_hem, Fe_carb, Fe_sil, Gangue, FeO_proxy, TFe, F200, F325, f25, d80, Liberation_fe, Liberation_gangue, WI, clay, T_slurry, rho_solid_mix, mu_slurry, buffer_capacity, hydrophobic_potential","Stream = { M_solid, M_water, C, Fe_mag, Fe_hem, Fe_carb, Fe_sil, Gangue, FeO_proxy, TFe, F200, F325, f25, d80, Liberation_fe, Liberation_gangue, WI, clay, T_slurry, rho_solid_mix, mu_slurry, buffer_capacity, hydrophobic_potential"
F0011_177,177,2. 全局变量分类,2.2 隐藏物料状态,176,text,Fe_total,Fe_mag+Fe_hem+Fe_carb+Fe_sil,Fe_total = Fe_mag+Fe_hem+Fe_carb+Fe_sil
F0011_178,178,2. 全局变量分类,2.2 隐藏物料状态,176,text,M_solid,Fe_total+Gangue,M_solid = Fe_total+Gangue
F0011_179,179,2. 全局变量分类,2.2 隐藏物料状态,176,text,TFe,"Fe_total/max(M_solid,eps)","TFe = Fe_total/max(M_solid,eps)"
F0012_185,185,2. 全局变量分类,2.2 隐藏物料状态,184,text,rho_solid_mix,"M_solid / max( Fe_mag/rho_fe_mag + Fe_hem/rho_fe_hem + Fe_carb/rho_fe_carb + Fe_sil/rho_fe_sil + Gangue/rho_gangue, eps)","rho_solid_mix = M_solid / max( Fe_mag/rho_fe_mag + Fe_hem/rho_fe_hem + Fe_carb/rho_fe_carb + Fe_sil/rho_fe_sil + Gangue/rho_gangue, eps)"
F0013_198,198,2. 全局变量分类,2.2 隐藏物料状态,197,text,M_wet,"M_solid/max(C,eps)","M_wet = M_solid/max(C,eps)"
F0013_199,199,2. 全局变量分类,2.2 隐藏物料状态,197,text,M_water,M_wet-M_solid,M_water = M_wet-M_solid
F0013_200,200,2. 全局变量分类,2.2 隐藏物料状态,197,text,V_slurry,M_solid/rho_solid_mix + M_water/rho_water,V_slurry = M_solid/rho_solid_mix + M_water/rho_water
F0013_201,201,2. 全局变量分类,2.2 隐藏物料状态,197,text,rho_slurry,"M_wet/max(V_slurry,eps)","rho_slurry = M_wet/max(V_slurry,eps)"
F0014_207,207,2. 全局变量分类,2.2 隐藏物料状态,206,text,mu_slurry,mu_water * exp(k_C_mu*C/(1-C+eps)) * (1+k_clay_mu*clay) * (1+k_f25_mu*f25) * (1+k_sil_mu*r_sil) * exp(k_temp_mu*(T_ref-T_slurry)),mu_slurry = mu_water * exp(k_C_mu*C/(1-C+eps)) * (1+k_clay_mu*clay) * (1+k_f25_mu*f25) * (1+k_sil_mu*r_sil) * exp(k_temp_mu*(T_ref-T_slurry))
F0015_218,218,2. 全局变量分类,2.2 隐藏物料状态,217,text,F325_mixed,"(M_solid_in1*F325_in1+M_solid_in2*F325_in2) / max(M_solid_in1+M_solid_in2,eps)","F325_mixed = (M_solid_in1*F325_in1+M_solid_in2*F325_in2) / max(M_solid_in1+M_solid_in2,eps)"
F0015_222,222,2. 全局变量分类,2.2 隐藏物料状态,217,text,Liberation_fe_mixed,"(M_solid_in1*Liberation_fe_in1+M_solid_in2*Liberation_fe_in2) / max(M_solid_in1+M_solid_in2,eps)","Liberation_fe_mixed = (M_solid_in1*Liberation_fe_in1+M_solid_in2*Liberation_fe_in2) / max(M_solid_in1+M_solid_in2,eps)"
F0015_226,226,2. 全局变量分类,2.2 隐藏物料状态,217,text,Liberation_gangue_mixed,"(M_solid_in1*Liberation_gangue_in1+M_solid_in2*Liberation_gangue_in2) / max(M_solid_in1+M_solid_in2,eps)","Liberation_gangue_mixed = (M_solid_in1*Liberation_gangue_in1+M_solid_in2*Liberation_gangue_in2) / max(M_solid_in1+M_solid_in2,eps)"
F0015_230,230,2. 全局变量分类,2.2 隐藏物料状态,217,text,T_slurry_mixed,"(M_wet_in1*Cp_slurry_in1*T_slurry_in1+M_wet_in2*Cp_slurry_in2*T_slurry_in2) / max(M_wet_in1*Cp_slurry_in1+M_wet_in2*Cp_slurry_in2,eps)","T_slurry_mixed = (M_wet_in1*Cp_slurry_in1*T_slurry_in1+M_wet_in2*Cp_slurry_in2*T_slurry_in2) / max(M_wet_in1*Cp_slurry_in1+M_wet_in2*Cp_slurry_in2,eps)"
F0016_238,238,2. 全局变量分类,2.2 隐藏物料状态,237,text,buffer_capacity,b0 + b_carb*r_carb + b_sil*r_sil + b_clay*clay + b_C*C + b_flow*M_solid,buffer_capacity = b0 + b_carb*r_carb + b_sil*r_sil + b_clay*clay + b_C*C + b_flow*M_solid
F0017_250,250,2. 全局变量分类,2.2 隐藏物料状态,249,text,hydrophobic_potential,h0 + h_lib*Liberation_gangue + h_sil*r_sil + h_carb*r_carb + h_fine*f25 - h_k6*dose_DF_K6 + h_ca*Ca2_effect,hydrophobic_potential = h0 + h_lib*Liberation_gangue + h_sil*r_sil + h_carb*r_carb + h_fine*f25 - h_k6*dose_DF_K6 + h_ca*Ca2_effect
F0018_263,263,2. 全局变量分类,2.3 DCS、lab、标签,262,text,DCS,在线传感器或控制系统可见值，可作 DCS-only 特征。,DCS = 在线传感器或控制系统可见值，可作 DCS-only 特征。
F0020_282,282,3. 基础动态函数,,281,text,u_sp,"clip( u_nom + Kp*error + Ki*integral(error) + Kff*feedforward_state + operator_trim + intervention, u_min,u_max)","u_sp = clip( u_nom + Kp*error + Ki*integral(error) + Kff*feedforward_state + operator_trim + intervention, u_min,u_max)"
F0020_290,290,3. 基础动态函数,,281,text,u_actual,"sat_act(u_sp,u_min,u_max,tau_act)","u_actual = sat_act(u_sp,u_min,u_max,tau_act)"
F0022_315,315,4. 入口边界因果模型,,314,text,"availability_iin{0,1},i","1,2,3","availability_i in {0,1}, i=1,2,3"
F0022_316,316,4. 入口边界因果模型,,314,text,M_wet_i,"availability_i*clip(M_nom_i+xi_common+xi_i,M_min_i,M_max_i)","M_wet_i = availability_i*clip(M_nom_i+xi_common+xi_i,M_min_i,M_max_i)"
F0022_317,317,4. 入口边界因果模型,,314,text,C_i,"clip(C_nom+k_load_C*(M_wet_i-M_nom_i)+k_clay_C*clay_i+xi_C_i,C_min,C_max)","C_i = clip(C_nom+k_load_C*(M_wet_i-M_nom_i)+k_clay_C*clay_i+xi_C_i,C_min,C_max)"
F0022_318,318,4. 入口边界因果模型,,314,text,M_solid_i,M_wet_i*C_i,M_solid_i = M_wet_i*C_i
F0022_319,319,4. 入口边界因果模型,,314,text,M_water_i,M_wet_i-M_solid_i,M_water_i = M_wet_i-M_solid_i
F0022_320,320,4. 入口边界因果模型,,314,text,TFe_i,"clip(G_base_i+k_mag_G*(r_mag_i-r_mag_ref)-k_clay_G*clay_i+xi_G_i,G_min,G_max)","TFe_i = clip(G_base_i+k_mag_G*(r_mag_i-r_mag_ref)-k_clay_G*clay_i+xi_G_i,G_min,G_max)"
F0023_332,332,4. 入口边界因果模型,,325,text,F200_i,sigmoid(logit(F200_i)),F200_i=sigmoid(logit(F200_i))
F0023_333,333,4. 入口边界因果模型,,325,text,F325_i,"F(45e-6;d80_i,n_rr)","F325_i=F(45e-6;d80_i,n_rr)"
F0023_334,334,4. 入口边界因果模型,,325,text,f25_i,"F(25e-6;d80_i,n_rr)","f25_i=F(25e-6;d80_i,n_rr)"
F0024_340,340,4. 入口边界因果模型,,339,text,Fe_total_i,M_solid_i*TFe_i,Fe_total_i=M_solid_i*TFe_i
F0024_341,341,4. 入口边界因果模型,,339,text,Fe_mag_i,Fe_total_i*r_mag_i,Fe_mag_i=Fe_total_i*r_mag_i
F0024_342,342,4. 入口边界因果模型,,339,text,Fe_hem_i,Fe_total_i*r_hem_i,Fe_hem_i=Fe_total_i*r_hem_i
F0024_343,343,4. 入口边界因果模型,,339,text,Fe_carb_i,Fe_total_i*r_carb_i,Fe_carb_i=Fe_total_i*r_carb_i
F0024_344,344,4. 入口边界因果模型,,339,text,Fe_sil_i,Fe_total_i*r_sil_i,Fe_sil_i=Fe_total_i*r_sil_i
F0024_345,345,4. 入口边界因果模型,,339,text,Gangue_i,M_solid_i-Fe_total_i,Gangue_i=M_solid_i-Fe_total_i
F0024_346,346,4. 入口边界因果模型,,339,text,FeO_proxy_i,k_feo_mag*Fe_mag_i+k_feo_carb*Fe_carb_i+k_feo_hem*Fe_hem_i+k_feo_sil*Fe_sil_i,FeO_proxy_i=k_feo_mag*Fe_mag_i+k_feo_carb*Fe_carb_i+k_feo_hem*Fe_hem_i+k_feo_sil*Fe_sil_i
F0024_348,348,4. 入口边界因果模型,,339,text,rho_solid_mix_i,"M_solid_i / max( Fe_mag_i/rho_fe_mag + Fe_hem_i/rho_fe_hem + Fe_carb_i/rho_fe_carb + Fe_sil_i/rho_fe_sil + Gangue_i/rho_gangue, eps)","rho_solid_mix_i = M_solid_i / max( Fe_mag_i/rho_fe_mag + Fe_hem_i/rho_fe_hem + Fe_carb_i/rho_fe_carb + Fe_sil_i/rho_fe_sil + Gangue_i/rho_gangue, eps)"
F0025_361,361,4. 入口边界因果模型,,360,text,Liberation_fe_i,"clip( L0_fe - k_L_wi*(WI_i-WI_ref) - k_L_size*(1-F200_i) - k_L_clay*clay_i, 0.1,0.8)","Liberation_fe_i = clip( L0_fe - k_L_wi*(WI_i-WI_ref) - k_L_size*(1-F200_i) - k_L_clay*clay_i, 0.1,0.8)"
F0025_368,368,4. 入口边界因果模型,,360,text,Liberation_gangue_i,"clip( L0_gangue - k_Lg_wi*(WI_i-WI_ref) - k_Lg_size*(1-F200_i), 0.1,0.8)","Liberation_gangue_i = clip( L0_gangue - k_Lg_wi*(WI_i-WI_ref) - k_Lg_size*(1-F200_i), 0.1,0.8)"
F0025_374,374,4. 入口边界因果模型,,360,text,T_slurry_i,T_amb+k_ore_temp*(T_ore_feed-T_amb)+k_water_temp*(T_process_water-T_amb),T_slurry_i = T_amb+k_ore_temp*(T_ore_feed-T_amb)+k_water_temp*(T_process_water-T_amb)
F0026_380,380,4. 入口边界因果模型,,379,text,M_solid_mixed,M_wet_1*C_1 + M_wet_2*C_2 + M_wet_3*C_3,M_solid_mixed = M_wet_1*C_1 + M_wet_2*C_2 + M_wet_3*C_3
F0026_381,381,4. 入口边界因果模型,,379,text,M_water_mixed,M_water_1 + M_water_2 + M_water_3,M_water_mixed = M_water_1 + M_water_2 + M_water_3
F0026_382,382,4. 入口边界因果模型,,379,text,M_wet_mixed,M_solid_mixed + M_water_mixed,M_wet_mixed = M_solid_mixed + M_water_mixed
F0026_383,383,4. 入口边界因果模型,,379,text,C_mixed,"M_solid_mixed/max(M_wet_mixed,eps)","C_mixed = M_solid_mixed/max(M_wet_mixed,eps)"
F0026_385,385,4. 入口边界因果模型,,379,text,_x_d3_WI_mixed,"(M_solid_1*WI_1+M_solid_2*WI_2+M_solid_3*WI_3) / max(M_solid_mixed,eps)","_x_d3_WI_mixed = (M_solid_1*WI_1+M_solid_2*WI_2+M_solid_3*WI_3) / max(M_solid_mixed,eps)"
F0026_388,388,4. 入口边界因果模型,,379,text,_x_clay_mixed,"(M_solid_1*clay_1+M_solid_2*clay_2+M_solid_3*clay_3) / max(M_solid_mixed,eps)","_x_clay_mixed = (M_solid_1*clay_1+M_solid_2*clay_2+M_solid_3*clay_3) / max(M_solid_mixed,eps)"
F0026_391,391,4. 入口边界因果模型,,379,text,_x_r_carb_mixed,"(M_solid_1*r_carb_1+M_solid_2*r_carb_2+M_solid_3*r_carb_3) / max(M_solid_mixed,eps)","_x_r_carb_mixed = (M_solid_1*r_carb_1+M_solid_2*r_carb_2+M_solid_3*r_carb_3) / max(M_solid_mixed,eps)"
F0026_395,395,4. 入口边界因果模型,,379,text,TFe_mixed,"(M_solid_1*TFe_1+M_solid_2*TFe_2+M_solid_3*TFe_3) / max(M_solid_mixed,eps)","TFe_mixed = (M_solid_1*TFe_1+M_solid_2*TFe_2+M_solid_3*TFe_3) / max(M_solid_mixed,eps)"
F0026_398,398,4. 入口边界因果模型,,379,text,rho_solid_mix_mixed,"M_solid_mixed / max( sum_i(Fe_mag_i/rho_fe_mag) + sum_i(Fe_hem_i/rho_fe_hem) + sum_i(Fe_carb_i/rho_fe_carb) + sum_i(Fe_sil_i/rho_fe_sil) + sum_i(Gangue_i/rho_gangue), eps)","rho_solid_mix_mixed = M_solid_mixed / max( sum_i(Fe_mag_i/rho_fe_mag) + sum_i(Fe_hem_i/rho_fe_hem) + sum_i(Fe_carb_i/rho_fe_carb) + sum_i(Fe_sil_i/rho_fe_sil) + sum_i(Gangue_i/rho_gangue), eps)"
F0026_406,406,4. 入口边界因果模型,,379,text,F200_mixed,"sum_i(M_solid_i*F200_i)/max(M_solid_mixed,eps)","F200_mixed = sum_i(M_solid_i*F200_i)/max(M_solid_mixed,eps)"
F0026_407,407,4. 入口边界因果模型,,379,text,F325_mixed,"sum_i(M_solid_i*F325_i)/max(M_solid_mixed,eps)","F325_mixed = sum_i(M_solid_i*F325_i)/max(M_solid_mixed,eps)"
F0026_408,408,4. 入口边界因果模型,,379,text,f25_mixed,"sum_i(M_solid_i*f25_i)/max(M_solid_mixed,eps)","f25_mixed = sum_i(M_solid_i*f25_i)/max(M_solid_mixed,eps)"
F0026_409,409,4. 入口边界因果模型,,379,text,Liberation_fe_mixed,"sum_i(M_solid_i*Liberation_fe_i)/max(M_solid_mixed,eps)","Liberation_fe_mixed = sum_i(M_solid_i*Liberation_fe_i)/max(M_solid_mixed,eps)"
F0026_410,410,4. 入口边界因果模型,,379,text,Liberation_gangue_mixed,"sum_i(M_solid_i*Liberation_gangue_i)/max(M_solid_mixed,eps)","Liberation_gangue_mixed = sum_i(M_solid_i*Liberation_gangue_i)/max(M_solid_mixed,eps)"
F0026_411,411,4. 入口边界因果模型,,379,text,T_slurry_mixed,"sum_i(M_wet_i*Cp_slurry_i*T_slurry_i)/max(sum_i(M_wet_i*Cp_slurry_i),eps)","T_slurry_mixed = sum_i(M_wet_i*Cp_slurry_i*T_slurry_i)/max(sum_i(M_wet_i*Cp_slurry_i),eps)"
F0027_417,417,4. 入口边界因果模型,,416,text,_x_d1,TFe_mixed,_x_d1=TFe_mixed
F0027_418,418,4. 入口边界因果模型,,416,text,_x_d2,"_x_r_carb_mixed or Fe_carb load, config must state exact meaning","_x_d2=_x_r_carb_mixed or Fe_carb load, config must state exact meaning"
F0027_419,419,4. 入口边界因果模型,,416,text,_x_d3,_x_d3_WI_mixed,_x_d3=_x_d3_WI_mixed
F0027_420,420,4. 入口边界因果模型,,416,text,_x_d4,water_pressure,_x_d4=water_pressure
F0027_421,421,4. 入口边界因果模型,,416,text,_x_m_ball,M_wet_mixed,_x_m_ball=M_wet_mixed
F0027_422,422,4. 入口边界因果模型,,416,text,_x_rho_ball,C_mixed,_x_rho_ball=C_mixed
F0028_432,432,4. 入口边界因果模型,,431,text,lab_{i}_eryi_tfe,"100*_x_eryi_line{i}_tfe+N(0,sigma_tfe_pct)","lab_{i}_eryi_tfe=100*_x_eryi_line{i}_tfe+N(0,sigma_tfe_pct)"
F0028_433,433,4. 入口边界因果模型,,431,text,lab_{i}_eryi_f200,"100*_x_eryi_line{i}_f200+N(0,sigma_f200_pct)","lab_{i}_eryi_f200=100*_x_eryi_line{i}_f200+N(0,sigma_f200_pct)"
F0030_461,461,5. 磁选因果模型,5.2 控制设定不得孤立,460,text,magnetic_difficulty,w_low_mag*(r_mag_ref-r_mag) + w_low_lib*(1-Liberation_fe) + w_coarse*(1-F200) + w_load*(Q_feed-Q_ref) + w_carb*r_carb + w_sil*r_sil,magnetic_difficulty = w_low_mag*(r_mag_ref-r_mag) + w_low_lib*(1-Liberation_fe) + w_coarse*(1-F200) + w_load*(Q_feed-Q_ref) + w_carb*r_carb + w_sil*r_sil
F0030_469,469,5. 磁选因果模型,5.2 控制设定不得孤立,460,text,I_exc_sp,"clip(I_nom + Kdiff_I*magnetic_difficulty - Kmag_I*(r_mag-r_mag_ref) + operator_trim_I + PRBS_mag_I, I_min,I_max)","I_exc_sp = clip(I_nom + Kdiff_I*magnetic_difficulty - Kmag_I*(r_mag-r_mag_ref) + operator_trim_I + PRBS_mag_I, I_min,I_max)"
F0030_476,476,5. 磁选因果模型,5.2 控制设定不得孤立,460,text,I_exc,"sat_act(I_exc_sp,I_min,I_max,tau_exc)","I_exc=sat_act(I_exc_sp,I_min,I_max,tau_exc)"
F0030_477,477,5. 磁选因果模型,5.2 控制设定不得孤立,460,text,B_eff,B_max*(1-exp(-I_exc/I_ref))*thermal_derate(T_coil),B_eff=B_max*(1-exp(-I_exc/I_ref))*thermal_derate(T_coil)
F0031_483,483,5. 磁选因果模型,5.2 控制设定不得孤立,482,text,f_pul_sp,"clip(f_pul_nom + Kcoarse_pul*(1-F325) + Kclay_pul*clay + Kslime_pul*f25 + Kload_pul*(Q_feed-Q_ref) + operator_trim_pul, f_pul_min,f_pul_max)","f_pul_sp=clip(f_pul_nom + Kcoarse_pul*(1-F325) + Kclay_pul*clay + Kslime_pul*f25 + Kload_pul*(Q_feed-Q_ref) + operator_trim_pul, f_pul_min,f_pul_max)"
F0031_490,490,5. 磁选因果模型,5.2 控制设定不得孤立,482,text,f_pul,"sat_act(f_pul_sp,f_pul_min,f_pul_max,tau_pul)","f_pul=sat_act(f_pul_sp,f_pul_min,f_pul_max,tau_pul)"
F0032_496,496,5. 磁选因果模型,5.2 控制设定不得孤立,495,text,clog_buildup,"c0 + c_clay*clay + c_f25*f25 + c_C*C + c_load*Q_feed/max(Q_ref,eps)","clog_buildup = c0 + c_clay*clay + c_f25*f25 + c_C*C + c_load*Q_feed/max(Q_ref,eps)"
F0032_502,502,5. 磁选因果模型,5.2 控制设定不得孤立,495,text,clog_wash,"c_flush_Q*Q_flush_lag/max(Q_flush_ref,eps) + c_pul_clog*f_pul_lag/max(f_pul_ref,eps)","clog_wash = c_flush_Q*Q_flush_lag/max(Q_flush_ref,eps) + c_pul_clog*f_pul_lag/max(f_pul_ref,eps)"
F0032_505,505,5. 磁选因果模型,5.2 控制设定不得孤立,495,text,matrix_clog,"clip(matrix_clog_prev+dt*(clog_buildup-clog_wash),0,1)","matrix_clog = clip(matrix_clog_prev+dt*(clog_buildup-clog_wash),0,1)"
F0032_507,507,5. 磁选因果模型,5.2 控制设定不得孤立,495,text,f_ring_sp,"clip(f_ring_nom + Kclog_ring*matrix_clog + Kcoarse_ring*(1-F200) + operator_trim_ring, f_ring_min,f_ring_max)","f_ring_sp=clip(f_ring_nom + Kclog_ring*matrix_clog + Kcoarse_ring*(1-F200) + operator_trim_ring, f_ring_min,f_ring_max)"
F0032_512,512,5. 磁选因果模型,5.2 控制设定不得孤立,495,text,f_ring,"sat_act(f_ring_sp,f_ring_min,f_ring_max,tau_ring)","f_ring=sat_act(f_ring_sp,f_ring_min,f_ring_max,tau_ring)"
F0033_518,518,5. 磁选因果模型,5.3 分选公式,517,text,capture_j,sigmoid(a0_j+aB_j*log(B_eff/B_ref)+aL_j*log(Liberation_j/L_ref) +aSize_j*(F200-F200_ref)+aC_j*(C-C_ref)-aQ_j*(Q_feed-Q_ref)),capture_j=sigmoid(a0_j+aB_j*log(B_eff/B_ref)+aL_j*log(Liberation_j/L_ref) +aSize_j*(F200-F200_ref)+aC_j*(C-C_ref)-aQ_j*(Q_feed-Q_ref))
F0033_521,521,5. 磁选因果模型,5.3 分选公式,517,text,E_pulse,exp(-((f_pul-f_pul_opt)/sigma_pul)^2),E_pulse=exp(-((f_pul-f_pul_opt)/sigma_pul)^2)
F0033_522,522,5. 磁选因果模型,5.3 分选公式,517,text,E_ring,exp(-((f_ring-f_ring_opt)/sigma_ring)^2)*(1-k_clog*matrix_clog),E_ring=exp(-((f_ring-f_ring_opt)/sigma_ring)^2)*(1-k_clog*matrix_clog)
F0033_523,523,5. 磁选因果模型,5.3 分选公式,517,text,E_level,exp(-((L_mag-L_ref)/sigma_L)^2),E_level=exp(-((L_mag-L_ref)/sigma_L)^2)
F0033_524,524,5. 磁选因果模型,5.3 分选公式,517,text,Entr,"clip( e0 + eC*C + ef25*f25 + eclay*clay + eL*(L_mag-L_ref) - e_pul*(f_pul-f_pul_min)/max(f_pul_ref,eps), 0,e_max)","Entr=clip( e0 + eC*C + ef25*f25 + eclay*clay + eL*(L_mag-L_ref) - e_pul*(f_pul-f_pul_min)/max(f_pul_ref,eps), 0,e_max)"
F0033_533,533,5. 磁选因果模型,5.3 分选公式,517,text,R_hm_j,"clip(capture_j*E_pulse*E_ring*E_level,0,Rmax_j)","R_hm_j=clip(capture_j*E_pulse*E_ring*E_level,0,Rmax_j)"
F0033_534,534,5. 磁选因果模型,5.3 分选公式,517,text,conc_j,R_hm_j*feed_j+Entr*Gangue*entr_share_j,conc_j=R_hm_j*feed_j+Entr*Gangue*entr_share_j
F0033_535,535,5. 磁选因果模型,5.3 分选公式,517,text,tail_j,feed_j-conc_j,tail_j=feed_j-conc_j
F0035_569,569,6. 塔磨与旋流器因果模型,6.2 泵池与旋流器,568,text,dL_pool/dt,(Q_in-Q_pump-Q_spill)/A_pool,dL_pool/dt=(Q_in-Q_pump-Q_spill)/A_pool
F0035_570,570,6. 塔磨与旋流器因果模型,6.2 泵池与旋流器,568,text,P_cyc_lag,"delay(P_cyc,L_pump_pressure)","P_cyc_lag=delay(P_cyc,L_pump_pressure)"
F0035_571,571,6. 塔磨与旋流器因果模型,6.2 泵池与旋流器,568,text,f_pump_sp,"clip(f0+Kp_L*(L_pool-L_sp)+Kp_P*(P_sp-P_cyc_lag)+Kff_Q*Q_in,f_min,f_max)","f_pump_sp=clip(f0+Kp_L*(L_pool-L_sp)+Kp_P*(P_sp-P_cyc_lag)+Kff_Q*Q_in,f_min,f_max)"
F0035_572,572,6. 塔磨与旋流器因果模型,6.2 泵池与旋流器,568,text,f_pump,"sat_act(f_pump_sp,f_min,f_max,tau_pump)","f_pump=sat_act(f_pump_sp,f_min,f_max,tau_pump)"
F0035_573,573,6. 塔磨与旋流器因果模型,6.2 泵池与旋流器,568,text,Q_pump,"k_pump*f_pump*(1-exp(-max(L_pool,0)/max(L_min_safe,eps)))*health_pump","Q_pump=k_pump*f_pump*(1-exp(-max(L_pool,0)/max(L_min_safe,eps)))*health_pump"
F0035_574,574,6. 塔磨与旋流器因果模型,6.2 泵池与旋流器,568,text,P_cyc,"clip(kP*rho_slurry*(Q_pump/max(N_cyc_on,1))^2,P_min,P_max)","P_cyc=clip(kP*rho_slurry*(Q_pump/max(N_cyc_on,1))^2,P_min,P_max)"
F0035_575,575,6. 塔磨与旋流器因果模型,6.2 泵池与旋流器,568,text,I_pump,I0+kf*f_pump^2+kQ*Q_pump+krho*rho_slurry+kmu*mu_slurry+kP_pump*P_cyc,I_pump=I0+kf*f_pump^2+kQ*Q_pump+krho*rho_slurry+kmu*mu_slurry+kP_pump*P_cyc
F0036_581,581,6. 塔磨与旋流器因果模型,6.2 泵池与旋流器,580,text,tau_cyc_pool,"max(L_pool*A_pool/max(Q_pump,eps),min_tau_cyc_pool)","tau_cyc_pool=max(L_pool*A_pool/max(Q_pump,eps),min_tau_cyc_pool)"
F0036_582,582,6. 塔磨与旋流器因果模型,6.2 泵池与旋流器,580,text,C_feed_in,"(M_mag_conc_solid+M_tm_discharge_solid_prev)/max(M_mag_conc_wet+M_tm_discharge_wet_prev+M_water_add,eps)","C_feed_in=(M_mag_conc_solid+M_tm_discharge_solid_prev)/max(M_mag_conc_wet+M_tm_discharge_wet_prev+M_water_add,eps)"
F0036_583,583,6. 塔磨与旋流器因果模型,6.2 泵池与旋流器,580,text,F325_feed_in,"(M_mag_conc_solid*F325_mag_conc+M_tm_discharge_solid_prev*F325_discharge_prev)/max(M_mag_conc_solid+M_tm_discharge_solid_prev,eps)","F325_feed_in=(M_mag_conc_solid*F325_mag_conc+M_tm_discharge_solid_prev*F325_discharge_prev)/max(M_mag_conc_solid+M_tm_discharge_solid_prev,eps)"
F0036_584,584,6. 塔磨与旋流器因果模型,6.2 泵池与旋流器,580,text,Liberation_fe_feed_in,"(M_mag_conc_solid*Liberation_fe_mag_conc+M_tm_discharge_solid_prev*Liberation_fe_discharge_prev)/max(M_mag_conc_solid+M_tm_discharge_solid_prev,eps)","Liberation_fe_feed_in=(M_mag_conc_solid*Liberation_fe_mag_conc+M_tm_discharge_solid_prev*Liberation_fe_discharge_prev)/max(M_mag_conc_solid+M_tm_discharge_solid_prev,eps)"
F0036_585,585,6. 塔磨与旋流器因果模型,6.2 泵池与旋流器,580,text,Liberation_gangue_feed_in,"(M_mag_conc_solid*Liberation_gangue_mag_conc+M_tm_discharge_solid_prev*Liberation_gangue_discharge_prev)/max(M_mag_conc_solid+M_tm_discharge_solid_prev,eps)","Liberation_gangue_feed_in=(M_mag_conc_solid*Liberation_gangue_mag_conc+M_tm_discharge_solid_prev*Liberation_gangue_discharge_prev)/max(M_mag_conc_solid+M_tm_discharge_solid_prev,eps)"
F0036_586,586,6. 塔磨与旋流器因果模型,6.2 泵池与旋流器,580,text,WI_feed_in,"(M_mag_conc_solid*WI_mag_conc+M_tm_discharge_solid_prev*WI_discharge_prev)/max(M_mag_conc_solid+M_tm_discharge_solid_prev,eps)","WI_feed_in=(M_mag_conc_solid*WI_mag_conc+M_tm_discharge_solid_prev*WI_discharge_prev)/max(M_mag_conc_solid+M_tm_discharge_solid_prev,eps)"
F0036_588,588,6. 塔磨与旋流器因果模型,6.2 泵池与旋流器,580,text,C_feed,"C_feed_prev+(dt/max(tau_cyc_pool,eps))*(C_feed_in-C_feed_prev)","C_feed=C_feed_prev+(dt/max(tau_cyc_pool,eps))*(C_feed_in-C_feed_prev)"
F0036_589,589,6. 塔磨与旋流器因果模型,6.2 泵池与旋流器,580,text,F325_feed,"F325_feed_prev+(dt/max(tau_cyc_pool,eps))*(F325_feed_in-F325_feed_prev)","F325_feed=F325_feed_prev+(dt/max(tau_cyc_pool,eps))*(F325_feed_in-F325_feed_prev)"
F0036_590,590,6. 塔磨与旋流器因果模型,6.2 泵池与旋流器,580,text,Liberation_fe_feed,"Liberation_fe_feed_prev+(dt/max(tau_cyc_pool,eps))*(Liberation_fe_feed_in-Liberation_fe_feed_prev)","Liberation_fe_feed=Liberation_fe_feed_prev+(dt/max(tau_cyc_pool,eps))*(Liberation_fe_feed_in-Liberation_fe_feed_prev)"
F0036_591,591,6. 塔磨与旋流器因果模型,6.2 泵池与旋流器,580,text,Liberation_gangue_feed,"Liberation_gangue_feed_prev+(dt/max(tau_cyc_pool,eps))*(Liberation_gangue_feed_in-Liberation_gangue_feed_prev)","Liberation_gangue_feed=Liberation_gangue_feed_prev+(dt/max(tau_cyc_pool,eps))*(Liberation_gangue_feed_in-Liberation_gangue_feed_prev)"
F0036_592,592,6. 塔磨与旋流器因果模型,6.2 泵池与旋流器,580,text,WI_feed,"WI_feed_prev+(dt/max(tau_cyc_pool,eps))*(WI_feed_in-WI_feed_prev)","WI_feed=WI_feed_prev+(dt/max(tau_cyc_pool,eps))*(WI_feed_in-WI_feed_prev)"
F0037_598,598,6. 塔磨与旋流器因果模型,6.2 泵池与旋流器,597,text,d50,"d50_ref*(P_ref/max(P_cyc,eps))^aP*(C/C_ref)^aC*(mu_slurry/mu_ref)^amu","d50=d50_ref*(P_ref/max(P_cyc,eps))^aP*(C/C_ref)^aC*(mu_slurry/mu_ref)^amu"
F0037_599,599,6. 塔磨与旋流器因果模型,6.2 泵池与旋流器,597,text,alpha_ov,"clip(sigmoid(kF*(F325_feed-F325_ref)+kP*(P_cyc-P_ref)-kC*(C-C_ref)-kmu*(mu_slurry-mu_ref)),0,1)","alpha_ov=clip(sigmoid(kF*(F325_feed-F325_ref)+kP*(P_cyc-P_ref)-kC*(C-C_ref)-kmu*(mu_slurry-mu_ref)),0,1)"
F0037_600,600,6. 塔磨与旋流器因果模型,6.2 泵池与旋流器,597,text,overflow_j,"feed_j*partition_fine_j(d50,alpha_ov)","overflow_j=feed_j*partition_fine_j(d50,alpha_ov)"
F0037_601,601,6. 塔磨与旋流器因果模型,6.2 泵池与旋流器,597,text,sand_j,feed_j-overflow_j,sand_j=feed_j-overflow_j
F0037_603,603,6. 塔磨与旋流器因果模型,6.2 泵池与旋流器,597,text,M_overflow_solid,feed_solid*alpha_ov,M_overflow_solid = feed_solid*alpha_ov
F0037_604,604,6. 塔磨与旋流器因果模型,6.2 泵池与旋流器,597,text,M_sand_solid,feed_solid-M_overflow_solid,M_sand_solid = feed_solid-M_overflow_solid
F0037_606,606,6. 塔磨与旋流器因果模型,6.2 泵池与旋流器,597,text,alpha_ov_water,"clip(alpha_ov*k_water_split,0,1)","alpha_ov_water = clip(alpha_ov*k_water_split,0,1)"
F0037_607,607,6. 塔磨与旋流器因果模型,6.2 泵池与旋流器,597,text,M_overflow_water,feed_water*alpha_ov_water,M_overflow_water = feed_water*alpha_ov_water
F0037_608,608,6. 塔磨与旋流器因果模型,6.2 泵池与旋流器,597,text,M_sand_water,feed_water-M_overflow_water,M_sand_water = feed_water-M_overflow_water
F0037_610,610,6. 塔磨与旋流器因果模型,6.2 泵池与旋流器,597,text,Q_overflow,M_overflow_solid/rho_solid_mix + M_overflow_water/rho_water,Q_overflow = M_overflow_solid/rho_solid_mix + M_overflow_water/rho_water
F0037_611,611,6. 塔磨与旋流器因果模型,6.2 泵池与旋流器,597,text,rho_overflow,"(M_overflow_solid+M_overflow_water)/max(Q_overflow,eps)","rho_overflow = (M_overflow_solid+M_overflow_water)/max(Q_overflow,eps)"
F0037_613,613,6. 塔磨与旋流器因果模型,6.2 泵池与旋流器,597,text,F325_overflow,"clip(F325_feed*k_fine_enrich/max(alpha_ov,eps),F325_feed,1.0)","F325_overflow = clip(F325_feed*k_fine_enrich/max(alpha_ov,eps),F325_feed,1.0)"
F0037_614,614,6. 塔磨与旋流器因果模型,6.2 泵池与旋流器,597,text,Liberation_fe_overflow,"clip(Liberation_fe_feed*k_lib_fe_enrich,Liberation_fe_feed,1.0)","Liberation_fe_overflow = clip(Liberation_fe_feed*k_lib_fe_enrich,Liberation_fe_feed,1.0)"
F0037_615,615,6. 塔磨与旋流器因果模型,6.2 泵池与旋流器,597,text,Liberation_gangue_overflow,"clip(Liberation_gangue_feed*k_lib_g_enrich,Liberation_gangue_feed,1.0)","Liberation_gangue_overflow = clip(Liberation_gangue_feed*k_lib_g_enrich,Liberation_gangue_feed,1.0)"
F0037_617,617,6. 塔磨与旋流器因果模型,6.2 泵池与旋流器,597,text,F325_sand,"clip( (F325_feed-F325_overflow*alpha_ov)/max(1-alpha_ov,eps), 0,F325_feed)","F325_sand = clip( (F325_feed-F325_overflow*alpha_ov)/max(1-alpha_ov,eps), 0,F325_feed)"
F0037_620,620,6. 塔磨与旋流器因果模型,6.2 泵池与旋流器,597,text,Liberation_fe_sand,"clip( (Liberation_fe_feed-Liberation_fe_overflow*alpha_ov)/max(1-alpha_ov,eps), 0,Liberation_fe_feed)","Liberation_fe_sand = clip( (Liberation_fe_feed-Liberation_fe_overflow*alpha_ov)/max(1-alpha_ov,eps), 0,Liberation_fe_feed)"
F0037_623,623,6. 塔磨与旋流器因果模型,6.2 泵池与旋流器,597,text,Liberation_gangue_sand,"clip( (Liberation_gangue_feed-Liberation_gangue_overflow*alpha_ov)/max(1-alpha_ov,eps), 0,Liberation_gangue_feed)","Liberation_gangue_sand = clip( (Liberation_gangue_feed-Liberation_gangue_overflow*alpha_ov)/max(1-alpha_ov,eps), 0,Liberation_gangue_feed)"
F0037_627,627,6. 塔磨与旋流器因果模型,6.2 泵池与旋流器,597,text,T_slurry_overflow,"T_slurry_feed-k_cool_cyc*max(T_slurry_feed-T_amb,0)","T_slurry_overflow = T_slurry_feed-k_cool_cyc*max(T_slurry_feed-T_amb,0)"
F0037_628,628,6. 塔磨与旋流器因果模型,6.2 泵池与旋流器,597,text,T_slurry_sand,"T_slurry_feed-k_cool_sand*max(T_slurry_feed-T_amb,0)","T_slurry_sand = T_slurry_feed-k_cool_sand*max(T_slurry_feed-T_amb,0)"
F0038_634,634,6. 塔磨与旋流器因果模型,6.3 塔磨功耗和解离,633,text,inst_circ_load,"M_sand/max(M_overflow,eps)","inst_circ_load=M_sand/max(M_overflow,eps)"
F0038_635,635,6. 塔磨与旋流器因果模型,6.3 塔磨功耗和解离,633,text,circulating_load,"clip(inst_circ_load,0.0,5.0)","circulating_load=clip(inst_circ_load,0.0,5.0)"
F0038_636,636,6. 塔磨与旋流器因果模型,6.3 塔磨功耗和解离,633,text,circulating_load_lag,"delay(circulating_load,L_sand_control)","circulating_load_lag=delay(circulating_load,L_sand_control)"
F0038_637,637,6. 塔磨与旋流器因果模型,6.3 塔磨功耗和解离,633,text,M_mill_water_in,M_sand_water+Q_sand_water_phys*rho_water,M_mill_water_in=M_sand_water+Q_sand_water_phys*rho_water
F0038_638,638,6. 塔磨与旋流器因果模型,6.3 塔磨功耗和解离,633,text,C_mill,"M_sand/max(M_sand+M_mill_water_in,eps)","C_mill=M_sand/max(M_sand+M_mill_water_in,eps)"
F0038_639,639,6. 塔磨与旋流器因果模型,6.3 塔磨功耗和解离,633,text,WI_mill,WI_sand,WI_mill=WI_sand
F0038_641,641,6. 塔磨与旋流器因果模型,6.3 塔磨功耗和解离,633,text,grind_difficulty,kWI*(WI_mill-WI_ref) + kcoarse*(1-F325_sand) + kC*(C_mill-C_opt)^2 + kmu*(mu_slurry-mu_ref) + kCL*(circulating_load-CL_ref),grind_difficulty = kWI*(WI_mill-WI_ref) + kcoarse*(1-F325_sand) + kC*(C_mill-C_opt)^2 + kmu*(mu_slurry-mu_ref) + kCL*(circulating_load-CL_ref)
F0038_648,648,6. 塔磨与旋流器因果模型,6.3 塔磨功耗和解离,633,text,P_mech_ss,P_idle+P_media+kM*M_sand*(1+grind_difficulty),P_mech_ss=P_idle+P_media+kM*M_sand*(1+grind_difficulty)
F0038_649,649,6. 塔磨与旋流器因果模型,6.3 塔磨功耗和解离,633,text,P_mech,"ZOH(P_mech,clip(P_mech_ss,0,1.15*P_rated),tau_P)","P_mech=ZOH(P_mech,clip(P_mech_ss,0,1.15*P_rated),tau_P)"
F0038_650,650,6. 塔磨与旋流器因果模型,6.3 塔磨功耗和解离,633,text,I_tm,P_mech/(sqrt(3)*V_motor*pf*eta),I_tm=P_mech/(sqrt(3)*V_motor*pf*eta)
F0038_652,652,6. 塔磨与旋流器因果模型,6.3 塔磨功耗和解离,633,text,E_spec,"P_mech/max(M_sand,eps)","E_spec=P_mech/max(M_sand,eps)"
F0038_653,653,6. 塔磨与旋流器因果模型,6.3 塔磨功耗和解离,633,text,F325_discharge_inst,"clip(F325_sand+kE*log1p(E_spec/max(WI_mill,eps))-k_over*f25,0,1)","F325_discharge_inst=clip(F325_sand+kE*log1p(E_spec/max(WI_mill,eps))-k_over*f25,0,1)"
F0038_654,654,6. 塔磨与旋流器因果模型,6.3 塔磨功耗和解离,633,text,Liberation_fe_discharge_inst,"clip( Liberation_fe_sand + k_lib_fe*(E_spec/max(WI_mill,eps))*liberation_potential*(1-Liberation_fe_sand), 0,1)","Liberation_fe_discharge_inst = clip( Liberation_fe_sand + k_lib_fe*(E_spec/max(WI_mill,eps))*liberation_potential*(1-Liberation_fe_sand), 0,1)"
F0038_658,658,6. 塔磨与旋流器因果模型,6.3 塔磨功耗和解离,633,text,Liberation_gangue_discharge_inst,"clip( Liberation_gangue_sand + k_lib_g*(E_spec/max(WI_mill,eps))*liberation_potential*(1-Liberation_gangue_sand), 0,1)","Liberation_gangue_discharge_inst = clip( Liberation_gangue_sand + k_lib_g*(E_spec/max(WI_mill,eps))*liberation_potential*(1-Liberation_gangue_sand), 0,1)"
F0038_663,663,6. 塔磨与旋流器因果模型,6.3 塔磨功耗和解离,633,text,delta_T_mill,"P_mech*k_heat_conv/max(Q_pump*rho_slurry*Cp_slurry,eps)","delta_T_mill = P_mech*k_heat_conv/max(Q_pump*rho_slurry*Cp_slurry,eps)"
F0038_664,664,6. 塔磨与旋流器因果模型,6.3 塔磨功耗和解离,633,text,T_slurry_discharge_inst,"T_slurry_sand + delta_T_mill - k_cool_pipe*max(T_slurry_sand-T_amb,0)","T_slurry_discharge_inst = T_slurry_sand + delta_T_mill - k_cool_pipe*max(T_slurry_sand-T_amb,0)"
F0038_669,669,6. 塔磨与旋流器因果模型,6.3 塔磨功耗和解离,633,text,F325_discharge,"F325_discharge_prev+(dt/max(tau_mill_residence,eps))*(F325_discharge_inst-F325_discharge_prev)","F325_discharge=F325_discharge_prev+(dt/max(tau_mill_residence,eps))*(F325_discharge_inst-F325_discharge_prev)"
F0038_670,670,6. 塔磨与旋流器因果模型,6.3 塔磨功耗和解离,633,text,Liberation_fe_discharge,"Liberation_fe_discharge_prev+(dt/max(tau_mill_residence,eps))*(Liberation_fe_discharge_inst-Liberation_fe_discharge_prev)","Liberation_fe_discharge=Liberation_fe_discharge_prev+(dt/max(tau_mill_residence,eps))*(Liberation_fe_discharge_inst-Liberation_fe_discharge_prev)"
F0038_671,671,6. 塔磨与旋流器因果模型,6.3 塔磨功耗和解离,633,text,Liberation_gangue_discharge,"Liberation_gangue_discharge_prev+(dt/max(tau_mill_residence,eps))*(Liberation_gangue_discharge_inst-Liberation_gangue_discharge_prev)","Liberation_gangue_discharge=Liberation_gangue_discharge_prev+(dt/max(tau_mill_residence,eps))*(Liberation_gangue_discharge_inst-Liberation_gangue_discharge_prev)"
F0038_672,672,6. 塔磨与旋流器因果模型,6.3 塔磨功耗和解离,633,text,T_slurry_discharge,"T_slurry_discharge_prev+(dt/max(tau_mill_residence,eps))*(T_slurry_discharge_inst-T_slurry_discharge_prev)","T_slurry_discharge=T_slurry_discharge_prev+(dt/max(tau_mill_residence,eps))*(T_slurry_discharge_inst-T_slurry_discharge_prev)"
F0038_673,673,6. 塔磨与旋流器因果模型,6.3 塔磨功耗和解离,633,text,WI_discharge,WI_mill,WI_discharge=WI_mill
F0041_723,723,7. 浮选因果模型,7.2 浮选前浓缩,722,text,dM_NT_solid/dt,M_in_solid-M_under_solid-M_over_solid,dM_NT_solid/dt=M_in_solid-M_under_solid-M_over_solid
F0041_724,724,7. 浮选因果模型,7.2 浮选前浓缩,722,text,dV_NT_water/dt,Q_in_water-Q_under_water-Q_over_water,dV_NT_water/dt=Q_in_water-Q_under_water-Q_over_water
F0041_725,725,7. 浮选因果模型,7.2 浮选前浓缩,722,text,L_NT,(M_NT_solid/rho_solid_mix+V_NT_water)/A_NT,L_NT=(M_NT_solid/rho_solid_mix+V_NT_water)/A_NT
F0041_726,726,7. 浮选因果模型,7.2 浮选前浓缩,722,text,C_under_sp,"clip(C_nom+Kbed*(L_NT-L_ref)+Kload*(M_in-M_ref),C_min,C_max)","C_under_sp=clip(C_nom+Kbed*(L_NT-L_ref)+Kload*(M_in-M_ref),C_min,C_max)"
F0041_727,727,7. 浮选因果模型,7.2 浮选前浓缩,722,text,C_under,"ZOH(C_under,C_under_sp,tau_C)","C_under=ZOH(C_under,C_under_sp,tau_C)"
F0041_728,728,7. 浮选因果模型,7.2 浮选前浓缩,722,text,rho_under,"rho_slurry(C_under,rho_solid_mix)","rho_under=rho_slurry(C_under,rho_solid_mix)"
F0041_729,729,7. 浮选因果模型,7.2 浮选前浓缩,722,text,T_under,"T_NT_in-k_cool_NT*max(T_NT_in-T_amb,0)","T_under=T_NT_in-k_cool_NT*max(T_NT_in-T_amb,0)"
F0041_730,730,7. 浮选因果模型,7.2 浮选前浓缩,722,text,mu_under,"mu_slurry(C_under,clay,f25,r_sil,T_under)","mu_under=mu_slurry(C_under,clay,f25,r_sil,T_under)"
F0041_731,731,7. 浮选因果模型,7.2 浮选前浓缩,722,text,I_NT,I0+kM*M_solid+kmu*mu_under+kbed*bed_mass,I_NT=I0+kM*M_solid+kmu*mu_under+kbed*bed_mass
F0043_746,746,7. 浮选因果模型,7.3 药剂控制,745,text,floatability_difficulty,w_carb*r_carb + w_sil*r_sil + w_fine*f25 + w_coarse*(1-F325) + w_low_lib*(1-Liberation_gangue) + w_density*abs(C-C_opt) + w_clay*clay,floatability_difficulty = w_carb*r_carb + w_sil*r_sil + w_fine*f25 + w_coarse*(1-F325) + w_low_lib*(1-Liberation_gangue) + w_density*abs(C-C_opt) + w_clay*clay
F0043_755,755,7. 浮选因果模型,7.3 药剂控制,745,text,froth_error,h_ref-h_froth_sensor,froth_error = h_ref-h_froth_sensor
F0043_756,756,7. 浮选因果模型,7.3 药剂控制,745,text,selectivity_proxy,q_pH*exp(-((pH-pH_opt)/sigma_pH)^2) + q_lib*Liberation_gangue - q_Ca*Ca2_effect - q_slime*f25,selectivity_proxy = q_pH*exp(-((pH-pH_opt)/sigma_pH)^2) + q_lib*Liberation_gangue - q_Ca*Ca2_effect - q_slime*f25
F0043_762,762,7. 浮选因果模型,7.3 药剂控制,745,text,dose_need_TD_rough,d0_td_r + Kload_td*M_feed_solid + Kdiff_td*floatability_difficulty + Kfroth_td*froth_error + operator_trim_td + PRBS_TD,dose_need_TD_rough = d0_td_r + Kload_td*M_feed_solid + Kdiff_td*floatability_difficulty + Kfroth_td*froth_error + operator_trim_td + PRBS_TD
F0043_770,770,7. 浮选因果模型,7.3 药剂控制,745,text,dose_need_TD_clean,d0_td_c + Kproxy_td*(quality_proxy_ref-quality_proxy_s) + Kdiff_clean*floatability_difficulty + operator_trim_td_clean,dose_need_TD_clean = d0_td_c + Kproxy_td*(quality_proxy_ref-quality_proxy_s) + Kdiff_clean*floatability_difficulty + operator_trim_td_clean
F0043_776,776,7. 浮选因果模型,7.3 药剂控制,745,text,dose_need_DF_K6,d0_k6 + Kslime_k6*f25 + Ksil_k6*r_sil + Kcarb_k6*r_carb + Kselect_k6*(selectivity_ref-selectivity_proxy),dose_need_DF_K6 = d0_k6 + Kslime_k6*f25 + Ksil_k6*r_sil + Kcarb_k6*r_carb + Kselect_k6*(selectivity_ref-selectivity_proxy)
F0043_783,783,7. 浮选因果模型,7.3 药剂控制,745,text,f_j_sp,"dose_to_freq(dose_need_j,M_feed_solid)","f_j_sp=dose_to_freq(dose_need_j,M_feed_solid)"
F0043_784,784,7. 浮选因果模型,7.3 药剂控制,745,text,f_j,"sat_act(f_j_sp,f_min_j,f_max_j,tau_j)","f_j=sat_act(f_j_sp,f_min_j,f_max_j,tau_j)"
F0043_785,785,7. 浮选因果模型,7.3 药剂控制,745,text,Q_j_ml_s,"max(k_pump_j*f_j*health_j+noise,0)","Q_j_ml_s=max(k_pump_j*f_j*health_j+noise,0)"
F0043_786,786,7. 浮选因果模型,7.3 药剂控制,745,text,dose_j_kg_t,"Q_j_ml_s*3.6*rho_j_kg_L*active_j/max(M_feed_solid_tph,eps)","dose_j_kg_t=Q_j_ml_s*3.6*rho_j_kg_L*active_j/max(M_feed_solid_tph,eps)"
F0045_802,802,7. 浮选因果模型,7.4 NaOH/CaO/pH/Ca2+,801,text,pH_sp,"clip(pH_nom + Kcarb_sp*(r_carb-r_carb_ref) + Ksil_sp*(r_sil-r_sil_ref) + operator_trim_pH + PRBS_pH, pH_min,pH_max)","pH_sp=clip(pH_nom + Kcarb_sp*(r_carb-r_carb_ref) + Ksil_sp*(r_sil-r_sil_ref) + operator_trim_pH + PRBS_pH, pH_min,pH_max)"
F0045_809,809,7. 浮选因果模型,7.4 NaOH/CaO/pH/Ca2+,801,text,dose_need_naoh,d0_naoh+Kp_pH*(pH_sp-pH_sensor)+Kbuf_naoh*buffer_capacity+Kflow_naoh*M_feed_solid,dose_need_naoh=d0_naoh+Kp_pH*(pH_sp-pH_sensor)+Kbuf_naoh*buffer_capacity+Kflow_naoh*M_feed_solid
F0045_810,810,7. 浮选因果模型,7.4 NaOH/CaO/pH/Ca2+,801,text,dose_need_cao,d0_cao+Kcarb_cao*r_carb+Ksil_cao*r_sil+Kbuf_cao*buffer_capacity,dose_need_cao=d0_cao+Kcarb_cao*r_carb+Ksil_cao*r_sil+Kbuf_cao*buffer_capacity
F0045_812,812,7. 浮选因果模型,7.4 NaOH/CaO/pH/Ca2+,801,text,OH_effect,k_naoh_oh*dose_naoh_kg_t+k_cao_oh*dose_cao_kg_t,OH_effect=k_naoh_oh*dose_naoh_kg_t+k_cao_oh*dose_cao_kg_t
F0045_813,813,7. 浮选因果模型,7.4 NaOH/CaO/pH/Ca2+,801,text,Ca2_effect,k_cao_ca*dose_cao_kg_t,Ca2_effect=k_cao_ca*dose_cao_kg_t
F0045_814,814,7. 浮选因果模型,7.4 NaOH/CaO/pH/Ca2+,801,text,pH_ss,"pH_base+k_pH*log1p(OH_effect/max(buffer_capacity,eps))","pH_ss=pH_base+k_pH*log1p(OH_effect/max(buffer_capacity,eps))"
F0045_815,815,7. 浮选因果模型,7.4 NaOH/CaO/pH/Ca2+,801,text,pH,"ZOH(pH,pH_ss,tau_pH)+process_noise","pH=ZOH(pH,pH_ss,tau_pH)+process_noise"
F0045_817,817,7. 浮选因果模型,7.4 NaOH/CaO/pH/Ca2+,801,text,E_Ca2_sil,1+a_Ca_sil*sigmoid((Ca2_effect-Ca_sil0)/s_Ca_sil),E_Ca2_sil=1+a_Ca_sil*sigmoid((Ca2_effect-Ca_sil0)/s_Ca_sil)
F0045_818,818,7. 浮选因果模型,7.4 NaOH/CaO/pH/Ca2+,801,text,E_Ca2_carb,1+a_Ca_carb*sigmoid((Ca2_effect-Ca_carb0)/s_Ca_carb),E_Ca2_carb=1+a_Ca_carb*sigmoid((Ca2_effect-Ca_carb0)/s_Ca_carb)
F0047_832,832,7. 浮选因果模型,7.5 气量和泡沫控制,831,text,hydrophobic_load,M_froth_gangue + M_froth_fe_sil + M_froth_fe_carb + k_fe_froth*(M_froth_fe_mag+M_froth_fe_hem),hydrophobic_load = M_froth_gangue + M_froth_fe_sil + M_froth_fe_carb + k_fe_froth*(M_froth_fe_mag+M_froth_fe_hem)
F0047_838,838,7. 浮选因果模型,7.5 气量和泡沫控制,831,text,Q_air_sp,"clip(Q_air_nom + Kh*(h_ref-h_froth_sensor) + Kload*(M_feed_solid-M_ref) + Khydro*(hydrophobic_load-hydro_ref) + Kdensity*(C-C_ref) + operator_trim_air + PRBS_air, Q_air_min,Q_air_max)","Q_air_sp=clip(Q_air_nom + Kh*(h_ref-h_froth_sensor) + Kload*(M_feed_solid-M_ref) + Khydro*(hydrophobic_load-hydro_ref) + Kdensity*(C-C_ref) + operator_trim_air + PRBS_air, Q_air_min,Q_air_max)"
F0047_847,847,7. 浮选因果模型,7.5 气量和泡沫控制,831,text,u_bv,"sat_act(valve_from_air_sp(Q_air_sp,P_blower,P_cell),0.1,0.9,tau_bv)","u_bv=sat_act(valve_from_air_sp(Q_air_sp,P_blower,P_cell),0.1,0.9,tau_bv)"
F0047_848,848,7. 浮选因果模型,7.5 气量和泡沫控制,831,text,Q_air,"C_orifice*u_bv*sqrt(max(P_blower-P_cell,0))","Q_air=C_orifice*u_bv*sqrt(max(P_blower-P_cell,0))"
F0048_854,854,7. 浮选因果模型,7.5 气量和泡沫控制,853,text,scraper_speed,"clip( scraper_nom+K_scrape_P*max(h_froth-h_scrape_ref,0), speed_min,speed_max)","scraper_speed = clip( scraper_nom+K_scrape_P*max(h_froth-h_scrape_ref,0), speed_min,speed_max)"
F0048_858,858,7. 浮选因果模型,7.5 气量和泡沫控制,853,text,froth_stability,s0 + s_TD*dose_TD + s_K6*dose_DF_K6 + s_f25*f25 + s_C*C + s_Ca*Ca2_effect + s_lib*Liberation_gangue + s_clay*clay,froth_stability = s0 + s_TD*dose_TD + s_K6*dose_DF_K6 + s_f25*f25 + s_C*C + s_Ca*Ca2_effect + s_lib*Liberation_gangue + s_clay*clay
F0048_868,868,7. 浮选因果模型,7.5 气量和泡沫控制,853,text,h_ss,"k_h*Q_air*hydrophobic_load*froth_stability/max(k_collapse+k_scrape*scraper_speed,eps)","h_ss=k_h*Q_air*hydrophobic_load*froth_stability/max(k_collapse+k_scrape*scraper_speed,eps)"
F0048_869,869,7. 浮选因果模型,7.5 气量和泡沫控制,853,text,h_froth,"ZOH(h_froth,clip(h_ss,0,h_max),tau_froth)","h_froth=ZOH(h_froth,clip(h_ss,0,h_max),tau_froth)"
F0049_875,875,7. 浮选因果模型,7.5 气量和泡沫控制,874,text,fx_s{s}_{c}_froth_h,,fx_s{s}_{c}_froth_h =
F0049_876,876,7. 浮选因果模型,7.5 气量和泡沫控制,874,text,"ifevent_froth_fault_{s,c}",1: fault_value else: 按第 10.4 节 `h_froth -> x_lpf -> x_dcs` 展开,"if event_froth_fault_{s,c}=1: fault_value else: 按第 10.4 节 `h_froth -> x_lpf -> x_dcs` 展开"
F0050_888,888,7. 浮选因果模型,7.6 液位、流量、停留时间,887,text,gas_holdup,"clip(k_gas*Q_air*(1+k_mu_gas*max(mu_slurry-mu_ref,0)),0,gas_holdup_max)","gas_holdup=clip(k_gas*Q_air*(1+k_mu_gas*max(mu_slurry-mu_ref,0)),0,gas_holdup_max)"
F0050_889,889,7. 浮选因果模型,7.6 液位、流量、停留时间,887,text,L_cell_aerated,"L_cell/max(1-gas_holdup,eps)","L_cell_aerated=L_cell/max(1-gas_holdup,eps)"
F0050_890,890,7. 浮选因果模型,7.6 液位、流量、停留时间,887,text,u_lv_sp,"clip(u0+Kp_L*(L_sp-L_cell_aerated_lag)+Ki_L*int(L_sp-L_cell_aerated_lag),0,1)","u_lv_sp=clip(u0+Kp_L*(L_sp-L_cell_aerated_lag)+Ki_L*int(L_sp-L_cell_aerated_lag),0,1)"
F0050_891,891,7. 浮选因果模型,7.6 液位、流量、停留时间,887,text,u_lv_fb,"sat_act(u_lv_sp,0,1,tau_lv)","u_lv_fb=sat_act(u_lv_sp,0,1,tau_lv)"
F0050_892,892,7. 浮选因果模型,7.6 液位、流量、停留时间,887,text,Q_out_cell,"Cv_lv*u_lv_fb*sqrt(max(L_cell,0))","Q_out_cell=Cv_lv*u_lv_fb*sqrt(max(L_cell,0))"
F0050_893,893,7. 浮选因果模型,7.6 液位、流量、停留时间,887,text,V_pulp_actual,"A_cell*max(L_cell,0)","V_pulp_actual=A_cell*max(L_cell,0)"
F0050_894,894,7. 浮选因果模型,7.6 液位、流量、停留时间,887,text,tau_stage_h,"V_pulp_actual/max(Q_out_cell,eps)","tau_stage_h=V_pulp_actual/max(Q_out_cell,eps)"
F0050_895,895,7. 浮选因果模型,7.6 液位、流量、停留时间,887,text,Q_froth_cell,"sum_j(froth_j)/max(rho_froth_mix,eps)","Q_froth_cell = sum_j(froth_j)/max(rho_froth_mix,eps)"
F0050_896,896,7. 浮选因果模型,7.6 液位、流量、停留时间,887,text,dL_cell/dt,(Q_in_cell-Q_out_cell-Q_froth_cell)/A_cell,dL_cell/dt=(Q_in_cell-Q_out_cell-Q_froth_cell)/A_cell
F0052_912,912,7. 浮选因果模型,7.7 浮选速率和组分分流,911,text,entrainment_factor,"e0 + e_f25*f25 + e_clay*clay + e_C*C + e_mu*max(mu_slurry-mu_ref,0)","entrainment_factor = e0 + e_f25*f25 + e_clay*clay + e_C*C + e_mu*max(mu_slurry-mu_ref,0)"
F0052_919,919,7. 浮选因果模型,7.7 浮选速率和组分分流,911,text,dose_TD_effective,"dose_TD_effective_prev+(dt/max(tau_adsorption_TD,eps))*(dose_TD-dose_TD_effective_prev)","dose_TD_effective=dose_TD_effective_prev+(dt/max(tau_adsorption_TD,eps))*(dose_TD-dose_TD_effective_prev)"
F0052_920,920,7. 浮选因果模型,7.7 浮选速率和组分分流,911,text,dose_DF_K6_effective,"dose_DF_K6_effective_prev+(dt/max(tau_adsorption_K6,eps))*(dose_DF_K6-dose_DF_K6_effective_prev)","dose_DF_K6_effective=dose_DF_K6_effective_prev+(dt/max(tau_adsorption_K6,eps))*(dose_DF_K6-dose_DF_K6_effective_prev)"
F0052_922,922,7. 浮选因果模型,7.7 浮选速率和组分分流,911,text,E_collector,sigmoid(a1*(dose_TD_effective-dose_low))*sigmoid(a2*(dose_high-dose_TD_effective)),E_collector=sigmoid(a1*(dose_TD_effective-dose_low))*sigmoid(a2*(dose_high-dose_TD_effective))
F0052_923,923,7. 浮选因果模型,7.7 浮选速率和组分分流,911,text,E_depressant,sigmoid(kK6*(dose_DF_K6_effective-dose_K6_ref)),E_depressant=sigmoid(kK6*(dose_DF_K6_effective-dose_K6_ref))
F0052_924,924,7. 浮选因果模型,7.7 浮选速率和组分分流,911,text,E_pH,exp(-((pH-pH_opt)/sigma_pH)^2),E_pH=exp(-((pH-pH_opt)/sigma_pH)^2)
F0052_925,925,7. 浮选因果模型,7.7 浮选速率和组分分流,911,text,E_air,sigmoid(k1*(Q_air-Q_low))*sigmoid(k2*(Q_high-Q_air)),E_air=sigmoid(k1*(Q_air-Q_low))*sigmoid(k2*(Q_high-Q_air))
F0052_926,926,7. 浮选因果模型,7.7 浮选速率和组分分流,911,text,E_density,exp(-((C-C_opt)/sigma_C)^2),E_density=exp(-((C-C_opt)/sigma_C)^2)
F0052_927,927,7. 浮选因果模型,7.7 浮选速率和组分分流,911,text,E_size,sigmoid(k_size*(F325-F325_min)),E_size=sigmoid(k_size*(F325-F325_min))
F0052_928,928,7. 浮选因果模型,7.7 浮选速率和组分分流,911,text,E_lib_g,0.25+0.75*Liberation_gangue,E_lib_g=0.25+0.75*Liberation_gangue
F0052_929,929,7. 浮选因果模型,7.7 浮选速率和组分分流,911,text,E_mu,exp(-k_mu_float*(mu_slurry-mu_ref)),E_mu=exp(-k_mu_float*(mu_slurry-mu_ref))
F0052_931,931,7. 浮选因果模型,7.7 浮选速率和组分分流,911,text,k_float_gangue,k0_g*E_collector*E_pH*E_air*E_density*E_size*E_lib_g*E_mu,k_float_gangue=k0_g*E_collector*E_pH*E_air*E_density*E_size*E_lib_g*E_mu
F0052_932,932,7. 浮选因果模型,7.7 浮选速率和组分分流,911,text,k_float_sil,k_float_gangue*(1+a_sil*r_sil)*E_Ca2_sil,k_float_sil=k_float_gangue*(1+a_sil*r_sil)*E_Ca2_sil
F0052_933,933,7. 浮选因果模型,7.7 浮选速率和组分分流,911,text,k_float_carb,k_float_gangue*(1+a_carb*r_carb)*E_Ca2_carb,k_float_carb=k_float_gangue*(1+a_carb*r_carb)*E_Ca2_carb
F0052_934,934,7. 浮选因果模型,7.7 浮选速率和组分分流,911,text,k_float_fe_mag,k0_mag*(1-E_depressant)*entrainment_factor,k_float_fe_mag=k0_mag*(1-E_depressant)*entrainment_factor
F0052_935,935,7. 浮选因果模型,7.7 浮选速率和组分分流,911,text,k_float_fe_hem,k0_hem*(1-E_depressant)*entrainment_factor,k_float_fe_hem=k0_hem*(1-E_depressant)*entrainment_factor
F0052_937,937,7. 浮选因果模型,7.7 浮选速率和组分分流,911,text,lip_clearance,L_cell+h_froth-H_lip_reference,lip_clearance=L_cell+h_froth-H_lip_reference
F0052_938,938,7. 浮选因果模型,7.7 浮选速率和组分分流,911,text,R_froth_zone,"clip( sigmoid(k_lip*lip_clearance)*h_froth/max(h_froth_target,eps), 0,1)","R_froth_zone=clip( sigmoid(k_lip*lip_clearance)*h_froth/max(h_froth_target,eps), 0,1)"
F0052_942,942,7. 浮选因果模型,7.7 浮选速率和组分分流,911,text,grade_cell_j,"M_cell_j_prev/max(M_cell_solid_prev,eps)","grade_cell_j=M_cell_j_prev/max(M_cell_solid_prev,eps)"
F0052_943,943,7. 浮选因果模型,7.7 浮选速率和组分分流,911,text,Q_out_solid,Q_out_cell*rho_slurry*C,Q_out_solid=Q_out_cell*rho_slurry*C
F0052_944,944,7. 浮选因果模型,7.7 浮选速率和组分分流,911,text,R_j,"clip(1-exp(-k_float_j*tau_stage_h),0,Rmax_j)*R_froth_zone","R_j=clip(1-exp(-k_float_j*tau_stage_h),0,Rmax_j)*R_froth_zone"
F0052_945,945,7. 浮选因果模型,7.7 浮选速率和组分分流,911,text,froth_j_rate,"R_j*M_cell_j_prev/max(tau_stage_h,eps)+entrainment_j_rate","froth_j_rate=R_j*M_cell_j_prev/max(tau_stage_h,eps)+entrainment_j_rate"
F0052_946,946,7. 浮选因果模型,7.7 浮选速率和组分分流,911,text,tail_j_rate,Q_out_solid*grade_cell_j,tail_j_rate=Q_out_solid*grade_cell_j
F0052_947,947,7. 浮选因果模型,7.7 浮选速率和组分分流,911,text,dM_cell_j/dt,feed_j_rate-froth_j_rate-tail_j_rate,dM_cell_j/dt=feed_j_rate-froth_j_rate-tail_j_rate
F0052_948,948,7. 浮选因果模型,7.7 浮选速率和组分分流,911,text,M_cell_j,M_cell_j_prev+dt*dM_cell_j/dt,M_cell_j=M_cell_j_prev+dt*dM_cell_j/dt
F0052_950,950,7. 浮选因果模型,7.7 浮选速率和组分分流,911,text,froth_j,froth_j_rate*dt,froth_j=froth_j_rate*dt
F0052_951,951,7. 浮选因果模型,7.7 浮选速率和组分分流,911,text,tail_or_conc_j,tail_j_rate*dt,tail_or_conc_j=tail_j_rate*dt
F0053_957,957,7. 浮选因果模型,7.7 浮选速率和组分分流,956,text,rougher_feed,flo_feed+cleaner_tail_prev+scav1_conc_prev,rougher_feed=flo_feed+cleaner_tail_prev+scav1_conc_prev
F0054_973,973,7. 浮选因果模型,7.7 浮选速率和组分分流,972,text,y_fx_xin_s_true,TFe(final_conc_s),y_fx_xin_s_true=TFe(final_conc_s)
F0054_974,974,7. 浮选因果模型,7.7 浮选速率和组分分流,972,text,y_fx_xin_s,"clip(y_fx_xin_s_true+N(0,sigma_y),0,1)","y_fx_xin_s=clip(y_fx_xin_s_true+N(0,sigma_y),0,1)"
F0055_1038,1038,8. 过程化验设计,,1036,text,lab_sample,"100*true_value_at_sample_point+N(0,sigma_sampling)+N(0,sigma_assay)","lab_sample=100*true_value_at_sample_point+N(0,sigma_sampling)+N(0,sigma_assay)"
F0055_1039,1039,8. 过程化验设计,,1036,text,report_time,sample_time+report_delay,report_time=sample_time+report_delay
F0055_1041,1041,8. 过程化验设计,,1036,text,lab_var,NaN,lab_var=NaN
F0059_1097,1097,9. 特征目录,,1092,text,allowed_upstream_lab,boundary lab + magnetic lab + tower-mill lab + lab_flo_feed_* with report_time <= prediction_time,allowed_upstream_lab = boundary lab + magnetic lab + tower-mill lab + lab_flo_feed_* with report_time <= prediction_time
F0059_1101,1101,9. 特征目录,,1092,text,forbidden,y_fx_xin* _x_* lab_flo_conc/tail/rough/clean/scav/final_* any current unreported lab,forbidden = y_fx_xin* _x_* lab_flo_conc/tail/rough/clean/scav/final_* any current unreported lab
F0060_1111,1111,9. 特征目录,,1110,text,y_fx_xin1,0.67 表示 67%,y_fx_xin1=0.67 表示 67%
F0061_1121,1121,10. DCS 具体生成公式和代理防护,,1120,text,x_phys,f(allowed_parents),x_phys = f(allowed_parents)
F0061_1124,1124,10. DCS 具体生成公式和代理防护,,1120,text,ifevent_fault,1: x_dcs(t)=fault_value,if event_fault=1: x_dcs(t)=fault_value
F0062_1130,1130,10. DCS 具体生成公式和代理防护,,1129,text,agg_tm_motor_current,meas(I_tm_phys),agg_tm_motor_current = meas(I_tm_phys)
F0066_1185,1185,10. DCS 具体生成公式和代理防护,10.1 显著目标代理禁止规则,1184,text,online_load_proxy,"standardized(tm_motor_current_lag, cyclone_pressure_lag, feed_flow_lag)","online_load_proxy = standardized(tm_motor_current_lag, cyclone_pressure_lag, feed_flow_lag)"
F0066_1186,1186,10. DCS 具体生成公式和代理防护,10.1 显著目标代理禁止规则,1184,text,online_froth_proxy,"standardized(froth_h_lag, air_flow_lag, reagent_freq_lag)","online_froth_proxy = standardized(froth_h_lag, air_flow_lag, reagent_freq_lag)"
F0069_1207,1207,10. DCS 具体生成公式和代理防护,10.2 磁选 DCS 具体公式,1206,text,magnetic_difficulty,"w_low_mag*clip(r_mag_ref-r_mag,0,1) + w_low_lib*(1-Liberation_fe) + w_coarse*(1-F200) + w_load*(Q_feed-Q_ref)/max(Q_ref,eps) + w_harmful*(r_carb+r_sil)","magnetic_difficulty = w_low_mag*clip(r_mag_ref-r_mag,0,1) + w_low_lib*(1-Liberation_fe) + w_coarse*(1-F200) + w_load*(Q_feed-Q_ref)/max(Q_ref,eps) + w_harmful*(r_carb+r_sil)"
F0069_1214,1214,10. DCS 具体生成公式和代理防护,10.2 磁选 DCS 具体公式,1206,text,I_exc_sp,"clip(I_nom+Kdiff_I*magnetic_difficulty-Kmag_I*(r_mag-r_mag_ref)+operator_trim_I+PRBS_mag_I,I_min,I_max)","I_exc_sp = clip(I_nom+Kdiff_I*magnetic_difficulty-Kmag_I*(r_mag-r_mag_ref)+operator_trim_I+PRBS_mag_I,I_min,I_max)"
F0069_1215,1215,10. DCS 具体生成公式和代理防护,10.2 磁选 DCS 具体公式,1206,text,I_exc,I_exc_sp+(I_exc_prev-I_exc_sp)*exp(-dt/tau_exc_act),I_exc = I_exc_sp+(I_exc_prev-I_exc_sp)*exp(-dt/tau_exc_act)
F0069_1217,1217,10. DCS 具体生成公式和代理防护,10.2 磁选 DCS 具体公式,1206,text,R_coil,R0_coil*(1+alpha_Cu*(T_coil-T_ref)),R_coil = R0_coil*(1+alpha_Cu*(T_coil-T_ref))
F0069_1218,1218,10. DCS 具体生成公式和代理防护,10.2 磁选 DCS 具体公式,1206,text,V_exc_phys,R_coil*I_exc,V_exc_phys = R_coil*I_exc
F0069_1219,1219,10. DCS 具体生成公式和代理防护,10.2 磁选 DCS 具体公式,1206,text,P_coil_loss,I_exc^2*R_coil,P_coil_loss = I_exc^2*R_coil
F0069_1220,1220,10. DCS 具体生成公式和代理防护,10.2 磁选 DCS 具体公式,1206,text,Q_cooling_water,"k_pipe_cooling*sqrt(max(water_pressure,0))","Q_cooling_water = k_pipe_cooling*sqrt(max(water_pressure,0))"
F0069_1221,1221,10. DCS 具体生成公式和代理防护,10.2 磁选 DCS 具体公式,1206,text,T_coil_ss,T_amb + k_loss_coil*P_coil_loss - k_cool_coil*Q_cooling_water,T_coil_ss = T_amb + k_loss_coil*P_coil_loss - k_cool_coil*Q_cooling_water
F0069_1222,1222,10. DCS 具体生成公式和代理防护,10.2 磁选 DCS 具体公式,1206,text,T_coil,T_coil_ss+(T_coil_prev-T_coil_ss)*exp(-dt/tau_coil),T_coil = T_coil_ss+(T_coil_prev-T_coil_ss)*exp(-dt/tau_coil)
F0069_1224,1224,10. DCS 具体生成公式和代理防护,10.2 磁选 DCS 具体公式,1206,text,clog_buildup,"c0 + c_clay*clay + c_f25*f25 + c_C*C + c_load*Q_feed/max(Q_ref,eps)","clog_buildup = c0 + c_clay*clay + c_f25*f25 + c_C*C + c_load*Q_feed/max(Q_ref,eps)"
F0069_1230,1230,10. DCS 具体生成公式和代理防护,10.2 磁选 DCS 具体公式,1206,text,clog_wash,"c_flush_Q*Q_flush_prev/max(Q_flush_ref,eps) + c_pul_clog*f_pul_prev/max(f_pul_ref,eps)","clog_wash = c_flush_Q*Q_flush_prev/max(Q_flush_ref,eps) + c_pul_clog*f_pul_prev/max(f_pul_ref,eps)"
F0069_1233,1233,10. DCS 具体生成公式和代理防护,10.2 磁选 DCS 具体公式,1206,text,matrix_clog,"clip(matrix_clog_prev+dt*(clog_buildup-clog_wash),0,1)","matrix_clog = clip(matrix_clog_prev+dt*(clog_buildup-clog_wash),0,1)"
F0069_1234,1234,10. DCS 具体生成公式和代理防护,10.2 磁选 DCS 具体公式,1206,text,f_pul_sp,"clip(f_pul_nom+Kcoarse_pul*(1-F325)+Kclay_pul*clay+Kslime_pul*f25+Kload_pul*(Q_feed-Q_ref)/max(Q_ref,eps),f_pul_min,f_pul_max)","f_pul_sp = clip(f_pul_nom+Kcoarse_pul*(1-F325)+Kclay_pul*clay+Kslime_pul*f25+Kload_pul*(Q_feed-Q_ref)/max(Q_ref,eps),f_pul_min,f_pul_max)"
F0069_1235,1235,10. DCS 具体生成公式和代理防护,10.2 磁选 DCS 具体公式,1206,text,f_ring_sp,"clip(f_ring_nom+Kclog_ring*matrix_clog+Kcoarse_ring*(1-F200),f_ring_min,f_ring_max)","f_ring_sp = clip(f_ring_nom+Kclog_ring*matrix_clog+Kcoarse_ring*(1-F200),f_ring_min,f_ring_max)"
F0069_1236,1236,10. DCS 具体生成公式和代理防护,10.2 磁选 DCS 具体公式,1206,text,f_pul,f_pul_sp+(f_pul_prev-f_pul_sp)*exp(-dt/tau_pul_act),f_pul = f_pul_sp+(f_pul_prev-f_pul_sp)*exp(-dt/tau_pul_act)
F0069_1237,1237,10. DCS 具体生成公式和代理防护,10.2 磁选 DCS 具体公式,1206,text,f_ring,f_ring_sp+(f_ring_prev-f_ring_sp)*exp(-dt/tau_ring_act),f_ring = f_ring_sp+(f_ring_prev-f_ring_sp)*exp(-dt/tau_ring_act)
F0069_1239,1239,10. DCS 具体生成公式和代理防护,10.2 磁选 DCS 具体公式,1206,text,M_conc_solid,sum_j(conc_j),M_conc_solid = sum_j(conc_j)
F0069_1240,1240,10. DCS 具体生成公式和代理防护,10.2 磁选 DCS 具体公式,1206,text,Q_conc_water,"Q_feed_water*clip(k_w0+k_w_clog*matrix_clog,0.05,0.3)","Q_conc_water = Q_feed_water*clip(k_w0+k_w_clog*matrix_clog,0.05,0.3)"
F0069_1241,1241,10. DCS 具体生成公式和代理防护,10.2 磁选 DCS 具体公式,1206,text,Q_conc,M_conc_solid/rho_solid_mix+Q_conc_water,Q_conc = M_conc_solid/rho_solid_mix+Q_conc_water
F0069_1242,1242,10. DCS 具体生成公式和代理防护,10.2 磁选 DCS 具体公式,1206,text,dL_mag/dt,(Q_feed-Q_tail-Q_conc)/A_mag,dL_mag/dt = (Q_feed-Q_tail-Q_conc)/A_mag
F0069_1243,1243,10. DCS 具体生成公式和代理防护,10.2 磁选 DCS 具体公式,1206,text,u_tail_total_sp,"clip(u_tail_nom+K_L_tail*(L_mag-L_mag_sp),0,1)","u_tail_total_sp = clip(u_tail_nom+K_L_tail*(L_mag-L_mag_sp),0,1)"
F0069_1244,1244,10. DCS 具体生成公式和代理防护,10.2 磁选 DCS 具体公式,1206,text,split_tail_1,"clip(split_tail_1_nom+K_asym_tail*(matrix_clog-matrix_clog_ref)+operator_trim_tail_split,0.25,0.75)","split_tail_1 = clip(split_tail_1_nom+K_asym_tail*(matrix_clog-matrix_clog_ref)+operator_trim_tail_split,0.25,0.75)"
F0069_1245,1245,10. DCS 具体生成公式和代理防护,10.2 磁选 DCS 具体公式,1206,text,u_tail_1_sp,"clip(u_tail_total_sp*split_tail_1/split_tail_1_nom,0,1)","u_tail_1_sp = clip(u_tail_total_sp*split_tail_1/split_tail_1_nom,0,1)"
F0069_1246,1246,10. DCS 具体生成公式和代理防护,10.2 磁选 DCS 具体公式,1206,text,u_tail_2_sp,"clip(u_tail_total_sp*(1-split_tail_1)/(1-split_tail_1_nom),0,1)","u_tail_2_sp = clip(u_tail_total_sp*(1-split_tail_1)/(1-split_tail_1_nom),0,1)"
F0069_1247,1247,10. DCS 具体生成公式和代理防护,10.2 磁选 DCS 具体公式,1206,text,u_tail,u_tail_1_sp+(u_tail_prev-u_tail_1_sp)*exp(-dt/tau_tail_valve),u_tail = u_tail_1_sp+(u_tail_prev-u_tail_1_sp)*exp(-dt/tau_tail_valve)
F0069_1248,1248,10. DCS 具体生成公式和代理防护,10.2 磁选 DCS 具体公式,1206,text,u_tail_2,u_tail_2_sp+(u_tail_2_prev-u_tail_2_sp)*exp(-dt/tau_tail_valve),u_tail_2 = u_tail_2_sp+(u_tail_2_prev-u_tail_2_sp)*exp(-dt/tau_tail_valve)
F0069_1249,1249,10. DCS 具体生成公式和代理防护,10.2 磁选 DCS 具体公式,1206,text,specific_gravity,"rho_slurry/max(rho_water,eps)","specific_gravity = rho_slurry/max(rho_water,eps)"
F0069_1250,1250,10. DCS 具体生成公式和代理防护,10.2 磁选 DCS 具体公式,1206,text,Q_tail_1,"Cv_tail1*u_tail*sqrt(max(L_mag,0)/max(specific_gravity,eps))","Q_tail_1 = Cv_tail1*u_tail*sqrt(max(L_mag,0)/max(specific_gravity,eps))"
F0069_1251,1251,10. DCS 具体生成公式和代理防护,10.2 磁选 DCS 具体公式,1206,text,Q_tail_2,"Cv_tail2*u_tail_2*sqrt(max(L_mag,0)/max(specific_gravity,eps))","Q_tail_2 = Cv_tail2*u_tail_2*sqrt(max(L_mag,0)/max(specific_gravity,eps))"
F0069_1252,1252,10. DCS 具体生成公式和代理防护,10.2 磁选 DCS 具体公式,1206,text,Q_tail,Q_tail_1+Q_tail_2,Q_tail = Q_tail_1+Q_tail_2
F0069_1254,1254,10. DCS 具体生成公式和代理防护,10.2 磁选 DCS 具体公式,1206,text,u_blowdown_phys,"clip(u_bd_nom+Kclog_bd*matrix_clog+Ktimer_bd*event_bd_timer,0,1)","u_blowdown_phys = clip(u_bd_nom+Kclog_bd*matrix_clog+Ktimer_bd*event_bd_timer,0,1)"
F0069_1255,1255,10. DCS 具体生成公式和代理防护,10.2 磁选 DCS 具体公式,1206,text,N_flush_open,"clip(round(N_flush_base+Kclog_flush_N*matrix_clog+Kload_flush_N*Q_feed/max(Q_ref,eps)),N_flush_min,N_flush_max)","N_flush_open = clip(round(N_flush_base+Kclog_flush_N*matrix_clog+Kload_flush_N*Q_feed/max(Q_ref,eps)),N_flush_min,N_flush_max)"
F0069_1256,1256,10. DCS 具体生成公式和代理防护,10.2 磁选 DCS 具体公式,1206,text,u_flush_sp,"clip( u_flush_nom + Kclog_flush_u*matrix_clog + Kload_flush_u*(Q_feed-Q_ref)/max(Q_ref,eps), 0,1)","u_flush_sp = clip( u_flush_nom + Kclog_flush_u*matrix_clog + Kload_flush_u*(Q_feed-Q_ref)/max(Q_ref,eps), 0,1)"
F0069_1261,1261,10. DCS 具体生成公式和代理防护,10.2 磁选 DCS 具体公式,1206,text,u_flush,u_flush_sp+(u_flush_prev-u_flush_sp)*exp(-dt/tau_flush_valve),u_flush = u_flush_sp+(u_flush_prev-u_flush_sp)*exp(-dt/tau_flush_valve)
F0069_1262,1262,10. DCS 具体生成公式和代理防护,10.2 磁选 DCS 具体公式,1206,text,Q_flush,"Cv_flush*u_flush*sqrt(max(water_pressure,0))*N_flush_open","Q_flush = Cv_flush*u_flush*sqrt(max(water_pressure,0))*N_flush_open"
F0069_1263,1263,10. DCS 具体生成公式和代理防护,10.2 磁选 DCS 具体公式,1206,text,P_flush_phys,"max(water_pressure-k_flush_Q*Q_flush-k_flush_open*N_flush_open,0)","P_flush_phys = max(water_pressure-k_flush_Q*Q_flush-k_flush_open*N_flush_open,0)"
F0069_1264,1264,10. DCS 具体生成公式和代理防护,10.2 磁选 DCS 具体公式,1206,text,I_ring_motor_phys,"I0_ring+kf_ring*f_ring+krho_ring*rho_slurry+kclog_ring_I*matrix_clog+kQ_ring*Q_feed/max(Q_ref,eps)","I_ring_motor_phys = I0_ring+kf_ring*f_ring+krho_ring*rho_slurry+kclog_ring_I*matrix_clog+kQ_ring*Q_feed/max(Q_ref,eps)"
F0069_1265,1265,10. DCS 具体生成公式和代理防护,10.2 磁选 DCS 具体公式,1206,text,V_ring_motor_phys,grid_voltage-k_drop_ring*I_ring_motor_phys,V_ring_motor_phys = grid_voltage-k_drop_ring*I_ring_motor_phys
F0070_1271,1271,10. DCS 具体生成公式和代理防护,10.2 磁选 DCS 具体公式,1270,text,agg_mag_excit_current,meas(I_exc),agg_mag_excit_current = meas(I_exc)
F0070_1272,1272,10. DCS 具体生成公式和代理防护,10.2 磁选 DCS 具体公式,1270,text,agg_mag_excit_voltage,meas(V_exc_phys),agg_mag_excit_voltage = meas(V_exc_phys)
F0070_1273,1273,10. DCS 具体生成公式和代理防护,10.2 磁选 DCS 具体公式,1270,text,agg_mag_coil_temp,meas(T_coil),agg_mag_coil_temp = meas(T_coil)
F0070_1274,1274,10. DCS 具体生成公式和代理防护,10.2 磁选 DCS 具体公式,1270,text,agg_mag_pulsation_freq,meas(f_pul),agg_mag_pulsation_freq = meas(f_pul)
F0070_1275,1275,10. DCS 具体生成公式和代理防护,10.2 磁选 DCS 具体公式,1270,text,agg_mag_ring_freq,meas(f_ring),agg_mag_ring_freq = meas(f_ring)
F0070_1276,1276,10. DCS 具体生成公式和代理防护,10.2 磁选 DCS 具体公式,1270,text,agg_mag_level,meas(L_mag),agg_mag_level = meas(L_mag)
F0070_1277,1277,10. DCS 具体生成公式和代理防护,10.2 磁选 DCS 具体公式,1270,text,agg_mag_tailings_valve1,meas(u_tail),agg_mag_tailings_valve1 = meas(u_tail)
F0070_1278,1278,10. DCS 具体生成公式和代理防护,10.2 磁选 DCS 具体公式,1270,text,agg_mag_tailings_valve2,meas(u_tail_2),agg_mag_tailings_valve2 = meas(u_tail_2)
F0070_1279,1279,10. DCS 具体生成公式和代理防护,10.2 磁选 DCS 具体公式,1270,text,agg_mag_blowdown_valve,meas(u_blowdown_phys),agg_mag_blowdown_valve = meas(u_blowdown_phys)
F0070_1280,1280,10. DCS 具体生成公式和代理防护,10.2 磁选 DCS 具体公式,1270,text,agg_mag_flush_water_pressure,meas(P_flush_phys),agg_mag_flush_water_pressure = meas(P_flush_phys)
F0070_1281,1281,10. DCS 具体生成公式和代理防护,10.2 磁选 DCS 具体公式,1270,text,agg_mag_motor_current_rc,meas(I_ring_motor_phys),agg_mag_motor_current_rc = meas(I_ring_motor_phys)
F0070_1282,1282,10. DCS 具体生成公式和代理防护,10.2 磁选 DCS 具体公式,1270,text,agg_mag_motor_voltage_rc,meas(V_ring_motor_phys),agg_mag_motor_voltage_rc = meas(V_ring_motor_phys)
F0071_1290,1290,10. DCS 具体生成公式和代理防护,10.3 塔磨 DCS 具体公式,1289,text,tau_cyc_pool,"max(L_pool*A_pool/max(Q_pump_prev,eps),min_tau_cyc_pool)","tau_cyc_pool = max(L_pool*A_pool/max(Q_pump_prev,eps),min_tau_cyc_pool)"
F0071_1291,1291,10. DCS 具体生成公式和代理防护,10.3 塔磨 DCS 具体公式,1289,text,C_feed_in,"(M_mag_conc_solid+M_tm_discharge_solid_prev)/max(M_mag_conc_wet+M_tm_discharge_wet_prev+M_water_add,eps)","C_feed_in = (M_mag_conc_solid+M_tm_discharge_solid_prev)/max(M_mag_conc_wet+M_tm_discharge_wet_prev+M_water_add,eps)"
F0071_1292,1292,10. DCS 具体生成公式和代理防护,10.3 塔磨 DCS 具体公式,1289,text,F325_feed_in,"(M_mag_conc_solid*F325_mag_conc+M_tm_discharge_solid_prev*F325_discharge_prev)/max(M_mag_conc_solid+M_tm_discharge_solid_prev,eps)","F325_feed_in = (M_mag_conc_solid*F325_mag_conc+M_tm_discharge_solid_prev*F325_discharge_prev)/max(M_mag_conc_solid+M_tm_discharge_solid_prev,eps)"
F0071_1293,1293,10. DCS 具体生成公式和代理防护,10.3 塔磨 DCS 具体公式,1289,text,Liberation_fe_feed_in,"(M_mag_conc_solid*Liberation_fe_mag_conc+M_tm_discharge_solid_prev*Liberation_fe_discharge_prev)/max(M_mag_conc_solid+M_tm_discharge_solid_prev,eps)","Liberation_fe_feed_in = (M_mag_conc_solid*Liberation_fe_mag_conc+M_tm_discharge_solid_prev*Liberation_fe_discharge_prev)/max(M_mag_conc_solid+M_tm_discharge_solid_prev,eps)"
F0071_1294,1294,10. DCS 具体生成公式和代理防护,10.3 塔磨 DCS 具体公式,1289,text,Liberation_gangue_feed_in,"(M_mag_conc_solid*Liberation_gangue_mag_conc+M_tm_discharge_solid_prev*Liberation_gangue_discharge_prev)/max(M_mag_conc_solid+M_tm_discharge_solid_prev,eps)","Liberation_gangue_feed_in = (M_mag_conc_solid*Liberation_gangue_mag_conc+M_tm_discharge_solid_prev*Liberation_gangue_discharge_prev)/max(M_mag_conc_solid+M_tm_discharge_solid_prev,eps)"
F0071_1295,1295,10. DCS 具体生成公式和代理防护,10.3 塔磨 DCS 具体公式,1289,text,WI_feed_in,"(M_mag_conc_solid*WI_mag_conc+M_tm_discharge_solid_prev*WI_discharge_prev)/max(M_mag_conc_solid+M_tm_discharge_solid_prev,eps)","WI_feed_in = (M_mag_conc_solid*WI_mag_conc+M_tm_discharge_solid_prev*WI_discharge_prev)/max(M_mag_conc_solid+M_tm_discharge_solid_prev,eps)"
F0071_1296,1296,10. DCS 具体生成公式和代理防护,10.3 塔磨 DCS 具体公式,1289,text,T_slurry_feed_in,"(M_wet_mag_conc*Cp_slurry_mag*T_slurry_mag_conc + M_wet_tm_discharge*Cp_slurry_tm*T_slurry_discharge_prev) / max(M_wet_mag_conc*Cp_slurry_mag+M_wet_tm_discharge*Cp_slurry_tm,eps)","T_slurry_feed_in = (M_wet_mag_conc*Cp_slurry_mag*T_slurry_mag_conc + M_wet_tm_discharge*Cp_slurry_tm*T_slurry_discharge_prev) / max(M_wet_mag_conc*Cp_slurry_mag+M_wet_tm_discharge*Cp_slurry_tm,eps)"
F0071_1301,1301,10. DCS 具体生成公式和代理防护,10.3 塔磨 DCS 具体公式,1289,text,C_feed,"C_feed_prev+(dt/max(tau_cyc_pool,eps))*(C_feed_in-C_feed_prev)","C_feed = C_feed_prev+(dt/max(tau_cyc_pool,eps))*(C_feed_in-C_feed_prev)"
F0071_1302,1302,10. DCS 具体生成公式和代理防护,10.3 塔磨 DCS 具体公式,1289,text,F325_feed,"F325_feed_prev+(dt/max(tau_cyc_pool,eps))*(F325_feed_in-F325_feed_prev)","F325_feed = F325_feed_prev+(dt/max(tau_cyc_pool,eps))*(F325_feed_in-F325_feed_prev)"
F0071_1303,1303,10. DCS 具体生成公式和代理防护,10.3 塔磨 DCS 具体公式,1289,text,Liberation_fe_feed,"Liberation_fe_feed_prev+(dt/max(tau_cyc_pool,eps))*(Liberation_fe_feed_in-Liberation_fe_feed_prev)","Liberation_fe_feed = Liberation_fe_feed_prev+(dt/max(tau_cyc_pool,eps))*(Liberation_fe_feed_in-Liberation_fe_feed_prev)"
F0071_1304,1304,10. DCS 具体生成公式和代理防护,10.3 塔磨 DCS 具体公式,1289,text,Liberation_gangue_feed,"Liberation_gangue_feed_prev+(dt/max(tau_cyc_pool,eps))*(Liberation_gangue_feed_in-Liberation_gangue_feed_prev)","Liberation_gangue_feed = Liberation_gangue_feed_prev+(dt/max(tau_cyc_pool,eps))*(Liberation_gangue_feed_in-Liberation_gangue_feed_prev)"
F0071_1305,1305,10. DCS 具体生成公式和代理防护,10.3 塔磨 DCS 具体公式,1289,text,WI_feed,"WI_feed_prev+(dt/max(tau_cyc_pool,eps))*(WI_feed_in-WI_feed_prev)","WI_feed = WI_feed_prev+(dt/max(tau_cyc_pool,eps))*(WI_feed_in-WI_feed_prev)"
F0071_1306,1306,10. DCS 具体生成公式和代理防护,10.3 塔磨 DCS 具体公式,1289,text,T_slurry_feed,"T_slurry_feed_prev+(dt/max(tau_cyc_pool,eps))*(T_slurry_feed_in-T_slurry_feed_prev)","T_slurry_feed = T_slurry_feed_prev+(dt/max(tau_cyc_pool,eps))*(T_slurry_feed_in-T_slurry_feed_prev)"
F0071_1308,1308,10. DCS 具体生成公式和代理防护,10.3 塔磨 DCS 具体公式,1289,text,rho_feed,"rho_slurry(C_feed,rho_solid_mix)","rho_feed = rho_slurry(C_feed,rho_solid_mix)"
F0071_1309,1309,10. DCS 具体生成公式和代理防护,10.3 塔磨 DCS 具体公式,1289,text,mu_feed,"mu_slurry(C_feed,clay,f25,r_sil,T_slurry_feed)","mu_feed = mu_slurry(C_feed,clay,f25,r_sil,T_slurry_feed)"
F0071_1311,1311,10. DCS 具体生成公式和代理防护,10.3 塔磨 DCS 具体公式,1289,text,dL_pool/dt,(Q_in+Q_return_sand+Q_water-Q_pump)/A_pool,dL_pool/dt = (Q_in+Q_return_sand+Q_water-Q_pump)/A_pool
F0071_1312,1312,10. DCS 具体生成公式和代理防护,10.3 塔磨 DCS 具体公式,1289,text,P_cyc_lag,"delay(P_cyc,L_pump_pressure)","P_cyc_lag = delay(P_cyc,L_pump_pressure)"
F0071_1313,1313,10. DCS 具体生成公式和代理防护,10.3 塔磨 DCS 具体公式,1289,text,f_pump_sp,"clip(f0+K_L*(L_pool-L_sp)+K_P*(P_sp-P_cyc_lag)+K_Qff*Q_in,f_min,f_max)","f_pump_sp = clip(f0+K_L*(L_pool-L_sp)+K_P*(P_sp-P_cyc_lag)+K_Qff*Q_in,f_min,f_max)"
F0071_1314,1314,10. DCS 具体生成公式和代理防护,10.3 塔磨 DCS 具体公式,1289,text,f_pump,f_pump_sp+(f_pump_prev-f_pump_sp)*exp(-dt/tau_pump_act),f_pump = f_pump_sp+(f_pump_prev-f_pump_sp)*exp(-dt/tau_pump_act)
F0071_1315,1315,10. DCS 具体生成公式和代理防护,10.3 塔磨 DCS 具体公式,1289,text,Q_pump,"k_pump*f_pump*(1-exp(-max(L_pool,0)/max(L_min_safe,eps)))*health_pump","Q_pump = k_pump*f_pump*(1-exp(-max(L_pool,0)/max(L_min_safe,eps)))*health_pump"
F0071_1316,1316,10. DCS 具体生成公式和代理防护,10.3 塔磨 DCS 具体公式,1289,text,P_cyc,"clip(kP*rho_feed*(Q_pump/max(N_cyc_on,1))^2,P_min,P_max)","P_cyc = clip(kP*rho_feed*(Q_pump/max(N_cyc_on,1))^2,P_min,P_max)"
F0071_1317,1317,10. DCS 具体生成公式和代理防护,10.3 塔磨 DCS 具体公式,1289,text,I_pump_phys,I0_pump+kf_pump*f_pump^2+kQ_pump*Q_pump+krho_pump*rho_feed+kmu_pump*mu_feed+kP_pump*P_cyc,I_pump_phys = I0_pump+kf_pump*f_pump^2+kQ_pump*Q_pump+krho_pump*rho_feed+kmu_pump*mu_feed+kP_pump*P_cyc
F0071_1319,1319,10. DCS 具体生成公式和代理防护,10.3 塔磨 DCS 具体公式,1289,text,u_water_sp,"clip(u_water_nom+K_C_water*(C_sp-C_feed)+K_L_water*(L_sp-L_pool),0,1)","u_water_sp = clip(u_water_nom+K_C_water*(C_sp-C_feed)+K_L_water*(L_sp-L_pool),0,1)"
F0071_1320,1320,10. DCS 具体生成公式和代理防护,10.3 塔磨 DCS 具体公式,1289,text,u_water,u_water_sp+(u_water_prev-u_water_sp)*exp(-dt/tau_water_valve),u_water = u_water_sp+(u_water_prev-u_water_sp)*exp(-dt/tau_water_valve)
F0071_1321,1321,10. DCS 具体生成公式和代理防护,10.3 塔磨 DCS 具体公式,1289,text,Q_water_phys,"Cv_water*u_water*sqrt(max(water_pressure,0))","Q_water_phys = Cv_water*u_water*sqrt(max(water_pressure,0))"
F0071_1323,1323,10. DCS 具体生成公式和代理防护,10.3 塔磨 DCS 具体公式,1289,text,circulating_load_lag,"delay(circulating_load,L_sand_control)","circulating_load_lag = delay(circulating_load,L_sand_control)"
F0071_1324,1324,10. DCS 具体生成公式和代理防护,10.3 塔磨 DCS 具体公式,1289,text,u_sand_sp,"clip(u_sand_nom+K_C_sand*(C_sand-C_sand_sp)+K_CL_sand*(circulating_load_lag-CL_ref)+PRBS_sand,0,1)","u_sand_sp = clip(u_sand_nom+K_C_sand*(C_sand-C_sand_sp)+K_CL_sand*(circulating_load_lag-CL_ref)+PRBS_sand,0,1)"
F0071_1325,1325,10. DCS 具体生成公式和代理防护,10.3 塔磨 DCS 具体公式,1289,text,u_sand,u_sand_sp+(u_sand_prev-u_sand_sp)*exp(-dt/tau_sand_valve),u_sand = u_sand_sp+(u_sand_prev-u_sand_sp)*exp(-dt/tau_sand_valve)
F0071_1326,1326,10. DCS 具体生成公式和代理防护,10.3 塔磨 DCS 具体公式,1289,text,Q_sand_water_phys,"Cv_sand*u_sand*sqrt(max(water_pressure,0))","Q_sand_water_phys = Cv_sand*u_sand*sqrt(max(water_pressure,0))"
F0071_1328,1328,10. DCS 具体生成公式和代理防护,10.3 塔磨 DCS 具体公式,1289,text,d50,"d50_ref*(P_ref/max(P_cyc,eps))^aP*(C_feed/C_ref)^aC*(mu_feed/mu_ref)^amu","d50 = d50_ref*(P_ref/max(P_cyc,eps))^aP*(C_feed/C_ref)^aC*(mu_feed/mu_ref)^amu"
F0071_1329,1329,10. DCS 具体生成公式和代理防护,10.3 塔磨 DCS 具体公式,1289,text,alpha_ov,"clip( sigmoid(kF*(F325_feed-F325_ref)+kP*(P_cyc-P_ref)-kC*(C_feed-C_ref)-kmu*(mu_feed-mu_ref)), 0,1)","alpha_ov = clip( sigmoid(kF*(F325_feed-F325_ref)+kP*(P_cyc-P_ref)-kC*(C_feed-C_ref)-kmu*(mu_feed-mu_ref)), 0,1)"
F0071_1333,1333,10. DCS 具体生成公式和代理防护,10.3 塔磨 DCS 具体公式,1289,text,M_tm_overflow_solid,feed_solid*alpha_ov,M_tm_overflow_solid = feed_solid*alpha_ov
F0071_1334,1334,10. DCS 具体生成公式和代理防护,10.3 塔磨 DCS 具体公式,1289,text,M_tm_sand_solid,feed_solid-M_tm_overflow_solid,M_tm_sand_solid = feed_solid-M_tm_overflow_solid
F0071_1335,1335,10. DCS 具体生成公式和代理防护,10.3 塔磨 DCS 具体公式,1289,text,M_sand,M_tm_sand_solid,M_sand = M_tm_sand_solid
F0071_1336,1336,10. DCS 具体生成公式和代理防护,10.3 塔磨 DCS 具体公式,1289,text,alpha_ov_water,"clip(alpha_ov*k_water_split,0,1)","alpha_ov_water = clip(alpha_ov*k_water_split,0,1)"
F0071_1337,1337,10. DCS 具体生成公式和代理防护,10.3 塔磨 DCS 具体公式,1289,text,M_tm_overflow_water,feed_water*alpha_ov_water,M_tm_overflow_water = feed_water*alpha_ov_water
F0071_1338,1338,10. DCS 具体生成公式和代理防护,10.3 塔磨 DCS 具体公式,1289,text,M_tm_sand_water,feed_water-M_tm_overflow_water,M_tm_sand_water = feed_water-M_tm_overflow_water
F0071_1339,1339,10. DCS 具体生成公式和代理防护,10.3 塔磨 DCS 具体公式,1289,text,Q_overflow,M_tm_overflow_solid/rho_solid_mix + M_tm_overflow_water/rho_water,Q_overflow = M_tm_overflow_solid/rho_solid_mix + M_tm_overflow_water/rho_water
F0071_1340,1340,10. DCS 具体生成公式和代理防护,10.3 塔磨 DCS 具体公式,1289,text,rho_overflow,"(M_tm_overflow_solid+M_tm_overflow_water)/max(Q_overflow,eps)","rho_overflow = (M_tm_overflow_solid+M_tm_overflow_water)/max(Q_overflow,eps)"
F0071_1341,1341,10. DCS 具体生成公式和代理防护,10.3 塔磨 DCS 具体公式,1289,text,Q_tm_overflow,Q_overflow,Q_tm_overflow = Q_overflow
F0071_1342,1342,10. DCS 具体生成公式和代理防护,10.3 塔磨 DCS 具体公式,1289,text,rho_tm_overflow,rho_overflow,rho_tm_overflow = rho_overflow
F0071_1343,1343,10. DCS 具体生成公式和代理防护,10.3 塔磨 DCS 具体公式,1289,text,M_overflow,M_tm_overflow_solid,M_overflow = M_tm_overflow_solid
F0071_1345,1345,10. DCS 具体生成公式和代理防护,10.3 塔磨 DCS 具体公式,1289,text,F325_overflow,"clip(F325_feed*k_fine_enrich/max(alpha_ov,eps),F325_feed,1.0)","F325_overflow = clip(F325_feed*k_fine_enrich/max(alpha_ov,eps),F325_feed,1.0)"
F0071_1346,1346,10. DCS 具体生成公式和代理防护,10.3 塔磨 DCS 具体公式,1289,text,Liberation_fe_overflow,"clip(Liberation_fe_feed*k_lib_fe_enrich,Liberation_fe_feed,1.0)","Liberation_fe_overflow = clip(Liberation_fe_feed*k_lib_fe_enrich,Liberation_fe_feed,1.0)"
F0071_1347,1347,10. DCS 具体生成公式和代理防护,10.3 塔磨 DCS 具体公式,1289,text,Liberation_gangue_overflow,"clip(Liberation_gangue_feed*k_lib_g_enrich,Liberation_gangue_feed,1.0)","Liberation_gangue_overflow = clip(Liberation_gangue_feed*k_lib_g_enrich,Liberation_gangue_feed,1.0)"
F0071_1348,1348,10. DCS 具体生成公式和代理防护,10.3 塔磨 DCS 具体公式,1289,text,F325_sand,"clip((F325_feed-F325_overflow*alpha_ov)/max(1-alpha_ov,eps),0,F325_feed)","F325_sand = clip((F325_feed-F325_overflow*alpha_ov)/max(1-alpha_ov,eps),0,F325_feed)"
F0071_1349,1349,10. DCS 具体生成公式和代理防护,10.3 塔磨 DCS 具体公式,1289,text,Liberation_fe_sand,"clip((Liberation_fe_feed-Liberation_fe_overflow*alpha_ov)/max(1-alpha_ov,eps),0,Liberation_fe_feed)","Liberation_fe_sand = clip((Liberation_fe_feed-Liberation_fe_overflow*alpha_ov)/max(1-alpha_ov,eps),0,Liberation_fe_feed)"
F0071_1350,1350,10. DCS 具体生成公式和代理防护,10.3 塔磨 DCS 具体公式,1289,text,Liberation_gangue_sand,"clip((Liberation_gangue_feed-Liberation_gangue_overflow*alpha_ov)/max(1-alpha_ov,eps),0,Liberation_gangue_feed)","Liberation_gangue_sand = clip((Liberation_gangue_feed-Liberation_gangue_overflow*alpha_ov)/max(1-alpha_ov,eps),0,Liberation_gangue_feed)"
F0071_1351,1351,10. DCS 具体生成公式和代理防护,10.3 塔磨 DCS 具体公式,1289,text,T_slurry_overflow,"T_slurry_feed-k_cool_cyc*max(T_slurry_feed-T_amb,0)","T_slurry_overflow = T_slurry_feed-k_cool_cyc*max(T_slurry_feed-T_amb,0)"
F0071_1352,1352,10. DCS 具体生成公式和代理防护,10.3 塔磨 DCS 具体公式,1289,text,T_tm_overflow,T_slurry_overflow,T_tm_overflow = T_slurry_overflow
F0071_1353,1353,10. DCS 具体生成公式和代理防护,10.3 塔磨 DCS 具体公式,1289,text,T_slurry_sand,"T_slurry_feed-k_cool_sand*max(T_slurry_feed-T_amb,0)","T_slurry_sand = T_slurry_feed-k_cool_sand*max(T_slurry_feed-T_amb,0)"
F0071_1354,1354,10. DCS 具体生成公式和代理防护,10.3 塔磨 DCS 具体公式,1289,text,WI_sand,WI_feed,WI_sand = WI_feed
F0071_1356,1356,10. DCS 具体生成公式和代理防护,10.3 塔磨 DCS 具体公式,1289,text,inst_circ_load,"M_sand/max(M_overflow,eps)","inst_circ_load = M_sand/max(M_overflow,eps)"
F0071_1357,1357,10. DCS 具体生成公式和代理防护,10.3 塔磨 DCS 具体公式,1289,text,circulating_load,"clip(inst_circ_load,0.0,5.0)","circulating_load = clip(inst_circ_load,0.0,5.0)"
F0071_1358,1358,10. DCS 具体生成公式和代理防护,10.3 塔磨 DCS 具体公式,1289,text,M_mill_water_in,M_tm_sand_water+Q_sand_water_phys*rho_water,M_mill_water_in = M_tm_sand_water+Q_sand_water_phys*rho_water
F0071_1359,1359,10. DCS 具体生成公式和代理防护,10.3 塔磨 DCS 具体公式,1289,text,C_mill,"M_sand/max(M_sand+M_mill_water_in,eps)","C_mill = M_sand/max(M_sand+M_mill_water_in,eps)"
F0071_1360,1360,10. DCS 具体生成公式和代理防护,10.3 塔磨 DCS 具体公式,1289,text,WI_mill,WI_sand,WI_mill = WI_sand
F0071_1363,1363,10. DCS 具体生成公式和代理防护,10.3 塔磨 DCS 具体公式,1289,text,grind_difficulty,kWI*(WI_mill-WI_ref) + kcoarse*(1-F325_sand) + kC*(C_mill-C_opt)^2 + kmu*(mu_feed-mu_ref) + kCL*(circulating_load-CL_ref),grind_difficulty = kWI*(WI_mill-WI_ref) + kcoarse*(1-F325_sand) + kC*(C_mill-C_opt)^2 + kmu*(mu_feed-mu_ref) + kCL*(circulating_load-CL_ref)
F0071_1369,1369,10. DCS 具体生成公式和代理防护,10.3 塔磨 DCS 具体公式,1289,text,P_mech_ss,P_idle+P_media+kM*M_sand*(1+grind_difficulty),P_mech_ss = P_idle+P_media+kM*M_sand*(1+grind_difficulty)
F0071_1370,1370,10. DCS 具体生成公式和代理防护,10.3 塔磨 DCS 具体公式,1289,text,P_mech,P_mech_ss+(P_mech_prev-P_mech_ss)*exp(-dt/tau_P),P_mech = P_mech_ss+(P_mech_prev-P_mech_ss)*exp(-dt/tau_P)
F0071_1371,1371,10. DCS 具体生成公式和代理防护,10.3 塔磨 DCS 具体公式,1289,text,I_tm_phys,P_mech/(sqrt(3)*V_motor*pf*eta),I_tm_phys = P_mech/(sqrt(3)*V_motor*pf*eta)
F0071_1373,1373,10. DCS 具体生成公式和代理防护,10.3 塔磨 DCS 具体公式,1289,text,E_spec,"P_mech/max(M_sand,eps)","E_spec = P_mech/max(M_sand,eps)"
F0071_1374,1374,10. DCS 具体生成公式和代理防护,10.3 塔磨 DCS 具体公式,1289,text,F325_discharge_inst,"clip(F325_sand+kE*log1p(E_spec/max(WI_mill,eps))-k_over*f25,0,1)","F325_discharge_inst = clip(F325_sand+kE*log1p(E_spec/max(WI_mill,eps))-k_over*f25,0,1)"
F0071_1375,1375,10. DCS 具体生成公式和代理防护,10.3 塔磨 DCS 具体公式,1289,text,Liberation_fe_discharge_inst,"clip(Liberation_fe_sand+k_lib_fe*(E_spec/max(WI_mill,eps))*liberation_potential*(1-Liberation_fe_sand),0,1)","Liberation_fe_discharge_inst = clip(Liberation_fe_sand+k_lib_fe*(E_spec/max(WI_mill,eps))*liberation_potential*(1-Liberation_fe_sand),0,1)"
F0071_1376,1376,10. DCS 具体生成公式和代理防护,10.3 塔磨 DCS 具体公式,1289,text,Liberation_gangue_discharge_inst,"clip(Liberation_gangue_sand+k_lib_g*(E_spec/max(WI_mill,eps))*liberation_potential*(1-Liberation_gangue_sand),0,1)","Liberation_gangue_discharge_inst = clip(Liberation_gangue_sand+k_lib_g*(E_spec/max(WI_mill,eps))*liberation_potential*(1-Liberation_gangue_sand),0,1)"
F0071_1377,1377,10. DCS 具体生成公式和代理防护,10.3 塔磨 DCS 具体公式,1289,text,delta_T_mill,"P_mech*k_heat_conv/max(Q_pump*rho_feed*Cp_slurry,eps)","delta_T_mill = P_mech*k_heat_conv/max(Q_pump*rho_feed*Cp_slurry,eps)"
F0071_1378,1378,10. DCS 具体生成公式和代理防护,10.3 塔磨 DCS 具体公式,1289,text,T_slurry_discharge_inst,"T_slurry_sand+delta_T_mill-k_cool_pipe*max(T_slurry_sand-T_amb,0)","T_slurry_discharge_inst = T_slurry_sand+delta_T_mill-k_cool_pipe*max(T_slurry_sand-T_amb,0)"
F0071_1379,1379,10. DCS 具体生成公式和代理防护,10.3 塔磨 DCS 具体公式,1289,text,F325_discharge,"F325_discharge_prev+(dt/max(tau_mill_residence,eps))*(F325_discharge_inst-F325_discharge_prev)","F325_discharge = F325_discharge_prev+(dt/max(tau_mill_residence,eps))*(F325_discharge_inst-F325_discharge_prev)"
F0071_1380,1380,10. DCS 具体生成公式和代理防护,10.3 塔磨 DCS 具体公式,1289,text,Liberation_fe_discharge,"Liberation_fe_discharge_prev+(dt/max(tau_mill_residence,eps))*(Liberation_fe_discharge_inst-Liberation_fe_discharge_prev)","Liberation_fe_discharge = Liberation_fe_discharge_prev+(dt/max(tau_mill_residence,eps))*(Liberation_fe_discharge_inst-Liberation_fe_discharge_prev)"
F0071_1381,1381,10. DCS 具体生成公式和代理防护,10.3 塔磨 DCS 具体公式,1289,text,Liberation_gangue_discharge,"Liberation_gangue_discharge_prev+(dt/max(tau_mill_residence,eps))*(Liberation_gangue_discharge_inst-Liberation_gangue_discharge_prev)","Liberation_gangue_discharge = Liberation_gangue_discharge_prev+(dt/max(tau_mill_residence,eps))*(Liberation_gangue_discharge_inst-Liberation_gangue_discharge_prev)"
F0071_1382,1382,10. DCS 具体生成公式和代理防护,10.3 塔磨 DCS 具体公式,1289,text,T_slurry_discharge,"T_slurry_discharge_prev+(dt/max(tau_mill_residence,eps))*(T_slurry_discharge_inst-T_slurry_discharge_prev)","T_slurry_discharge = T_slurry_discharge_prev+(dt/max(tau_mill_residence,eps))*(T_slurry_discharge_inst-T_slurry_discharge_prev)"
F0071_1383,1383,10. DCS 具体生成公式和代理防护,10.3 塔磨 DCS 具体公式,1289,text,WI_discharge,WI_mill,WI_discharge = WI_mill
F0071_1385,1385,10. DCS 具体生成公式和代理防护,10.3 塔磨 DCS 具体公式,1289,text,f_oil_pump_sp,"clip(f_oil_nom+K_oil_T*max(T_oil-T_oil_sp,0)+K_oil_P*(P_mech-P_ref)/max(P_ref,eps),f_oil_min,f_oil_max)","f_oil_pump_sp = clip(f_oil_nom+K_oil_T*max(T_oil-T_oil_sp,0)+K_oil_P*(P_mech-P_ref)/max(P_ref,eps),f_oil_min,f_oil_max)"
F0071_1386,1386,10. DCS 具体生成公式和代理防护,10.3 塔磨 DCS 具体公式,1289,text,f_oil_pump,f_oil_pump_sp+(f_oil_pump_prev-f_oil_pump_sp)*exp(-dt/tau_oil_pump),f_oil_pump = f_oil_pump_sp+(f_oil_pump_prev-f_oil_pump_sp)*exp(-dt/tau_oil_pump)
F0071_1387,1387,10. DCS 具体生成公式和代理防护,10.3 塔磨 DCS 具体公式,1289,text,oil_flow,k_oil_pump*f_oil_pump*health_oil_pump,oil_flow = k_oil_pump*f_oil_pump*health_oil_pump
F0071_1388,1388,10. DCS 具体生成公式和代理防护,10.3 塔磨 DCS 具体公式,1289,text,u_oil_cooler_sp,"clip(u_oil_cooler_nom+K_cool_T*(T_oil-T_oil_sp),0,1)","u_oil_cooler_sp = clip(u_oil_cooler_nom+K_cool_T*(T_oil-T_oil_sp),0,1)"
F0071_1389,1389,10. DCS 具体生成公式和代理防护,10.3 塔磨 DCS 具体公式,1289,text,u_oil_cooler,u_oil_cooler_sp+(u_oil_cooler_prev-u_oil_cooler_sp)*exp(-dt/tau_oil_cooler),u_oil_cooler = u_oil_cooler_sp+(u_oil_cooler_prev-u_oil_cooler_sp)*exp(-dt/tau_oil_cooler)
F0071_1390,1390,10. DCS 具体生成公式和代理防护,10.3 塔磨 DCS 具体公式,1289,text,oil_cooling_flow,"k_oil_cooler*u_oil_cooler*sqrt(max(cooling_water_pressure,0))","oil_cooling_flow = k_oil_cooler*u_oil_cooler*sqrt(max(cooling_water_pressure,0))"
F0071_1391,1391,10. DCS 具体生成公式和代理防护,10.3 塔磨 DCS 具体公式,1289,text,T_oil_ss,T_amb+kP_oil*P_mech-kcool_oil*oil_cooling_flow,T_oil_ss = T_amb+kP_oil*P_mech-kcool_oil*oil_cooling_flow
F0071_1392,1392,10. DCS 具体生成公式和代理防护,10.3 塔磨 DCS 具体公式,1289,text,T_oil,T_oil_ss+(T_oil_prev-T_oil_ss)*exp(-dt/tau_oil),T_oil = T_oil_ss+(T_oil_prev-T_oil_ss)*exp(-dt/tau_oil)
F0071_1393,1393,10. DCS 具体生成公式和代理防护,10.3 塔磨 DCS 具体公式,1289,text,T_oil_out,T_oil-k_oil_delta*oil_flow+k_oil_heat*P_mech,T_oil_out = T_oil-k_oil_delta*oil_flow+k_oil_heat*P_mech
F0071_1394,1394,10. DCS 具体生成公式和代理防护,10.3 塔磨 DCS 具体公式,1289,text,T_bearing1,T_amb+kbrg1*P_mech+kb_mu1*mu_feed+event_bearing1_fault*delta_fault,T_bearing1 = T_amb+kbrg1*P_mech+kb_mu1*mu_feed+event_bearing1_fault*delta_fault
F0071_1395,1395,10. DCS 具体生成公式和代理防护,10.3 塔磨 DCS 具体公式,1289,text,T_bearing2,T_amb+kbrg2*P_mech+kb_mu2*mu_feed+event_bearing2_fault*delta_fault,T_bearing2 = T_amb+kbrg2*P_mech+kb_mu2*mu_feed+event_bearing2_fault*delta_fault
F0071_1396,1396,10. DCS 具体生成公式和代理防护,10.3 塔磨 DCS 具体公式,1289,text,T_stator_A_ss,T_amb+k_heat_A*I_tm_phys^2,T_stator_A_ss = T_amb+k_heat_A*I_tm_phys^2
F0071_1397,1397,10. DCS 具体生成公式和代理防护,10.3 塔磨 DCS 具体公式,1289,text,T_stator_B_ss,T_amb+k_heat_B*I_tm_phys^2,T_stator_B_ss = T_amb+k_heat_B*I_tm_phys^2
F0071_1398,1398,10. DCS 具体生成公式和代理防护,10.3 塔磨 DCS 具体公式,1289,text,T_stator_A,"T_stator_A_prev+(dt/max(tau_thermal_A,eps))*(T_stator_A_ss-T_stator_A_prev)","T_stator_A = T_stator_A_prev+(dt/max(tau_thermal_A,eps))*(T_stator_A_ss-T_stator_A_prev)"
F0071_1399,1399,10. DCS 具体生成公式和代理防护,10.3 塔磨 DCS 具体公式,1289,text,T_stator_B,"T_stator_B_prev+(dt/max(tau_thermal_B,eps))*(T_stator_B_ss-T_stator_B_prev)","T_stator_B = T_stator_B_prev+(dt/max(tau_thermal_B,eps))*(T_stator_B_ss-T_stator_B_prev)"
F0071_1401,1401,10. DCS 具体生成公式和代理防护,10.3 塔磨 DCS 具体公式,1289,text,dL_ov_pool/dt,(Q_overflow-Q_ov_pump)/A_ov_pool,dL_ov_pool/dt = (Q_overflow-Q_ov_pump)/A_ov_pool
F0071_1402,1402,10. DCS 具体生成公式和代理防护,10.3 塔磨 DCS 具体公式,1289,text,f_ov_pump_sp,"clip(f_ov_nom+K_ov_L*(L_ov_pool-L_ov_sp),f_ov_min,f_ov_max)","f_ov_pump_sp = clip(f_ov_nom+K_ov_L*(L_ov_pool-L_ov_sp),f_ov_min,f_ov_max)"
F0071_1403,1403,10. DCS 具体生成公式和代理防护,10.3 塔磨 DCS 具体公式,1289,text,Q_ov_pump,"k_ov*f_ov_pump_sp*sqrt(max(L_ov_pool,0))","Q_ov_pump = k_ov*f_ov_pump_sp*sqrt(max(L_ov_pool,0))"
F0071_1404,1404,10. DCS 具体生成公式和代理防护,10.3 塔磨 DCS 具体公式,1289,text,I_ov_pump_phys,I0_ov+kf_ov*f_ov_pump_sp^2+kQ_ov*Q_ov_pump+krho_ov*rho_overflow,I_ov_pump_phys = I0_ov+kf_ov*f_ov_pump_sp^2+kQ_ov*Q_ov_pump+krho_ov*rho_overflow
F0072_1410,1410,10. DCS 具体生成公式和代理防护,10.3 塔磨 DCS 具体公式,1409,text,agg_tm_cyclone_feed_pressure,meas(P_cyc),agg_tm_cyclone_feed_pressure = meas(P_cyc)
F0072_1411,1411,10. DCS 具体生成公式和代理防护,10.3 塔磨 DCS 具体公式,1409,text,agg_tm_cyclone_feed_flow,meas(Q_pump),agg_tm_cyclone_feed_flow = meas(Q_pump)
F0072_1412,1412,10. DCS 具体生成公式和代理防护,10.3 塔磨 DCS 具体公式,1409,text,agg_tm_cyclone_pump_freq,meas(f_pump),agg_tm_cyclone_pump_freq = meas(f_pump)
F0072_1413,1413,10. DCS 具体生成公式和代理防护,10.3 塔磨 DCS 具体公式,1409,text,agg_tm_cyclone_pump_current,meas(I_pump_phys),agg_tm_cyclone_pump_current = meas(I_pump_phys)
F0072_1414,1414,10. DCS 具体生成公式和代理防护,10.3 塔磨 DCS 具体公式,1409,text,agg_tm_cyclone_pool_level,meas(L_pool),agg_tm_cyclone_pool_level = meas(L_pool)
F0072_1415,1415,10. DCS 具体生成公式和代理防护,10.3 塔磨 DCS 具体公式,1409,text,agg_tm_cyclone_pool_valve_setpoint,meas(u_water_sp),agg_tm_cyclone_pool_valve_setpoint = meas(u_water_sp)
F0072_1416,1416,10. DCS 具体生成公式和代理防护,10.3 塔磨 DCS 具体公式,1409,text,MC1_FET503_AI,meas(Q_water_phys),MC1_FET503_AI = meas(Q_water_phys)
F0072_1417,1417,10. DCS 具体生成公式和代理防护,10.3 塔磨 DCS 具体公式,1409,text,agg_tm_cyclone_sand_valve_setpoint,meas(u_sand_sp),agg_tm_cyclone_sand_valve_setpoint = meas(u_sand_sp)
F0072_1418,1418,10. DCS 具体生成公式和代理防护,10.3 塔磨 DCS 具体公式,1409,text,agg_tm_cyclone_sand_valve_feedback,meas(u_sand),agg_tm_cyclone_sand_valve_feedback = meas(u_sand)
F0072_1419,1419,10. DCS 具体生成公式和代理防护,10.3 塔磨 DCS 具体公式,1409,text,agg_tm_cyclone_sand_water_flow,meas(Q_sand_water_phys),agg_tm_cyclone_sand_water_flow = meas(Q_sand_water_phys)
F0072_1420,1420,10. DCS 具体生成公式和代理防护,10.3 塔磨 DCS 具体公式,1409,text,agg_tm_motor_current,meas(I_tm_phys),agg_tm_motor_current = meas(I_tm_phys)
F0072_1421,1421,10. DCS 具体生成公式和代理防护,10.3 塔磨 DCS 具体公式,1409,text,agg_tm_reducer_oil_temp,meas(T_oil),agg_tm_reducer_oil_temp = meas(T_oil)
F0072_1422,1422,10. DCS 具体生成公式和代理防护,10.3 塔磨 DCS 具体公式,1409,text,agg_tm_reducer_outlet_temp,meas(T_oil_out),agg_tm_reducer_outlet_temp = meas(T_oil_out)
F0072_1423,1423,10. DCS 具体生成公式和代理防护,10.3 塔磨 DCS 具体公式,1409,text,MC1_TM204_HDZC_1_WD_AI,meas(T_bearing1),MC1_TM204_HDZC_1_WD_AI = meas(T_bearing1)
F0072_1424,1424,10. DCS 具体生成公式和代理防护,10.3 塔磨 DCS 具体公式,1409,text,MC1_TM206_HDZC_2_WD_AI,meas(T_bearing2),MC1_TM206_HDZC_2_WD_AI = meas(T_bearing2)
F0072_1425,1425,10. DCS 具体生成公式和代理防护,10.3 塔磨 DCS 具体公式,1409,text,MC1_TM204_ZDJ_DZ_A_WD_AI,meas(T_stator_A),MC1_TM204_ZDJ_DZ_A_WD_AI = meas(T_stator_A)
F0072_1426,1426,10. DCS 具体生成公式和代理防护,10.3 塔磨 DCS 具体公式,1409,text,MC1_TM206_ZDJ_DZ_B_WD_AI,meas(T_stator_B),MC1_TM206_ZDJ_DZ_B_WD_AI = meas(T_stator_B)
F0072_1427,1427,10. DCS 具体生成公式和代理防护,10.3 塔磨 DCS 具体公式,1409,text,agg_tm_cyclone_overflow_pool_level,meas(L_ov_pool),agg_tm_cyclone_overflow_pool_level = meas(L_ov_pool)
F0072_1428,1428,10. DCS 具体生成公式和代理防护,10.3 塔磨 DCS 具体公式,1409,text,agg_tm_overflow_pump_current,meas(I_ov_pump_phys),agg_tm_overflow_pump_current = meas(I_ov_pump_phys)
F0074_1446,1446,10. DCS 具体生成公式和代理防护,10.4 浮选 DCS 具体公式,1445,text,Q_NT_in_s,split_NT_s*Q_tm_overflow_delayed,Q_NT_in_s = split_NT_s*Q_tm_overflow_delayed
F0074_1447,1447,10. DCS 具体生成公式和代理防护,10.4 浮选 DCS 具体公式,1445,text,M_NT_in_solid_s,split_NT_s*M_tm_overflow_solid_delayed,M_NT_in_solid_s = split_NT_s*M_tm_overflow_solid_delayed
F0074_1448,1448,10. DCS 具体生成公式和代理防护,10.4 浮选 DCS 具体公式,1445,text,M_NT_in_water_s,split_NT_s*M_tm_overflow_water_delayed,M_NT_in_water_s = split_NT_s*M_tm_overflow_water_delayed
F0074_1449,1449,10. DCS 具体生成公式和代理防护,10.4 浮选 DCS 具体公式,1445,text,T_NT_in_s,"T_tm_overflow_delayed-k_cool_to_NT*max(T_tm_overflow_delayed-T_amb,0)","T_NT_in_s = T_tm_overflow_delayed-k_cool_to_NT*max(T_tm_overflow_delayed-T_amb,0)"
F0074_1451,1451,10. DCS 具体生成公式和代理防护,10.4 浮选 DCS 具体公式,1445,text,dM_NT_solid_s/dt,M_NT_in_solid_s-M_NT_under_solid_s-M_NT_over_solid_s,dM_NT_solid_s/dt = M_NT_in_solid_s-M_NT_under_solid_s-M_NT_over_solid_s
F0074_1452,1452,10. DCS 具体生成公式和代理防护,10.4 浮选 DCS 具体公式,1445,text,dV_NT_water_s/dt,Q_NT_in_water_s-Q_NT_under_water_s-Q_NT_over_water_s,dV_NT_water_s/dt = Q_NT_in_water_s-Q_NT_under_water_s-Q_NT_over_water_s
F0074_1453,1453,10. DCS 具体生成公式和代理防护,10.4 浮选 DCS 具体公式,1445,text,L_NT_s,(M_NT_solid_s/rho_solid_mix_s+V_NT_water_s)/A_NT_s,L_NT_s = (M_NT_solid_s/rho_solid_mix_s+V_NT_water_s)/A_NT_s
F0074_1455,1455,10. DCS 具体生成公式和代理防护,10.4 浮选 DCS 具体公式,1445,text,C_under_sp_s,"clip(C_NT_nom+Kbed_NT*(L_NT_s-L_NT_ref)+Kload_NT*(M_NT_in_solid_s-M_NT_ref),C_NT_min,C_NT_max)","C_under_sp_s = clip(C_NT_nom+Kbed_NT*(L_NT_s-L_NT_ref)+Kload_NT*(M_NT_in_solid_s-M_NT_ref),C_NT_min,C_NT_max)"
F0074_1456,1456,10. DCS 具体生成公式和代理防护,10.4 浮选 DCS 具体公式,1445,text,C_under_s,C_under_sp_s+(C_under_s_prev-C_under_sp_s)*exp(-dt/tau_NT_C),C_under_s = C_under_sp_s+(C_under_s_prev-C_under_sp_s)*exp(-dt/tau_NT_C)
F0074_1457,1457,10. DCS 具体生成公式和代理防护,10.4 浮选 DCS 具体公式,1445,text,rho_under_s,"rho_slurry(C_under_s,rho_solid_mix_s)","rho_under_s = rho_slurry(C_under_s,rho_solid_mix_s)"
F0074_1458,1458,10. DCS 具体生成公式和代理防护,10.4 浮选 DCS 具体公式,1445,text,T_under_s,"T_NT_in_s-k_cool_NT*max(T_NT_in_s-T_amb,0)","T_under_s = T_NT_in_s-k_cool_NT*max(T_NT_in_s-T_amb,0)"
F0074_1459,1459,10. DCS 具体生成公式和代理防护,10.4 浮选 DCS 具体公式,1445,text,mu_under_s,"mu_slurry(C_under_s,clay_s,f25_s,r_sil_s,T_under_s)","mu_under_s = mu_slurry(C_under_s,clay_s,f25_s,r_sil_s,T_under_s)"
F0074_1461,1461,10. DCS 具体生成公式和代理防护,10.4 浮选 DCS 具体公式,1445,text,Q_NT_under_s,"k_NT_under*u_NT_under_s*sqrt(max(L_NT_s,0))","Q_NT_under_s = k_NT_under*u_NT_under_s*sqrt(max(L_NT_s,0))"
F0074_1462,1462,10. DCS 具体生成公式和代理防护,10.4 浮选 DCS 具体公式,1445,text,M_NT_under_solid_s,Q_NT_under_s*rho_under_s*C_under_s,M_NT_under_solid_s = Q_NT_under_s*rho_under_s*C_under_s
F0074_1463,1463,10. DCS 具体生成公式和代理防护,10.4 浮选 DCS 具体公式,1445,text,M_NT_under_water_s,Q_NT_under_s*rho_under_s*(1-C_under_s),M_NT_under_water_s = Q_NT_under_s*rho_under_s*(1-C_under_s)
F0074_1464,1464,10. DCS 具体生成公式和代理防护,10.4 浮选 DCS 具体公式,1445,text,bed_mass_s,M_NT_solid_s-M_NT_solid_ref,bed_mass_s = M_NT_solid_s-M_NT_solid_ref
F0074_1465,1465,10. DCS 具体生成公式和代理防护,10.4 浮选 DCS 具体公式,1445,text,I_NT_s,"I0_NT+kM_NT*M_NT_under_solid_s+kmu_NT*mu_under_s+kbed_NT*max(bed_mass_s,0)","I_NT_s = I0_NT+kM_NT*M_NT_under_solid_s+kmu_NT*mu_under_s+kbed_NT*max(bed_mass_s,0)"
F0075_1471,1471,10. DCS 具体生成公式和代理防护,10.4 浮选 DCS 具体公式,1470,text,quality_proxy_s,w_tm_lab*ffill_reported(lab_tm_overflow_tfe) + w_mag_lab*ffill_reported(lab_mag_mixed_conc_tfe) + w_load*standardize(agg_tm_motor_current_lag) + w_pressure*standardize(agg_tm_cyclone_feed_pressure_lag) + w_froth*standardize(mean_froth_h_lag),quality_proxy_s = w_tm_lab*ffill_reported(lab_tm_overflow_tfe) + w_mag_lab*ffill_reported(lab_mag_mixed_conc_tfe) + w_load*standardize(agg_tm_motor_current_lag) + w_pressure*standardize(agg_tm_cyclone_feed_pressure_lag) + w_froth*standardize(mean_froth_h_lag)
F0075_1478,1478,10. DCS 具体生成公式和代理防护,10.4 浮选 DCS 具体公式,1470,text,floatability_difficulty,w_carb*r_carb + w_sil*r_sil + w_fine*f25 + w_coarse*(1-F325) + w_low_lib*(1-Liberation_gangue) + w_density*abs(C-C_opt) + w_clay*clay,floatability_difficulty = w_carb*r_carb + w_sil*r_sil + w_fine*f25 + w_coarse*(1-F325) + w_low_lib*(1-Liberation_gangue) + w_density*abs(C-C_opt) + w_clay*clay
F0076_1491,1491,10. DCS 具体生成公式和代理防护,10.4 浮选 DCS 具体公式,1490,text,dose_need_TD_rough_s,"d0_td_r+Kload_td*M_feed_solid_s+Kdiff_td*floatability_difficulty_s+Kfroth_td*(h_ref-mean_c(h_froth_lag_{s,c}))+operator_trim_td_s+PRBS_TD_s","dose_need_TD_rough_s = d0_td_r+Kload_td*M_feed_solid_s+Kdiff_td*floatability_difficulty_s+Kfroth_td*(h_ref-mean_c(h_froth_lag_{s,c}))+operator_trim_td_s+PRBS_TD_s"
F0076_1492,1492,10. DCS 具体生成公式和代理防护,10.4 浮选 DCS 具体公式,1490,text,dose_need_TD_clean_s,d0_td_c+Kproxy_td*(quality_proxy_ref-quality_proxy_s)+Kdiff_clean*floatability_difficulty_s+operator_trim_td_clean_s,dose_need_TD_clean_s = d0_td_c+Kproxy_td*(quality_proxy_ref-quality_proxy_s)+Kdiff_clean*floatability_difficulty_s+operator_trim_td_clean_s
F0076_1493,1493,10. DCS 具体生成公式和代理防护,10.4 浮选 DCS 具体公式,1490,text,dose_need_DF_K6_s,d0_k6+Kslime_k6*f25_s+Ksil_k6*r_sil_s+Kcarb_k6*r_carb_s+Kselect_k6*(selectivity_ref-selectivity_proxy_s),dose_need_DF_K6_s = d0_k6+Kslime_k6*f25_s+Ksil_k6*r_sil_s+Kcarb_k6*r_carb_s+Kselect_k6*(selectivity_ref-selectivity_proxy_s)
F0076_1495,1495,10. DCS 具体生成公式和代理防护,10.4 浮选 DCS 具体公式,1490,text,"dose_need_{s,td_rough}",dose_need_TD_rough_s,"dose_need_{s,td_rough}=dose_need_TD_rough_s"
F0076_1496,1496,10. DCS 具体生成公式和代理防护,10.4 浮选 DCS 具体公式,1490,text,"dose_need_{s,td_clean}",dose_need_TD_clean_s,"dose_need_{s,td_clean}=dose_need_TD_clean_s"
F0076_1497,1497,10. DCS 具体生成公式和代理防护,10.4 浮选 DCS 具体公式,1490,text,"dose_need_{s,k6_rough}",dose_need_DF_K6_s,"dose_need_{s,k6_rough}=dose_need_DF_K6_s"
F0076_1498,1498,10. DCS 具体生成公式和代理防护,10.4 浮选 DCS 具体公式,1490,text,"f_{s,j}_sp","clip(a_freq_j+b_freq_j*dose_need_{s,j}*M_feed_solid_s,f_min_j,f_max_j)","f_{s,j}_sp = clip(a_freq_j+b_freq_j*dose_need_{s,j}*M_feed_solid_s,f_min_j,f_max_j)"
F0076_1499,1499,10. DCS 具体生成公式和代理防护,10.4 浮选 DCS 具体公式,1490,text,"f_{s,j}","f_{s,j}_sp+(f_{s,j}_prev-f_{s,j}_sp)*exp(-dt/tau_j_act)","f_{s,j} = f_{s,j}_sp+(f_{s,j}_prev-f_{s,j}_sp)*exp(-dt/tau_j_act)"
F0076_1500,1500,10. DCS 具体生成公式和代理防护,10.4 浮选 DCS 具体公式,1490,text,"Q_{s,j}_ml_s","max(k_pump_j*f_{s,j}*health_{s,j},0)","Q_{s,j}_ml_s = max(k_pump_j*f_{s,j}*health_{s,j},0)"
F0076_1501,1501,10. DCS 具体生成公式和代理防护,10.4 浮选 DCS 具体公式,1490,text,"I_drug_j_phys_{s,j}","I0_j+kf_j*f_{s,j}+kvis_j*reagent_viscosity_{s,j}+kpress_j*reagent_supply_pressure_j","I_drug_j_phys_{s,j} = I0_j+kf_j*f_{s,j}+kvis_j*reagent_viscosity_{s,j}+kpress_j*reagent_supply_pressure_j"
F0076_1503,1503,10. DCS 具体生成公式和代理防护,10.4 浮选 DCS 具体公式,1490,text,dose_TD_effective_s,"dose_TD_effective_prev_s+(dt/max(tau_adsorption_TD_s,eps))*(dose_TD_s-dose_TD_effective_prev_s)","dose_TD_effective_s = dose_TD_effective_prev_s+(dt/max(tau_adsorption_TD_s,eps))*(dose_TD_s-dose_TD_effective_prev_s)"
F0076_1504,1504,10. DCS 具体生成公式和代理防护,10.4 浮选 DCS 具体公式,1490,text,dose_DF_K6_effective_s,"dose_DF_K6_effective_prev_s+(dt/max(tau_adsorption_K6_s,eps))*(dose_DF_K6_s-dose_DF_K6_effective_prev_s)","dose_DF_K6_effective_s = dose_DF_K6_effective_prev_s+(dt/max(tau_adsorption_K6_s,eps))*(dose_DF_K6_s-dose_DF_K6_effective_prev_s)"
F0077_1510,1510,10. DCS 具体生成公式和代理防护,10.4 浮选 DCS 具体公式,1509,text,dL_k6_s/dt,(Q_k6_refill_s-Q_k6_consumption_s)/A_k6,dL_k6_s/dt = (Q_k6_refill_s-Q_k6_consumption_s)/A_k6
F0077_1511,1511,10. DCS 具体生成公式和代理防护,10.4 浮选 DCS 具体公式,1509,text,Q_k6_consumption_s,k_k6_pump*f_k6_rough_s,Q_k6_consumption_s = k_k6_pump*f_k6_rough_s
F0077_1512,1512,10. DCS 具体生成公式和代理防护,10.4 浮选 DCS 具体公式,1509,text,event_k6_refill_s,1 if L_k6_s<L_refill_low else 0,event_k6_refill_s = 1 if L_k6_s<L_refill_low else 0
F0077_1513,1513,10. DCS 具体生成公式和代理防护,10.4 浮选 DCS 具体公式,1509,text,Q_k6_refill_s,event_k6_refill_s*Q_refill_nom,Q_k6_refill_s = event_k6_refill_s*Q_refill_nom
F0078_1519,1519,10. DCS 具体生成公式和代理防护,10.4 浮选 DCS 具体公式,1518,text,buffer_capacity_s,b0+b_carb*r_carb_s+b_sil*r_sil_s+b_clay*clay_s+b_C*C_s+b_flow*M_feed_solid_s,buffer_capacity_s=b0+b_carb*r_carb_s+b_sil*r_sil_s+b_clay*clay_s+b_C*C_s+b_flow*M_feed_solid_s
F0078_1520,1520,10. DCS 具体生成公式和代理防护,10.4 浮选 DCS 具体公式,1518,text,pH_sp_s,"clip(pH_nom+Kcarb_sp*(r_carb_s-r_carb_ref)+Ksil_sp*(r_sil_s-r_sil_ref)+operator_trim_pH_s+PRBS_pH_s,pH_min,pH_max)","pH_sp_s=clip(pH_nom+Kcarb_sp*(r_carb_s-r_carb_ref)+Ksil_sp*(r_sil_s-r_sil_ref)+operator_trim_pH_s+PRBS_pH_s,pH_min,pH_max)"
F0078_1521,1521,10. DCS 具体生成公式和代理防护,10.4 浮选 DCS 具体公式,1518,text,dose_need_naoh_s,d0_naoh+Kp_pH*(pH_sp_s-pH_lag_s)+Kbuf_naoh*buffer_capacity_s+Kflow_naoh*M_feed_solid_s,dose_need_naoh_s=d0_naoh+Kp_pH*(pH_sp_s-pH_lag_s)+Kbuf_naoh*buffer_capacity_s+Kflow_naoh*M_feed_solid_s
F0078_1522,1522,10. DCS 具体生成公式和代理防护,10.4 浮选 DCS 具体公式,1518,text,dose_need_cao_s,d0_cao+Kcarb_cao*r_carb_s+Ksil_cao*r_sil_s+Kbuf_cao*buffer_capacity_s,dose_need_cao_s=d0_cao+Kcarb_cao*r_carb_s+Ksil_cao*r_sil_s+Kbuf_cao*buffer_capacity_s
F0078_1523,1523,10. DCS 具体生成公式和代理防护,10.4 浮选 DCS 具体公式,1518,text,"dose_need_{s,naoh}",dose_need_naoh_s,"dose_need_{s,naoh}=dose_need_naoh_s"
F0078_1524,1524,10. DCS 具体生成公式和代理防护,10.4 浮选 DCS 具体公式,1518,text,"dose_need_{s,cao}",dose_need_cao_s,"dose_need_{s,cao}=dose_need_cao_s"
F0078_1525,1525,10. DCS 具体生成公式和代理防护,10.4 浮选 DCS 具体公式,1518,text,OH_effect_s,k_naoh_oh*dose_naoh_kg_t_s+k_cao_oh*dose_cao_kg_t_s,OH_effect_s=k_naoh_oh*dose_naoh_kg_t_s+k_cao_oh*dose_cao_kg_t_s
F0078_1526,1526,10. DCS 具体生成公式和代理防护,10.4 浮选 DCS 具体公式,1518,text,Ca2_effect_s,k_cao_ca*dose_cao_kg_t_s,Ca2_effect_s=k_cao_ca*dose_cao_kg_t_s
F0078_1527,1527,10. DCS 具体生成公式和代理防护,10.4 浮选 DCS 具体公式,1518,text,pH_ss_s,"pH_base+k_pH*log1p(OH_effect_s/max(buffer_capacity_s,eps))","pH_ss_s=pH_base+k_pH*log1p(OH_effect_s/max(buffer_capacity_s,eps))"
F0078_1528,1528,10. DCS 具体生成公式和代理防护,10.4 浮选 DCS 具体公式,1518,text,pH_s,pH_ss_s+(pH_prev_s-pH_ss_s)*exp(-dt/tau_pH),pH_s=pH_ss_s+(pH_prev_s-pH_ss_s)*exp(-dt/tau_pH)
F0079_1534,1534,10. DCS 具体生成公式和代理防护,10.4 浮选 DCS 具体公式,1533,text,"hydrophobic_load_{s,c}","M_froth_gangue_lag_{s,c}+M_froth_fe_sil_lag_{s,c}+M_froth_fe_carb_lag_{s,c}+k_fe_froth*(M_froth_fe_mag_lag_{s,c}+M_froth_fe_hem_lag_{s,c})","hydrophobic_load_{s,c}=M_froth_gangue_lag_{s,c}+M_froth_fe_sil_lag_{s,c}+M_froth_fe_carb_lag_{s,c}+k_fe_froth*(M_froth_fe_mag_lag_{s,c}+M_froth_fe_hem_lag_{s,c})"
F0079_1535,1535,10. DCS 具体生成公式和代理防护,10.4 浮选 DCS 具体公式,1533,text,"Q_air_sp_{s,c}","clip(Q_air_nom_c+Kh_c*(h_ref_c-h_froth_lag_{s,c})+Kload_c*(M_feed_solid_s-M_ref)+Khydro_c*(hydrophobic_load_{s,c}-hydro_ref_c)+Kdensity_c*(C_s-C_ref)+operator_trim_air_{s,c}+PRBS_air_{s,c},Q_air_min_c,Q_air_max_c)","Q_air_sp_{s,c}=clip(Q_air_nom_c+Kh_c*(h_ref_c-h_froth_lag_{s,c})+Kload_c*(M_feed_solid_s-M_ref)+Khydro_c*(hydrophobic_load_{s,c}-hydro_ref_c)+Kdensity_c*(C_s-C_ref)+operator_trim_air_{s,c}+PRBS_air_{s,c},Q_air_min_c,Q_air_max_c)"
F0079_1537,1537,10. DCS 具体生成公式和代理防护,10.4 浮选 DCS 具体公式,1533,text,P_header_sp,"clip(P_header_nom+Kair_header*(sum_{s,c}(Q_air_sp_{s,c})-Q_air_total_ref)+Kvalve_header*(u_bv_ref-mean_{s,c}(u_bv_{s,c})),P_header_min,P_header_max)","P_header_sp = clip(P_header_nom+Kair_header*(sum_{s,c}(Q_air_sp_{s,c})-Q_air_total_ref)+Kvalve_header*(u_bv_ref-mean_{s,c}(u_bv_{s,c})),P_header_min,P_header_max)"
F0079_1538,1538,10. DCS 具体生成公式和代理防护,10.4 浮选 DCS 具体公式,1533,text,Q_air_total,"sum_{s,c}(Q_air_{s,c})","Q_air_total = sum_{s,c}(Q_air_{s,c})"
F0079_1539,1539,10. DCS 具体生成公式和代理防护,10.4 浮选 DCS 具体公式,1533,text,d(air_filter_fouling)/dt,k_dust*Q_air_total-event_filter_clean*cleaning_rate_filter,d(air_filter_fouling)/dt = k_dust*Q_air_total-event_filter_clean*cleaning_rate_filter
F0079_1540,1540,10. DCS 具体生成公式和代理防护,10.4 浮选 DCS 具体公式,1533,text,air_filter_fouling,"clip(air_filter_fouling_prev+dt*d(air_filter_fouling)/dt,0,1)","air_filter_fouling = clip(air_filter_fouling_prev+dt*d(air_filter_fouling)/dt,0,1)"
F0079_1541,1541,10. DCS 具体生成公式和代理防护,10.4 浮选 DCS 具体公式,1533,text,header_resistance,R_header0*(1+k_header_dust*air_filter_fouling+k_header_valve*mean(1-u_bv)),header_resistance = R_header0*(1+k_header_dust*air_filter_fouling+k_header_valve*mean(1-u_bv))
F0079_1542,1542,10. DCS 具体生成公式和代理防护,10.4 浮选 DCS 具体公式,1533,text,blower_load_share_b,"blower_on_b*blower_capacity_b/max(sum_b(blower_on_b*blower_capacity_b),eps)","blower_load_share_b = blower_on_b*blower_capacity_b/max(sum_b(blower_on_b*blower_capacity_b),eps)"
F0079_1543,1543,10. DCS 具体生成公式和代理防护,10.4 浮选 DCS 具体公式,1533,text,Q_blower_b,blower_load_share_b*Q_air_total,Q_blower_b = blower_load_share_b*Q_air_total
F0079_1544,1544,10. DCS 具体生成公式和代理防护,10.4 浮选 DCS 具体公式,1533,text,blower_speed_sp_b,"clip(speed_nom_b+KP_header_b*(P_header_sp-P_header)+KQ_blower_b*(Q_blower_b-Q_blower_ref_b),speed_min_b,speed_max_b)","blower_speed_sp_b = clip(speed_nom_b+KP_header_b*(P_header_sp-P_header)+KQ_blower_b*(Q_blower_b-Q_blower_ref_b),speed_min_b,speed_max_b)"
F0079_1545,1545,10. DCS 具体生成公式和代理防护,10.4 浮选 DCS 具体公式,1533,text,blower_speed_b,blower_speed_sp_b+(blower_speed_prev_b-blower_speed_sp_b)*exp(-dt/tau_blower_speed_b),blower_speed_b = blower_speed_sp_b+(blower_speed_prev_b-blower_speed_sp_b)*exp(-dt/tau_blower_speed_b)
F0079_1546,1546,10. DCS 具体生成公式和代理防护,10.4 浮选 DCS 具体公式,1533,text,P_blower_curve_b,"clip(a_fan_b*blower_speed_b^2-b_fan_b*Q_blower_b^2, P_blower_pressure_min_b, P_blower_pressure_max_b)","P_blower_curve_b = clip(a_fan_b*blower_speed_b^2-b_fan_b*Q_blower_b^2, P_blower_pressure_min_b, P_blower_pressure_max_b)"
F0079_1547,1547,10. DCS 具体生成公式和代理防护,10.4 浮选 DCS 具体公式,1533,text,P_header_ss,"clip(weighted_mean_b(P_blower_curve_b, blower_load_share_b)-header_resistance*Q_air_total^2, P_header_min, P_header_max)","P_header_ss = clip(weighted_mean_b(P_blower_curve_b, blower_load_share_b)-header_resistance*Q_air_total^2, P_header_min, P_header_max)"
F0079_1548,1548,10. DCS 具体生成公式和代理防护,10.4 浮选 DCS 具体公式,1533,text,P_header,P_header_ss+(P_header_prev-P_header_ss)*exp(-dt/tau_header_pressure),P_header = P_header_ss+(P_header_prev-P_header_ss)*exp(-dt/tau_header_pressure)
F0079_1549,1549,10. DCS 具体生成公式和代理防护,10.4 浮选 DCS 具体公式,1533,text,P_blower_pressure_b,"clip(P_header+k_blower_discharge_drop_b*Q_blower_b^2, P_blower_pressure_min_b, P_blower_pressure_max_b)","P_blower_pressure_b = clip(P_header+k_blower_discharge_drop_b*Q_blower_b^2, P_blower_pressure_min_b, P_blower_pressure_max_b)"
F0079_1550,1550,10. DCS 具体生成公式和代理防护,10.4 浮选 DCS 具体公式,1533,text,DeltaP_blower_Pa_b,"1e6*max(P_blower_pressure_b-P_amb_pressure,0)","DeltaP_blower_Pa_b = 1e6*max(P_blower_pressure_b-P_amb_pressure,0)"
F0079_1551,1551,10. DCS 具体生成公式和代理防护,10.4 浮选 DCS 具体公式,1533,text,P_blower_shaft_kW_b,"Q_blower_b*DeltaP_blower_Pa_b/max(eta_fan_b,eps)/1000","P_blower_shaft_kW_b = Q_blower_b*DeltaP_blower_Pa_b/max(eta_fan_b,eps)/1000"
F0079_1552,1552,10. DCS 具体生成公式和代理防护,10.4 浮选 DCS 具体公式,1533,text,I_blower_phys_b,"1000*P_blower_shaft_kW_b/max(sqrt(3)*V_blower_b*pf_blower_b*eta_blower_motor_b,eps)","I_blower_phys_b = 1000*P_blower_shaft_kW_b/max(sqrt(3)*V_blower_b*pf_blower_b*eta_blower_motor_b,eps)"
F0079_1554,1554,10. DCS 具体生成公式和代理防护,10.4 浮选 DCS 具体公式,1533,text,"P_cell_{s,c}","P_amb_pressure+rho_slurry_s*g*L_cell_{s,c}/1e6+k_froth_pressure*h_froth_{s,c}","P_cell_{s,c}=P_amb_pressure+rho_slurry_s*g*L_cell_{s,c}/1e6+k_froth_pressure*h_froth_{s,c}"
F0079_1555,1555,10. DCS 具体生成公式和代理防护,10.4 浮选 DCS 具体公式,1533,text,"u_bv_sp_{s,c}","clip(k_air_valve_c*Q_air_sp_{s,c}/sqrt(max(P_header-P_cell_{s,c},eps)),0.1,0.9)","u_bv_sp_{s,c}=clip(k_air_valve_c*Q_air_sp_{s,c}/sqrt(max(P_header-P_cell_{s,c},eps)),0.1,0.9)"
F0079_1556,1556,10. DCS 具体生成公式和代理防护,10.4 浮选 DCS 具体公式,1533,text,"u_bv_{s,c}","u_bv_sp_{s,c}+(u_bv_prev_{s,c}-u_bv_sp_{s,c})*exp(-dt/tau_bv_c)","u_bv_{s,c}=u_bv_sp_{s,c}+(u_bv_prev_{s,c}-u_bv_sp_{s,c})*exp(-dt/tau_bv_c)"
F0079_1557,1557,10. DCS 具体生成公式和代理防护,10.4 浮选 DCS 具体公式,1533,text,"Q_air_{s,c}","C_orifice_c*u_bv_{s,c}*sqrt(max(P_header-P_cell_{s,c},0))","Q_air_{s,c}=C_orifice_c*u_bv_{s,c}*sqrt(max(P_header-P_cell_{s,c},0))"
F0079_1558,1558,10. DCS 具体生成公式和代理防护,10.4 浮选 DCS 具体公式,1533,text,"gas_holdup_{s,c}","clip( k_gas_c*Q_air_{s,c}*(1+k_mu_gas_c*max(mu_slurry_s-mu_ref,0)), 0,gas_holdup_max_c)","gas_holdup_{s,c}=clip( k_gas_c*Q_air_{s,c}*(1+k_mu_gas_c*max(mu_slurry_s-mu_ref,0)), 0,gas_holdup_max_c)"
F0079_1561,1561,10. DCS 具体生成公式和代理防护,10.4 浮选 DCS 具体公式,1533,text,"L_cell_aerated_{s,c}","L_cell_{s,c}/max(1-gas_holdup_{s,c},eps)","L_cell_aerated_{s,c}=L_cell_{s,c}/max(1-gas_holdup_{s,c},eps)"
F0079_1563,1563,10. DCS 具体生成公式和代理防护,10.4 浮选 DCS 具体公式,1533,text,"scraper_speed_{s,c}","clip( scraper_nom_c+K_scrape_P_c*max(h_froth_{s,c}-h_scrape_ref_c,0), speed_min_c,speed_max_c)","scraper_speed_{s,c}=clip( scraper_nom_c+K_scrape_P_c*max(h_froth_{s,c}-h_scrape_ref_c,0), speed_min_c,speed_max_c)"
F0079_1566,1566,10. DCS 具体生成公式和代理防护,10.4 浮选 DCS 具体公式,1533,text,"froth_stability_{s,c}",s0_c+s_TD_c*dose_TD_effective_s+s_K6_c*dose_DF_K6_effective_s+s_f25_c*f25_s+s_C_c*C_s+s_Ca_c*Ca2_effect_s+s_lib_c*Liberation_gangue_s+s_clay_c*clay_s,"froth_stability_{s,c}=s0_c+s_TD_c*dose_TD_effective_s+s_K6_c*dose_DF_K6_effective_s+s_f25_c*f25_s+s_C_c*C_s+s_Ca_c*Ca2_effect_s+s_lib_c*Liberation_gangue_s+s_clay_c*clay_s"
F0079_1567,1567,10. DCS 具体生成公式和代理防护,10.4 浮选 DCS 具体公式,1533,text,"h_ss_{s,c}","k_h_c*Q_air_{s,c}*hydrophobic_load_{s,c}*froth_stability_{s,c}/max(k_collapse_c+k_scrape_c*scraper_speed_{s,c},eps)","h_ss_{s,c}=k_h_c*Q_air_{s,c}*hydrophobic_load_{s,c}*froth_stability_{s,c}/max(k_collapse_c+k_scrape_c*scraper_speed_{s,c},eps)"
F0079_1568,1568,10. DCS 具体生成公式和代理防护,10.4 浮选 DCS 具体公式,1533,text,"h_froth_{s,c}","h_ss_{s,c}+(h_froth_prev_{s,c}-h_ss_{s,c})*exp(-dt/tau_froth_c)","h_froth_{s,c}=h_ss_{s,c}+(h_froth_prev_{s,c}-h_ss_{s,c})*exp(-dt/tau_froth_c)"
F0080_1574,1574,10. DCS 具体生成公式和代理防护,10.4 浮选 DCS 具体公式,1573,text,"Q_in_cell_{s,cx1}",Q_feed_s,"Q_in_cell_{s,cx1}=Q_feed_s"
F0080_1575,1575,10. DCS 具体生成公式和代理防护,10.4 浮选 DCS 具体公式,1573,text,"Q_in_cell_{s,cx2}","Q_out_cell_{s,cx1}","Q_in_cell_{s,cx2}=Q_out_cell_{s,cx1}"
F0080_1576,1576,10. DCS 具体生成公式和代理防护,10.4 浮选 DCS 具体公式,1573,text,"Q_in_cell_{s,cx3}","Q_out_cell_{s,cx2}","Q_in_cell_{s,cx3}=Q_out_cell_{s,cx2}"
F0080_1577,1577,10. DCS 具体生成公式和代理防护,10.4 浮选 DCS 具体公式,1573,text,"Q_in_cell_{s,jx}",Q_rougher_froth_s,"Q_in_cell_{s,jx}=Q_rougher_froth_s"
F0080_1578,1578,10. DCS 具体生成公式和代理防护,10.4 浮选 DCS 具体公式,1573,text,"Q_in_cell_{s,sx1}",Q_rougher_tail_s,"Q_in_cell_{s,sx1}=Q_rougher_tail_s"
F0080_1579,1579,10. DCS 具体生成公式和代理防护,10.4 浮选 DCS 具体公式,1573,text,"Q_in_cell_{s,sx2}",Q_scav1_tail_s,"Q_in_cell_{s,sx2}=Q_scav1_tail_s"
F0080_1580,1580,10. DCS 具体生成公式和代理防护,10.4 浮选 DCS 具体公式,1573,text,"Q_in_cell_{s,sx3}",Q_scav2_tail_s,"Q_in_cell_{s,sx3}=Q_scav2_tail_s"
F0080_1582,1582,10. DCS 具体生成公式和代理防护,10.4 浮选 DCS 具体公式,1573,text,"u_lv_sp_{s,c}","clip(u0_c+Kp_L_c*(L_sp_c-L_cell_aerated_lag_{s,c})+Ki_L_c*int_L_error_{s,c},0,1)","u_lv_sp_{s,c}=clip(u0_c+Kp_L_c*(L_sp_c-L_cell_aerated_lag_{s,c})+Ki_L_c*int_L_error_{s,c},0,1)"
F0080_1583,1583,10. DCS 具体生成公式和代理防护,10.4 浮选 DCS 具体公式,1573,text,"u_lv_fb_{s,c}","u_lv_sp_{s,c}+(u_lv_fb_prev_{s,c}-u_lv_sp_{s,c})*exp(-dt/tau_lv_c)","u_lv_fb_{s,c}=u_lv_sp_{s,c}+(u_lv_fb_prev_{s,c}-u_lv_sp_{s,c})*exp(-dt/tau_lv_c)"
F0080_1584,1584,10. DCS 具体生成公式和代理防护,10.4 浮选 DCS 具体公式,1573,text,"Q_out_cell_{s,c}","Cv_lv_c*u_lv_fb_{s,c}*sqrt(max(L_cell_{s,c},0))","Q_out_cell_{s,c}=Cv_lv_c*u_lv_fb_{s,c}*sqrt(max(L_cell_{s,c},0))"
F0080_1585,1585,10. DCS 具体生成公式和代理防护,10.4 浮选 DCS 具体公式,1573,text,"V_pulp_actual_{s,c}","A_cell_c*max(L_cell_{s,c},0)","V_pulp_actual_{s,c}=A_cell_c*max(L_cell_{s,c},0)"
F0080_1586,1586,10. DCS 具体生成公式和代理防护,10.4 浮选 DCS 具体公式,1573,text,"tau_stage_h_{s,c}","V_pulp_actual_{s,c}/max(Q_out_cell_{s,c},eps)","tau_stage_h_{s,c}=V_pulp_actual_{s,c}/max(Q_out_cell_{s,c},eps)"
F0080_1587,1587,10. DCS 具体生成公式和代理防护,10.4 浮选 DCS 具体公式,1573,text,"lip_clearance_{s,c}","L_cell_{s,c}+h_froth_{s,c}-H_lip_reference_c","lip_clearance_{s,c}=L_cell_{s,c}+h_froth_{s,c}-H_lip_reference_c"
F0080_1588,1588,10. DCS 具体生成公式和代理防护,10.4 浮选 DCS 具体公式,1573,text,"R_froth_zone_{s,c}","clip( sigmoid(k_lip_c*lip_clearance_{s,c})*h_froth_{s,c}/max(h_froth_target_c,eps), 0,1)","R_froth_zone_{s,c}=clip( sigmoid(k_lip_c*lip_clearance_{s,c})*h_froth_{s,c}/max(h_froth_target_c,eps), 0,1)"
F0080_1592,1592,10. DCS 具体生成公式和代理防护,10.4 浮选 DCS 具体公式,1573,text,"E_collector_{s,c}",sigmoid(a1_c*(dose_TD_effective_s-dose_low_c))*sigmoid(a2_c*(dose_high_c-dose_TD_effective_s)),"E_collector_{s,c}=sigmoid(a1_c*(dose_TD_effective_s-dose_low_c))*sigmoid(a2_c*(dose_high_c-dose_TD_effective_s))"
F0080_1593,1593,10. DCS 具体生成公式和代理防护,10.4 浮选 DCS 具体公式,1573,text,"E_depressant_{s,c}",sigmoid(kK6_c*(dose_DF_K6_effective_s-dose_K6_ref_c)),"E_depressant_{s,c}=sigmoid(kK6_c*(dose_DF_K6_effective_s-dose_K6_ref_c))"
F0080_1594,1594,10. DCS 具体生成公式和代理防护,10.4 浮选 DCS 具体公式,1573,text,"E_pH_{s,c}",exp(-((pH_s-pH_opt_c)/sigma_pH_c)^2),"E_pH_{s,c}=exp(-((pH_s-pH_opt_c)/sigma_pH_c)^2)"
F0080_1595,1595,10. DCS 具体生成公式和代理防护,10.4 浮选 DCS 具体公式,1573,text,"E_air_{s,c}","sigmoid(k1_c*(Q_air_{s,c}-Q_air_low_c))*sigmoid(k2_c*(Q_air_high_c-Q_air_{s,c}))","E_air_{s,c}=sigmoid(k1_c*(Q_air_{s,c}-Q_air_low_c))*sigmoid(k2_c*(Q_air_high_c-Q_air_{s,c}))"
F0080_1596,1596,10. DCS 具体生成公式和代理防护,10.4 浮选 DCS 具体公式,1573,text,"E_density_{s,c}",exp(-((C_s-C_opt_c)/sigma_C_c)^2),"E_density_{s,c}=exp(-((C_s-C_opt_c)/sigma_C_c)^2)"
F0080_1597,1597,10. DCS 具体生成公式和代理防护,10.4 浮选 DCS 具体公式,1573,text,"E_size_{s,c}",sigmoid(k_size_c*(F325_s-F325_min_c)),"E_size_{s,c}=sigmoid(k_size_c*(F325_s-F325_min_c))"
F0080_1598,1598,10. DCS 具体生成公式和代理防护,10.4 浮选 DCS 具体公式,1573,text,"E_lib_g_{s,c}",0.25+0.75*Liberation_gangue_s,"E_lib_g_{s,c}=0.25+0.75*Liberation_gangue_s"
F0080_1599,1599,10. DCS 具体生成公式和代理防护,10.4 浮选 DCS 具体公式,1573,text,"E_mu_{s,c}",exp(-k_mu_float_c*(mu_slurry_s-mu_ref)),"E_mu_{s,c}=exp(-k_mu_float_c*(mu_slurry_s-mu_ref))"
F0080_1600,1600,10. DCS 具体生成公式和代理防护,10.4 浮选 DCS 具体公式,1573,text,"entrainment_factor_{s,c}","e0_c+e_f25_c*f25_s+e_clay_c*clay_s+e_C_c*C_s+e_mu_c*max(mu_slurry_s-mu_ref,0)","entrainment_factor_{s,c}=e0_c+e_f25_c*f25_s+e_clay_c*clay_s+e_C_c*C_s+e_mu_c*max(mu_slurry_s-mu_ref,0)"
F0080_1602,1602,10. DCS 具体生成公式和代理防护,10.4 浮选 DCS 具体公式,1573,text,"k_float_gangue_{s,c}","k0_g_c*E_collector_{s,c}*E_pH_{s,c}*E_air_{s,c}*E_density_{s,c}*E_size_{s,c}*E_lib_g_{s,c}*E_mu_{s,c}","k_float_gangue_{s,c}=k0_g_c*E_collector_{s,c}*E_pH_{s,c}*E_air_{s,c}*E_density_{s,c}*E_size_{s,c}*E_lib_g_{s,c}*E_mu_{s,c}"
F0080_1603,1603,10. DCS 具体生成公式和代理防护,10.4 浮选 DCS 具体公式,1573,text,"k_float_sil_{s,c}","k_float_gangue_{s,c}*(1+a_sil_c*r_sil_s)*E_Ca2_sil_s","k_float_sil_{s,c}=k_float_gangue_{s,c}*(1+a_sil_c*r_sil_s)*E_Ca2_sil_s"
F0080_1604,1604,10. DCS 具体生成公式和代理防护,10.4 浮选 DCS 具体公式,1573,text,"k_float_carb_{s,c}","k_float_gangue_{s,c}*(1+a_carb_c*r_carb_s)*E_Ca2_carb_s","k_float_carb_{s,c}=k_float_gangue_{s,c}*(1+a_carb_c*r_carb_s)*E_Ca2_carb_s"
F0080_1605,1605,10. DCS 具体生成公式和代理防护,10.4 浮选 DCS 具体公式,1573,text,"k_float_fe_mag_{s,c}","k0_mag_c*(1-E_depressant_{s,c})*entrainment_factor_{s,c}","k_float_fe_mag_{s,c}=k0_mag_c*(1-E_depressant_{s,c})*entrainment_factor_{s,c}"
F0080_1606,1606,10. DCS 具体生成公式和代理防护,10.4 浮选 DCS 具体公式,1573,text,"k_float_fe_hem_{s,c}","k0_hem_c*(1-E_depressant_{s,c})*entrainment_factor_{s,c}","k_float_fe_hem_{s,c}=k0_hem_c*(1-E_depressant_{s,c})*entrainment_factor_{s,c}"
F0080_1609,1609,10. DCS 具体生成公式和代理防护,10.4 浮选 DCS 具体公式,1573,text,"grade_cell_j_{s,c}","M_cell_j_prev_{s,c}/max(M_cell_solid_prev_{s,c},eps)","grade_cell_j_{s,c}=M_cell_j_prev_{s,c}/max(M_cell_solid_prev_{s,c},eps)"
F0080_1610,1610,10. DCS 具体生成公式和代理防护,10.4 浮选 DCS 具体公式,1573,text,"Q_out_solid_{s,c}","Q_out_cell_{s,c}*rho_slurry_s*C_s","Q_out_solid_{s,c}=Q_out_cell_{s,c}*rho_slurry_s*C_s"
F0080_1611,1611,10. DCS 具体生成公式和代理防护,10.4 浮选 DCS 具体公式,1573,text,"R_j_{s,c}","clip(1-exp(-k_float_j_{s,c}*tau_stage_h_{s,c}),0,Rmax_j_c)*R_froth_zone_{s,c}","R_j_{s,c}=clip(1-exp(-k_float_j_{s,c}*tau_stage_h_{s,c}),0,Rmax_j_c)*R_froth_zone_{s,c}"
F0080_1612,1612,10. DCS 具体生成公式和代理防护,10.4 浮选 DCS 具体公式,1573,text,"froth_j_rate_{s,c}","R_j_{s,c}*M_cell_j_prev_{s,c}/max(tau_stage_h_{s,c},eps)+entrainment_j_rate_{s,c}","froth_j_rate_{s,c}=R_j_{s,c}*M_cell_j_prev_{s,c}/max(tau_stage_h_{s,c},eps)+entrainment_j_rate_{s,c}"
F0080_1613,1613,10. DCS 具体生成公式和代理防护,10.4 浮选 DCS 具体公式,1573,text,"tail_j_rate_{s,c}","Q_out_solid_{s,c}*grade_cell_j_{s,c}","tail_j_rate_{s,c}=Q_out_solid_{s,c}*grade_cell_j_{s,c}"
F0080_1614,1614,10. DCS 具体生成公式和代理防护,10.4 浮选 DCS 具体公式,1573,text,"dM_cell_j_{s,c}/dt","feed_j_rate_{s,c}-froth_j_rate_{s,c}-tail_j_rate_{s,c}","dM_cell_j_{s,c}/dt=feed_j_rate_{s,c}-froth_j_rate_{s,c}-tail_j_rate_{s,c}"
F0080_1615,1615,10. DCS 具体生成公式和代理防护,10.4 浮选 DCS 具体公式,1573,text,"M_cell_j_{s,c}","M_cell_j_prev_{s,c}+dt*dM_cell_j_{s,c}/dt","M_cell_j_{s,c}=M_cell_j_prev_{s,c}+dt*dM_cell_j_{s,c}/dt"
F0080_1616,1616,10. DCS 具体生成公式和代理防护,10.4 浮选 DCS 具体公式,1573,text,"froth_j_{s,c}","froth_j_rate_{s,c}*dt","froth_j_{s,c}=froth_j_rate_{s,c}*dt"
F0080_1617,1617,10. DCS 具体生成公式和代理防护,10.4 浮选 DCS 具体公式,1573,text,"tail_j_{s,c}","tail_j_rate_{s,c}*dt","tail_j_{s,c}=tail_j_rate_{s,c}*dt"
F0080_1619,1619,10. DCS 具体生成公式和代理防护,10.4 浮选 DCS 具体公式,1573,text,"Q_froth_cell_{s,c}","sum_j(froth_j_{s,c})/max(rho_froth_mix_{s,c},eps)","Q_froth_cell_{s,c}=sum_j(froth_j_{s,c})/max(rho_froth_mix_{s,c},eps)"
F0080_1620,1620,10. DCS 具体生成公式和代理防护,10.4 浮选 DCS 具体公式,1573,text,"dL_cell_{s,c}/dt","(Q_in_cell_{s,c}-Q_out_cell_{s,c}-Q_froth_cell_{s,c})/A_cell_c","dL_cell_{s,c}/dt=(Q_in_cell_{s,c}-Q_out_cell_{s,c}-Q_froth_cell_{s,c})/A_cell_c"
F0080_1622,1622,10. DCS 具体生成公式和代理防护,10.4 浮选 DCS 具体公式,1573,text,M_feed_sp,"clip(M_feed_nom-KWI_feed*(WI-WI_ref)-Ktm_feed*(I_tm_phys-I_tm_ref)-Kfroth_feed*max(h_froth-h_high,0)-Kpool_feed*max(L_pool-L_high,0)+operator_trim_feed+PRBS_feed_rate,M_feed_min,M_feed_max)","M_feed_sp=clip(M_feed_nom-KWI_feed*(WI-WI_ref)-Ktm_feed*(I_tm_phys-I_tm_ref)-Kfroth_feed*max(h_froth-h_high,0)-Kpool_feed*max(L_pool-L_high,0)+operator_trim_feed+PRBS_feed_rate,M_feed_min,M_feed_max)"
F0080_1623,1623,10. DCS 具体生成公式和代理防护,10.4 浮选 DCS 具体公式,1573,text,Q_feed_meter_phys,"slurry_flow_from_mass(M_feed_sp,C,rho_slurry)","Q_feed_meter_phys = slurry_flow_from_mass(M_feed_sp,C,rho_slurry)"
F0080_1624,1624,10. DCS 具体生成公式和代理防护,10.4 浮选 DCS 具体公式,1573,text,split_s1_total,"clip(split_s1_nom+Ksplit_s1*(L_pool_s2-L_pool_s1)+operator_trim_split_s1,0.35,0.65)","split_s1_total = clip(split_s1_nom+Ksplit_s1*(L_pool_s2-L_pool_s1)+operator_trim_split_s1,0.35,0.65)"
F0080_1625,1625,10. DCS 具体生成公式和代理防护,10.4 浮选 DCS 具体公式,1573,text,Q_feed_s1_total,split_s1_total*Q_feed_meter_phys,Q_feed_s1_total = split_s1_total*Q_feed_meter_phys
F0080_1626,1626,10. DCS 具体生成公式和代理防护,10.4 浮选 DCS 具体公式,1573,text,Q_feed_s2_total,(1-split_s1_total)*Q_feed_meter_phys,Q_feed_s2_total = (1-split_s1_total)*Q_feed_meter_phys
F0080_1627,1627,10. DCS 具体生成公式和代理防护,10.4 浮选 DCS 具体公式,1573,text,split_s1_meter1,"clip(split_meter_nom+Kpipe_s1*(pipe_resistance_s1_2-pipe_resistance_s1_1)+N(0,sigma_split_meter),0.40,0.60)","split_s1_meter1 = clip(split_meter_nom+Kpipe_s1*(pipe_resistance_s1_2-pipe_resistance_s1_1)+N(0,sigma_split_meter),0.40,0.60)"
F0080_1628,1628,10. DCS 具体生成公式和代理防护,10.4 浮选 DCS 具体公式,1573,text,split_s2_meter1,"clip(split_meter_nom+Kpipe_s2*(pipe_resistance_s2_2-pipe_resistance_s2_1)+N(0,sigma_split_meter),0.40,0.60)","split_s2_meter1 = clip(split_meter_nom+Kpipe_s2*(pipe_resistance_s2_2-pipe_resistance_s2_1)+N(0,sigma_split_meter),0.40,0.60)"
F0080_1629,1629,10. DCS 具体生成公式和代理防护,10.4 浮选 DCS 具体公式,1573,text,Q_ft_s1_1701_phys,Q_feed_s1_total*split_s1_meter1,Q_ft_s1_1701_phys = Q_feed_s1_total*split_s1_meter1
F0080_1630,1630,10. DCS 具体生成公式和代理防护,10.4 浮选 DCS 具体公式,1573,text,Q_ft_s1_1702_phys,Q_feed_s1_total*(1-split_s1_meter1),Q_ft_s1_1702_phys = Q_feed_s1_total*(1-split_s1_meter1)
F0080_1631,1631,10. DCS 具体生成公式和代理防护,10.4 浮选 DCS 具体公式,1573,text,Q_ft_s2_2701_phys,Q_feed_s2_total*split_s2_meter1,Q_ft_s2_2701_phys = Q_feed_s2_total*split_s2_meter1
F0080_1632,1632,10. DCS 具体生成公式和代理防护,10.4 浮选 DCS 具体公式,1573,text,Q_ft_s2_2702_phys,Q_feed_s2_total*(1-split_s2_meter1),Q_ft_s2_2702_phys = Q_feed_s2_total*(1-split_s2_meter1)
F0080_1634,1634,10. DCS 具体生成公式和代理防护,10.4 浮选 DCS 具体公式,1573,text,"Q_in_pool_{s,1}",Q_cleaner_tail_s+Q_scav1_conc_s,"Q_in_pool_{s,1}=Q_cleaner_tail_s+Q_scav1_conc_s"
F0080_1635,1635,10. DCS 具体生成公式和代理防护,10.4 浮选 DCS 具体公式,1573,text,"Q_in_pool_{s,2}",Q_scav2_conc_s+Q_scav3_conc_s,"Q_in_pool_{s,2}=Q_scav2_conc_s+Q_scav3_conc_s"
F0080_1636,1636,10. DCS 具体生成公式和代理防护,10.4 浮选 DCS 具体公式,1573,text,"Q_in_pool_{s,3}",Q_final_tail_s,"Q_in_pool_{s,3}=Q_final_tail_s"
F0080_1637,1637,10. DCS 具体生成公式和代理防护,10.4 浮选 DCS 具体公式,1573,text,"dL_pool_{s,k}/dt","(Q_in_pool_{s,k}-Q_pump_pool_{s,k})/A_pool_k","dL_pool_{s,k}/dt=(Q_in_pool_{s,k}-Q_pump_pool_{s,k})/A_pool_k"
F0080_1638,1638,10. DCS 具体生成公式和代理防护,10.4 浮选 DCS 具体公式,1573,text,"f_pool_sp_{s,k}","clip(f_pool_nom_k+Kpool_L_k*(L_pool_{s,k}-L_pool_sp_k),f_pool_min_k,f_pool_max_k)","f_pool_sp_{s,k}=clip(f_pool_nom_k+Kpool_L_k*(L_pool_{s,k}-L_pool_sp_k),f_pool_min_k,f_pool_max_k)"
F0080_1639,1639,10. DCS 具体生成公式和代理防护,10.4 浮选 DCS 具体公式,1573,text,"f_pool_{s,k}","f_pool_sp_{s,k}+(f_pool_prev_{s,k}-f_pool_sp_{s,k})*exp(-dt/tau_pool_pump_k)","f_pool_{s,k}=f_pool_sp_{s,k}+(f_pool_prev_{s,k}-f_pool_sp_{s,k})*exp(-dt/tau_pool_pump_k)"
F0080_1640,1640,10. DCS 具体生成公式和代理防护,10.4 浮选 DCS 具体公式,1573,text,"Q_pump_pool_{s,k}","k_pool_pump_k*f_pool_{s,k}*sqrt(max(L_pool_{s,k},0))*health_pool_pump_{s,k}","Q_pump_pool_{s,k}=k_pool_pump_k*f_pool_{s,k}*sqrt(max(L_pool_{s,k},0))*health_pool_pump_{s,k}"
F0080_1641,1641,10. DCS 具体生成公式和代理防护,10.4 浮选 DCS 具体公式,1573,text,"I_pool_phys_{s,k}","I0_pool_k+kf_pool_k*f_pool_{s,k}^2+kQ_pool_k*Q_pump_pool_{s,k}+krho_pool_k*rho_slurry_s+kmu_pool_k*mu_slurry_s+kH_pool_k*H_pool_k","I_pool_phys_{s,k}=I0_pool_k+kf_pool_k*f_pool_{s,k}^2+kQ_pool_k*Q_pump_pool_{s,k}+krho_pool_k*rho_slurry_s+kmu_pool_k*mu_slurry_s+kH_pool_k*H_pool_k"
F0081_1647,1647,10. DCS 具体生成公式和代理防护,10.4 浮选 DCS 具体公式,1646,text,"reagent_viscosity_{s,j}","mu_reagent0_j*exp(kT_reagent_j*(T_ref-T_tank_{s,tank_of(j)}))","reagent_viscosity_{s,j}=mu_reagent0_j*exp(kT_reagent_j*(T_ref-T_tank_{s,tank_of(j)}))"
F0081_1648,1648,10. DCS 具体生成公式和代理防护,10.4 浮选 DCS 具体公式,1646,text,"u_steam_sp_{s,k}","clip(u_steam_nom_k+KT_steam_k*(T_tank_sp_k-T_tank_{s,k}),0,1)","u_steam_sp_{s,k}=clip(u_steam_nom_k+KT_steam_k*(T_tank_sp_k-T_tank_{s,k}),0,1)"
F0081_1649,1649,10. DCS 具体生成公式和代理防护,10.4 浮选 DCS 具体公式,1646,text,"u_steam_fb_{s,k}","u_steam_sp_{s,k}+(u_steam_fb_prev_{s,k}-u_steam_sp_{s,k})*exp(-dt/tau_steam_k)","u_steam_fb_{s,k}=u_steam_sp_{s,k}+(u_steam_fb_prev_{s,k}-u_steam_sp_{s,k})*exp(-dt/tau_steam_k)"
F0081_1650,1650,10. DCS 具体生成公式和代理防护,10.4 浮选 DCS 具体公式,1646,text,"reagent_heat_load_{s,k}","sum_j(tank_map_{k,j}*Q_{s,j}_ml_s*Cp_reagent_j*(T_reagent_in_j-T_tank_{s,k}))","reagent_heat_load_{s,k}=sum_j(tank_map_{k,j}*Q_{s,j}_ml_s*Cp_reagent_j*(T_reagent_in_j-T_tank_{s,k}))"
F0081_1651,1651,10. DCS 具体生成公式和代理防护,10.4 浮选 DCS 具体公式,1646,text,"I_mixer_phys_{s,k}",I_idle_mixer_k+k_C_mixer_k*C_s+k_mu_mixer_k*mu_slurry_s,"I_mixer_phys_{s,k}=I_idle_mixer_k+k_C_mixer_k*C_s+k_mu_mixer_k*mu_slurry_s"
F0081_1652,1652,10. DCS 具体生成公式和代理防护,10.4 浮选 DCS 具体公式,1646,text,"mixer_power_{s,k}","sqrt(3)*V_mixer_k*I_mixer_phys_{s,k}*pf_mixer_k*eta_mixer_k/1000","mixer_power_{s,k}=sqrt(3)*V_mixer_k*I_mixer_phys_{s,k}*pf_mixer_k*eta_mixer_k/1000"
F0081_1653,1653,10. DCS 具体生成公式和代理防护,10.4 浮选 DCS 具体公式,1646,text,"T_tank_ss_{s,k}","T_amb+ksteam_k*u_steam_fb_{s,k}+kreagent_k*reagent_heat_load_{s,k}+kmix_tank_k*mixer_power_{s,k}-kloss_tank_k*(T_tank_{s,k}-T_amb)","T_tank_ss_{s,k}=T_amb+ksteam_k*u_steam_fb_{s,k}+kreagent_k*reagent_heat_load_{s,k}+kmix_tank_k*mixer_power_{s,k}-kloss_tank_k*(T_tank_{s,k}-T_amb)"
F0081_1654,1654,10. DCS 具体生成公式和代理防护,10.4 浮选 DCS 具体公式,1646,text,"T_tank_{s,k}","T_tank_ss_{s,k}+(T_tank_prev_{s,k}-T_tank_ss_{s,k})*exp(-dt/tau_tank_k)","T_tank_{s,k}=T_tank_ss_{s,k}+(T_tank_prev_{s,k}-T_tank_ss_{s,k})*exp(-dt/tau_tank_k)"
F0081_1656,1656,10. DCS 具体生成公式和代理防护,10.4 浮选 DCS 具体公式,1646,text,"I_cell_motor_phys_{s,c}","I0_cell_c+krho_cell_c*rho_slurry_s+kmu_cell_c*mu_slurry_s+kair_cell_c*Q_air_{s,c}+kload_cell_c*M_solid_s","I_cell_motor_phys_{s,c}=I0_cell_c+krho_cell_c*rho_slurry_s+kmu_cell_c*mu_slurry_s+kair_cell_c*Q_air_{s,c}+kload_cell_c*M_solid_s"
F0081_1657,1657,10. DCS 具体生成公式和代理防护,10.4 浮选 DCS 具体公式,1646,text,"P_cell_motor_{s,c}","sqrt(3)*V_cell_motor*I_cell_motor_phys_{s,c}*pf_cell*eta_cell/1000","P_cell_motor_{s,c}=sqrt(3)*V_cell_motor*I_cell_motor_phys_{s,c}*pf_cell*eta_cell/1000"
F0081_1658,1658,10. DCS 具体生成公式和代理防护,10.4 浮选 DCS 具体公式,1646,text,"P_pool_pump_{s,k}","sqrt(3)*V_pool_pump*I_pool_phys_{s,k}*pf_pool*eta_pool/1000","P_pool_pump_{s,k}=sqrt(3)*V_pool_pump*I_pool_phys_{s,k}*pf_pool*eta_pool/1000"
F0081_1659,1659,10. DCS 具体生成公式和代理防护,10.4 浮选 DCS 具体公式,1646,text,"P_drug_pump_{s,j}","sqrt(3)*V_drug_pump*I_drug_j_phys_{s,j}*pf_drug*eta_drug/1000","P_drug_pump_{s,j}=sqrt(3)*V_drug_pump*I_drug_j_phys_{s,j}*pf_drug*eta_drug/1000"
F0081_1660,1660,10. DCS 具体生成公式和代理防护,10.4 浮选 DCS 具体公式,1646,text,P_blower_power_b,sqrt(3)*V_blower_b*I_blower_phys_b*pf_blower_b/1000,P_blower_power_b=sqrt(3)*V_blower_b*I_blower_phys_b*pf_blower_b/1000
F0081_1661,1661,10. DCS 具体生成公式和代理防护,10.4 浮选 DCS 具体公式,1646,text,P_blower_power_total,sum_b(P_blower_power_b),P_blower_power_total=sum_b(P_blower_power_b)
F0081_1662,1662,10. DCS 具体生成公式和代理防护,10.4 浮选 DCS 具体公式,1646,text,blower_power_share1,"P_blower_power_total*Q_air_total_s1/max(Q_air_total,eps)","blower_power_share1 = P_blower_power_total*Q_air_total_s1/max(Q_air_total,eps)"
F0081_1663,1663,10. DCS 具体生成公式和代理防护,10.4 浮选 DCS 具体公式,1646,text,blower_power_share2,"P_blower_power_total*Q_air_total_s2/max(Q_air_total,eps)","blower_power_share2 = P_blower_power_total*Q_air_total_s2/max(Q_air_total,eps)"
F0081_1664,1664,10. DCS 具体生成公式和代理防护,10.4 浮选 DCS 具体公式,1646,text,sum_cell_power_s1,"sum_c(P_cell_motor_{1,c})","sum_cell_power_s1=sum_c(P_cell_motor_{1,c})"
F0081_1665,1665,10. DCS 具体生成公式和代理防护,10.4 浮选 DCS 具体公式,1646,text,sum_cell_power_s2,"sum_c(P_cell_motor_{2,c})","sum_cell_power_s2=sum_c(P_cell_motor_{2,c})"
F0081_1666,1666,10. DCS 具体生成公式和代理防护,10.4 浮选 DCS 具体公式,1646,text,sum_pool_power_s1,"sum_k(P_pool_pump_{1,k})","sum_pool_power_s1=sum_k(P_pool_pump_{1,k})"
F0081_1667,1667,10. DCS 具体生成公式和代理防护,10.4 浮选 DCS 具体公式,1646,text,sum_pool_power_s2,"sum_k(P_pool_pump_{2,k})","sum_pool_power_s2=sum_k(P_pool_pump_{2,k})"
F0081_1668,1668,10. DCS 具体生成公式和代理防护,10.4 浮选 DCS 具体公式,1646,text,sum_drug_power_s1,"sum_j(P_drug_pump_{1,j})","sum_drug_power_s1=sum_j(P_drug_pump_{1,j})"
F0081_1669,1669,10. DCS 具体生成公式和代理防护,10.4 浮选 DCS 具体公式,1646,text,sum_drug_power_s2,"sum_j(P_drug_pump_{2,j})","sum_drug_power_s2=sum_j(P_drug_pump_{2,j})"
F0081_1670,1670,10. DCS 具体生成公式和代理防护,10.4 浮选 DCS 具体公式,1646,text,P_aux_series1,50.0,P_aux_series1 = 50.0
F0081_1671,1671,10. DCS 具体生成公式和代理防护,10.4 浮选 DCS 具体公式,1646,text,P_aux_series2,50.0,P_aux_series2 = 50.0
F0081_1672,1672,10. DCS 具体生成公式和代理防护,10.4 浮选 DCS 具体公式,1646,text,P_series1,sum_cell_power_s1+sum_pool_power_s1+sum_drug_power_s1+blower_power_share1+P_aux_series1,P_series1=sum_cell_power_s1+sum_pool_power_s1+sum_drug_power_s1+blower_power_share1+P_aux_series1
F0081_1673,1673,10. DCS 具体生成公式和代理防护,10.4 浮选 DCS 具体公式,1646,text,P_series2,sum_cell_power_s2+sum_pool_power_s2+sum_drug_power_s2+blower_power_share2+P_aux_series2,P_series2=sum_cell_power_s2+sum_pool_power_s2+sum_drug_power_s2+blower_power_share2+P_aux_series2
F0082_1679,1679,10. DCS 具体生成公式和代理防护,10.4 浮选 DCS 具体公式,1678,text,fx_s{s}_{c}_froth_h,"meas(h_froth_{s,c}) unless event_froth_fault_{s,c}=1","fx_s{s}_{c}_froth_h=meas(h_froth_{s,c}) unless event_froth_fault_{s,c}=1"
F0082_1680,1680,10. DCS 具体生成公式和代理防护,10.4 浮选 DCS 具体公式,1678,text,fx_s{s}_{c}_level,"meas(L_cell_aerated_{s,c})","fx_s{s}_{c}_level=meas(L_cell_aerated_{s,c})"
F0082_1681,1681,10. DCS 具体生成公式和代理防护,10.4 浮选 DCS 具体公式,1678,text,fx_s{s}_{c}_level_valve_sp,"meas(u_lv_sp_{s,c})","fx_s{s}_{c}_level_valve_sp=meas(u_lv_sp_{s,c})"
F0082_1682,1682,10. DCS 具体生成公式和代理防护,10.4 浮选 DCS 具体公式,1678,text,fx_s{s}_{c}_level_valve_fb,"meas(u_lv_fb_{s,c})","fx_s{s}_{c}_level_valve_fb=meas(u_lv_fb_{s,c})"
F0082_1683,1683,10. DCS 具体生成公式和代理防护,10.4 浮选 DCS 具体公式,1678,text,fx_s{s}_{c}_air_flow,"meas(Q_air_{s,c})","fx_s{s}_{c}_air_flow=meas(Q_air_{s,c})"
F0082_1684,1684,10. DCS 具体生成公式和代理防护,10.4 浮选 DCS 具体公式,1678,text,fx_s{s}_{c}_air_sp,"meas(Q_air_sp_{s,c})","fx_s{s}_{c}_air_sp=meas(Q_air_sp_{s,c})"
F0082_1685,1685,10. DCS 具体生成公式和代理防护,10.4 浮选 DCS 具体公式,1678,text,fx_s{s}_{c}_bv_pos,"meas(u_bv_{s,c})","fx_s{s}_{c}_bv_pos=meas(u_bv_{s,c})"
F0082_1686,1686,10. DCS 具体生成公式和代理防护,10.4 浮选 DCS 具体公式,1678,text,fx_s{s}_{c}_motor_curr,"meas(I_cell_motor_phys_{s,c})","fx_s{s}_{c}_motor_curr=meas(I_cell_motor_phys_{s,c})"
F0082_1687,1687,10. DCS 具体生成公式和代理防护,10.4 浮选 DCS 具体公式,1678,text,fx_s{s}_{drug}_freq,"meas(f_{s,drug})","fx_s{s}_{drug}_freq=meas(f_{s,drug})"
F0082_1688,1688,10. DCS 具体生成公式和代理防护,10.4 浮选 DCS 具体公式,1678,text,fx_s{s}_{drug}_curr,"meas(I_drug_j_phys_{s,drug})","fx_s{s}_{drug}_curr=meas(I_drug_j_phys_{s,drug})"
F0082_1689,1689,10. DCS 具体生成公式和代理防护,10.4 浮选 DCS 具体公式,1678,text,fx_s{s}_ph,meas(pH_s),fx_s{s}_ph=meas(pH_s)
F0082_1690,1690,10. DCS 具体生成公式和代理防护,10.4 浮选 DCS 具体公式,1678,text,fx_s{s}_k6_level,meas(L_k6_s),fx_s{s}_k6_level=meas(L_k6_s)
F0082_1691,1691,10. DCS 具体生成公式和代理防护,10.4 浮选 DCS 具体公式,1678,text,fx_nt{s}_underflow_density,meas(rho_under_s),fx_nt{s}_underflow_density=meas(rho_under_s)
F0082_1692,1692,10. DCS 具体生成公式和代理防护,10.4 浮选 DCS 具体公式,1678,text,fx_nt{s}_motor_current,meas(I_NT_s),fx_nt{s}_motor_current=meas(I_NT_s)
F0082_1693,1693,10. DCS 具体生成公式和代理防护,10.4 浮选 DCS 具体公式,1678,text,fx_blower{b}_pressure,meas(P_blower_pressure_b),fx_blower{b}_pressure=meas(P_blower_pressure_b)
F0082_1694,1694,10. DCS 具体生成公式和代理防护,10.4 浮选 DCS 具体公式,1678,text,fx_s1_ft1701,meas(Q_ft_s1_1701_phys),fx_s1_ft1701=meas(Q_ft_s1_1701_phys)
F0082_1695,1695,10. DCS 具体生成公式和代理防护,10.4 浮选 DCS 具体公式,1678,text,fx_s1_ft1702,meas(Q_ft_s1_1702_phys),fx_s1_ft1702=meas(Q_ft_s1_1702_phys)
F0082_1696,1696,10. DCS 具体生成公式和代理防护,10.4 浮选 DCS 具体公式,1678,text,fx_s2_ft2701,meas(Q_ft_s2_2701_phys),fx_s2_ft2701=meas(Q_ft_s2_2701_phys)
F0082_1697,1697,10. DCS 具体生成公式和代理防护,10.4 浮选 DCS 具体公式,1678,text,fx_s2_ft2702,meas(Q_ft_s2_2702_phys),fx_s2_ft2702=meas(Q_ft_s2_2702_phys)
F0082_1698,1698,10. DCS 具体生成公式和代理防护,10.4 浮选 DCS 具体公式,1678,text,fx_s{s}_pool{k}_level,"meas(L_pool_{s,k})","fx_s{s}_pool{k}_level=meas(L_pool_{s,k})"
F0082_1699,1699,10. DCS 具体生成公式和代理防护,10.4 浮选 DCS 具体公式,1678,text,fx_s{s}_pool{k}_pump_freq,"meas(f_pool_{s,k})","fx_s{s}_pool{k}_pump_freq=meas(f_pool_{s,k})"
F0082_1700,1700,10. DCS 具体生成公式和代理防护,10.4 浮选 DCS 具体公式,1678,text,fx_s{s}_pool{k}_pump_curr,"meas(I_pool_phys_{s,k})","fx_s{s}_pool{k}_pump_curr=meas(I_pool_phys_{s,k})"
F0082_1701,1701,10. DCS 具体生成公式和代理防护,10.4 浮选 DCS 具体公式,1678,text,fx_s{s}_tk{k}_temp,"meas(T_tank_{s,k})","fx_s{s}_tk{k}_temp=meas(T_tank_{s,k})"
F0082_1702,1702,10. DCS 具体生成公式和代理防护,10.4 浮选 DCS 具体公式,1678,text,fx_s{s}_tk{k}_mixer_curr,"meas(I_mixer_phys_{s,k})","fx_s{s}_tk{k}_mixer_curr=meas(I_mixer_phys_{s,k})"
F0082_1703,1703,10. DCS 具体生成公式和代理防护,10.4 浮选 DCS 具体公式,1678,text,fx_s{s}_tk{k}_steam_sp,"meas(u_steam_sp_{s,k})","fx_s{s}_tk{k}_steam_sp=meas(u_steam_sp_{s,k})"
F0082_1704,1704,10. DCS 具体生成公式和代理防护,10.4 浮选 DCS 具体公式,1678,text,fx_s{s}_tk{k}_steam_fb,"meas(u_steam_fb_{s,k})","fx_s{s}_tk{k}_steam_fb=meas(u_steam_fb_{s,k})"
F0082_1705,1705,10. DCS 具体生成公式和代理防护,10.4 浮选 DCS 具体公式,1678,text,fx_ah5_power,meas(P_series1),fx_ah5_power=meas(P_series1)
F0082_1706,1706,10. DCS 具体生成公式和代理防护,10.4 浮选 DCS 具体公式,1678,text,fx_ah6_power,meas(P_series2),fx_ah6_power=meas(P_series2)
