from_variable,to_variable,stage,formula_id,edge_type,source_v4_line
B_max,B_eff,magnetic,V5_0001,formula_parent,477
I_exc,B_eff,magnetic,V5_0001,formula_parent,477
I_ref,B_eff,magnetic,V5_0001,formula_parent,477
thermal_derate,B_eff,magnetic,V5_0001,formula_parent,477
T_coil,B_eff,magnetic,V5_0001,formula_parent,477
C_feed_prev,C_feed,tower_mill,V5_0002,formula_parent,1301
tau_cyc_pool,C_feed,tower_mill,V5_0002,formula_parent,1301
C_feed_in,C_feed,tower_mill,V5_0002,formula_parent,1301
M_mag_conc_solid,C_feed_in,tower_mill,V5_0003,formula_parent,1291
M_tm_discharge_solid_prev,C_feed_in,tower_mill,V5_0003,formula_parent,1291
M_mag_conc_wet,C_feed_in,tower_mill,V5_0003,formula_parent,1291
M_tm_discharge_wet_prev,C_feed_in,tower_mill,V5_0003,formula_parent,1291
M_water_add,C_feed_in,tower_mill,V5_0003,formula_parent,1291
C_nom,C_i,boundary,V5_0004,formula_parent,317
k_load_C,C_i,boundary,V5_0004,formula_parent,317
M_wet_i,C_i,boundary,V5_0004,formula_parent,317
M_nom_i,C_i,boundary,V5_0004,formula_parent,317
k_clay_C,C_i,boundary,V5_0004,formula_parent,317
clay_i,C_i,boundary,V5_0004,formula_parent,317
xi_C_i,C_i,boundary,V5_0004,formula_parent,317
C_min,C_i,boundary,V5_0004,formula_parent,317
C_max,C_i,boundary,V5_0004,formula_parent,317
M_sand,C_mill,tower_mill,V5_0005,formula_parent,1359
M_mill_water_in,C_mill,tower_mill,V5_0005,formula_parent,1359
M_solid_mixed,C_mixed,boundary,V5_0006,formula_parent,383
M_wet_mixed,C_mixed,boundary,V5_0006,formula_parent,383
C_under_sp,C_under,flotation,V5_0007,formula_parent,727
tau_C,C_under,flotation,V5_0007,formula_parent,727
C_under_sp_s,C_under_s,flotation,V5_0008,formula_parent,1456
C_under_s_prev,C_under_s,flotation,V5_0008,formula_parent,1456
tau_NT_C,C_under_s,flotation,V5_0008,formula_parent,1456
C_nom,C_under_sp,flotation,V5_0009,formula_parent,726
Kbed,C_under_sp,flotation,V5_0009,formula_parent,726
L_NT,C_under_sp,flotation,V5_0009,formula_parent,726
L_ref,C_under_sp,flotation,V5_0009,formula_parent,726
Kload,C_under_sp,flotation,V5_0009,formula_parent,726
M_in,C_under_sp,flotation,V5_0009,formula_parent,726
M_ref,C_under_sp,flotation,V5_0009,formula_parent,726
C_min,C_under_sp,flotation,V5_0009,formula_parent,726
C_max,C_under_sp,flotation,V5_0009,formula_parent,726
C_NT_nom,C_under_sp_s,flotation,V5_0010,formula_parent,1455
Kbed_NT,C_under_sp_s,flotation,V5_0010,formula_parent,1455
L_NT_s,C_under_sp_s,flotation,V5_0010,formula_parent,1455
L_NT_ref,C_under_sp_s,flotation,V5_0010,formula_parent,1455
Kload_NT,C_under_sp_s,flotation,V5_0010,formula_parent,1455
M_NT_in_solid_s,C_under_sp_s,flotation,V5_0010,formula_parent,1455
M_NT_ref,C_under_sp_s,flotation,V5_0010,formula_parent,1455
C_NT_min,C_under_sp_s,flotation,V5_0010,formula_parent,1455
C_NT_max,C_under_sp_s,flotation,V5_0010,formula_parent,1455
k_cao_ca,Ca2_effect,flotation,V5_0011,formula_parent,813
dose_cao_kg_t,Ca2_effect,flotation,V5_0011,formula_parent,813
k_cao_ca,Ca2_effect_s,flotation,V5_0012,formula_parent,1526
dose_cao_kg_t_s,Ca2_effect_s,flotation,V5_0012,formula_parent,1526
e6,DeltaP_blower_Pa_b,flotation,V5_0013,formula_parent,1550
P_blower_pressure_b,DeltaP_blower_Pa_b,flotation,V5_0013,formula_parent,1550
P_amb_pressure,DeltaP_blower_Pa_b,flotation,V5_0013,formula_parent,1550
a_Ca_carb,E_Ca2_carb,flotation,V5_0014,formula_parent,818
Ca2_effect,E_Ca2_carb,flotation,V5_0014,formula_parent,818
Ca_carb0,E_Ca2_carb,flotation,V5_0014,formula_parent,818
s_Ca_carb,E_Ca2_carb,flotation,V5_0014,formula_parent,818
a_Ca_sil,E_Ca2_sil,flotation,V5_0015,formula_parent,817
Ca2_effect,E_Ca2_sil,flotation,V5_0015,formula_parent,817
Ca_sil0,E_Ca2_sil,flotation,V5_0015,formula_parent,817
s_Ca_sil,E_Ca2_sil,flotation,V5_0015,formula_parent,817
k1,E_air,flotation,V5_0016,formula_parent,925
Q_air,E_air,flotation,V5_0016,formula_parent,925
Q_low,E_air,flotation,V5_0016,formula_parent,925
k2,E_air,flotation,V5_0016,formula_parent,925
Q_high,E_air,flotation,V5_0016,formula_parent,925
k1_c,"E_air_{s,c}",flotation,V5_0017,formula_parent,1595
"Q_air_{s,c}","E_air_{s,c}",flotation,V5_0017,formula_parent,1595
Q_air_low_c,"E_air_{s,c}",flotation,V5_0017,formula_parent,1595
k2_c,"E_air_{s,c}",flotation,V5_0017,formula_parent,1595
Q_air_high_c,"E_air_{s,c}",flotation,V5_0017,formula_parent,1595
a1,E_collector,flotation,V5_0018,formula_parent,922
dose_TD_effective,E_collector,flotation,V5_0018,formula_parent,922
dose_low,E_collector,flotation,V5_0018,formula_parent,922
a2,E_collector,flotation,V5_0018,formula_parent,922
dose_high,E_collector,flotation,V5_0018,formula_parent,922
a1_c,"E_collector_{s,c}",flotation,V5_0019,formula_parent,1592
dose_TD_effective_s,"E_collector_{s,c}",flotation,V5_0019,formula_parent,1592
dose_low_c,"E_collector_{s,c}",flotation,V5_0019,formula_parent,1592
a2_c,"E_collector_{s,c}",flotation,V5_0019,formula_parent,1592
dose_high_c,"E_collector_{s,c}",flotation,V5_0019,formula_parent,1592
C_opt,E_density,flotation,V5_0020,formula_parent,926
sigma_C,E_density,flotation,V5_0020,formula_parent,926
C_s,"E_density_{s,c}",flotation,V5_0021,formula_parent,1596
C_opt_c,"E_density_{s,c}",flotation,V5_0021,formula_parent,1596
sigma_C_c,"E_density_{s,c}",flotation,V5_0021,formula_parent,1596
kK6,E_depressant,flotation,V5_0022,formula_parent,923
dose_DF_K6_effective,E_depressant,flotation,V5_0022,formula_parent,923
dose_K6_ref,E_depressant,flotation,V5_0022,formula_parent,923
kK6_c,"E_depressant_{s,c}",flotation,V5_0023,formula_parent,1593
dose_DF_K6_effective_s,"E_depressant_{s,c}",flotation,V5_0023,formula_parent,1593
dose_K6_ref_c,"E_depressant_{s,c}",flotation,V5_0023,formula_parent,1593
L_mag,E_level,magnetic,V5_0024,formula_parent,523
L_ref,E_level,magnetic,V5_0024,formula_parent,523
sigma_L,E_level,magnetic,V5_0024,formula_parent,523
Liberation_gangue,E_lib_g,flotation,V5_0025,formula_parent,928
Liberation_gangue_s,"E_lib_g_{s,c}",flotation,V5_0026,formula_parent,1598
k_mu_float,E_mu,flotation,V5_0027,formula_parent,929
mu_slurry,E_mu,flotation,V5_0027,formula_parent,929
mu_ref,E_mu,flotation,V5_0027,formula_parent,929
k_mu_float_c,"E_mu_{s,c}",flotation,V5_0028,formula_parent,1599
mu_slurry_s,"E_mu_{s,c}",flotation,V5_0028,formula_parent,1599
mu_ref,"E_mu_{s,c}",flotation,V5_0028,formula_parent,1599
pH,E_pH,flotation,V5_0029,formula_parent,924
pH_opt,E_pH,flotation,V5_0029,formula_parent,924
sigma_pH,E_pH,flotation,V5_0029,formula_parent,924
pH_s,"E_pH_{s,c}",flotation,V5_0030,formula_parent,1594
pH_opt_c,"E_pH_{s,c}",flotation,V5_0030,formula_parent,1594
sigma_pH_c,"E_pH_{s,c}",flotation,V5_0030,formula_parent,1594
f_pul,E_pulse,magnetic,V5_0031,formula_parent,521
f_pul_opt,E_pulse,magnetic,V5_0031,formula_parent,521
sigma_pul,E_pulse,magnetic,V5_0031,formula_parent,521
f_ring,E_ring,magnetic,V5_0032,formula_parent,522
f_ring_opt,E_ring,magnetic,V5_0032,formula_parent,522
sigma_ring,E_ring,magnetic,V5_0032,formula_parent,522
k_clog,E_ring,magnetic,V5_0032,formula_parent,522
matrix_clog,E_ring,magnetic,V5_0032,formula_parent,522
k_size,E_size,flotation,V5_0033,formula_parent,927
F325,E_size,flotation,V5_0033,formula_parent,927
F325_min,E_size,flotation,V5_0033,formula_parent,927
k_size_c,"E_size_{s,c}",flotation,V5_0034,formula_parent,1597
F325_s,"E_size_{s,c}",flotation,V5_0034,formula_parent,1597
F325_min_c,"E_size_{s,c}",flotation,V5_0034,formula_parent,1597
P_mech,E_spec,tower_mill,V5_0035,formula_parent,1373
M_sand,E_spec,tower_mill,V5_0035,formula_parent,1373
e0,Entr,magnetic,V5_0036,formula_parent,524
eC,Entr,magnetic,V5_0036,formula_parent,524
ef25,Entr,magnetic,V5_0036,formula_parent,524
f25,Entr,magnetic,V5_0036,formula_parent,524
eclay,Entr,magnetic,V5_0036,formula_parent,524
clay,Entr,magnetic,V5_0036,formula_parent,524
eL,Entr,magnetic,V5_0036,formula_parent,524
L_mag,Entr,magnetic,V5_0036,formula_parent,524
L_ref,Entr,magnetic,V5_0036,formula_parent,524
e_pul,Entr,magnetic,V5_0036,formula_parent,524
f_pul,Entr,magnetic,V5_0036,formula_parent,524
f_pul_min,Entr,magnetic,V5_0036,formula_parent,524
f_pul_ref,Entr,magnetic,V5_0036,formula_parent,524
e_max,Entr,magnetic,V5_0036,formula_parent,524
logit,F200_i,boundary,V5_0037,formula_parent,332
M_solid_i,F200_mixed,boundary,V5_0038,formula_parent,406
F200_i,F200_mixed,boundary,V5_0038,formula_parent,406
M_solid_mixed,F200_mixed,boundary,V5_0038,formula_parent,406
F325_discharge_prev,F325_discharge,tower_mill,V5_0039,formula_parent,1379
tau_mill_residence,F325_discharge,tower_mill,V5_0039,formula_parent,1379
F325_discharge_inst,F325_discharge,tower_mill,V5_0039,formula_parent,1379
F325_sand,F325_discharge_inst,tower_mill,V5_0040,formula_parent,1374
kE,F325_discharge_inst,tower_mill,V5_0040,formula_parent,1374
E_spec,F325_discharge_inst,tower_mill,V5_0040,formula_parent,1374
WI_mill,F325_discharge_inst,tower_mill,V5_0040,formula_parent,1374
k_over,F325_discharge_inst,tower_mill,V5_0040,formula_parent,1374
f25,F325_discharge_inst,tower_mill,V5_0040,formula_parent,1374
F325_feed_prev,F325_feed,tower_mill,V5_0041,formula_parent,1302
tau_cyc_pool,F325_feed,tower_mill,V5_0041,formula_parent,1302
F325_feed_in,F325_feed,tower_mill,V5_0041,formula_parent,1302
M_mag_conc_solid,F325_feed_in,tower_mill,V5_0042,formula_parent,1292
F325_mag_conc,F325_feed_in,tower_mill,V5_0042,formula_parent,1292
M_tm_discharge_solid_prev,F325_feed_in,tower_mill,V5_0042,formula_parent,1292
F325_discharge_prev,F325_feed_in,tower_mill,V5_0042,formula_parent,1292
e,F325_i,boundary,V5_0043,formula_parent,333
d80_i,F325_i,boundary,V5_0043,formula_parent,333
n_rr,F325_i,boundary,V5_0043,formula_parent,333
M_solid_i,F325_mixed,boundary,V5_0044,formula_parent,407
F325_i,F325_mixed,boundary,V5_0044,formula_parent,407
M_solid_mixed,F325_mixed,boundary,V5_0044,formula_parent,407
F325_feed,F325_overflow,tower_mill,V5_0045,formula_parent,1345
k_fine_enrich,F325_overflow,tower_mill,V5_0045,formula_parent,1345
alpha_ov,F325_overflow,tower_mill,V5_0045,formula_parent,1345
F325_feed,F325_sand,tower_mill,V5_0046,formula_parent,1348
F325_overflow,F325_sand,tower_mill,V5_0046,formula_parent,1348
alpha_ov,F325_sand,tower_mill,V5_0046,formula_parent,1348
k_feo_mag,FeO_proxy_i,boundary,V5_0047,formula_parent,346
Fe_mag_i,FeO_proxy_i,boundary,V5_0047,formula_parent,346
k_feo_carb,FeO_proxy_i,boundary,V5_0047,formula_parent,346
Fe_carb_i,FeO_proxy_i,boundary,V5_0047,formula_parent,346
k_feo_hem,FeO_proxy_i,boundary,V5_0047,formula_parent,346
Fe_hem_i,FeO_proxy_i,boundary,V5_0047,formula_parent,346
k_feo_sil,FeO_proxy_i,boundary,V5_0047,formula_parent,346
Fe_sil_i,FeO_proxy_i,boundary,V5_0047,formula_parent,346
Fe_total_i,Fe_carb_i,boundary,V5_0048,formula_parent,343
r_carb_i,Fe_carb_i,boundary,V5_0048,formula_parent,343
Fe_total_i,Fe_hem_i,boundary,V5_0049,formula_parent,342
r_hem_i,Fe_hem_i,boundary,V5_0049,formula_parent,342
Fe_total_i,Fe_mag_i,boundary,V5_0050,formula_parent,341
r_mag_i,Fe_mag_i,boundary,V5_0050,formula_parent,341
Fe_total_i,Fe_sil_i,boundary,V5_0051,formula_parent,344
r_sil_i,Fe_sil_i,boundary,V5_0051,formula_parent,344
Fe_mag,Fe_total,global,V5_0052,formula_parent,177
Fe_hem,Fe_total,global,V5_0052,formula_parent,177
Fe_carb,Fe_total,global,V5_0052,formula_parent,177
Fe_sil,Fe_total,global,V5_0052,formula_parent,177
M_solid_i,Fe_total_i,boundary,V5_0053,formula_parent,340
TFe_i,Fe_total_i,boundary,V5_0053,formula_parent,340
M_solid_i,Gangue_i,boundary,V5_0054,formula_parent,345
Fe_total_i,Gangue_i,boundary,V5_0054,formula_parent,345
kM,I_NT,flotation,V5_0055,formula_parent,731
M_solid,I_NT,flotation,V5_0055,formula_parent,731
kmu,I_NT,flotation,V5_0055,formula_parent,731
mu_under,I_NT,flotation,V5_0055,formula_parent,731
kbed,I_NT,flotation,V5_0055,formula_parent,731
bed_mass,I_NT,flotation,V5_0055,formula_parent,731
I0_NT,I_NT_s,flotation,V5_0056,formula_parent,1465
kM_NT,I_NT_s,flotation,V5_0056,formula_parent,1465
M_NT_under_solid_s,I_NT_s,flotation,V5_0056,formula_parent,1465
kmu_NT,I_NT_s,flotation,V5_0056,formula_parent,1465
mu_under_s,I_NT_s,flotation,V5_0056,formula_parent,1465
kbed_NT,I_NT_s,flotation,V5_0056,formula_parent,1465
bed_mass_s,I_NT_s,flotation,V5_0056,formula_parent,1465
P_blower_shaft_kW_b,I_blower_phys_b,flotation,V5_0057,formula_parent,1552
V_blower_b,I_blower_phys_b,flotation,V5_0057,formula_parent,1552
pf_blower_b,I_blower_phys_b,flotation,V5_0057,formula_parent,1552
eta_blower_motor_b,I_blower_phys_b,flotation,V5_0057,formula_parent,1552
I0_cell_c,"I_cell_motor_phys_{s,c}",flotation,V5_0058,formula_parent,1656
krho_cell_c,"I_cell_motor_phys_{s,c}",flotation,V5_0058,formula_parent,1656
rho_slurry_s,"I_cell_motor_phys_{s,c}",flotation,V5_0058,formula_parent,1656
kmu_cell_c,"I_cell_motor_phys_{s,c}",flotation,V5_0058,formula_parent,1656
mu_slurry_s,"I_cell_motor_phys_{s,c}",flotation,V5_0058,formula_parent,1656
kair_cell_c,"I_cell_motor_phys_{s,c}",flotation,V5_0058,formula_parent,1656
"Q_air_{s,c}","I_cell_motor_phys_{s,c}",flotation,V5_0058,formula_parent,1656
kload_cell_c,"I_cell_motor_phys_{s,c}",flotation,V5_0058,formula_parent,1656
M_solid_s,"I_cell_motor_phys_{s,c}",flotation,V5_0058,formula_parent,1656
I0_j,"I_drug_j_phys_{s,j}",flotation,V5_0059,formula_parent,1501
kf_j,"I_drug_j_phys_{s,j}",flotation,V5_0059,formula_parent,1501
"f_{s,j}","I_drug_j_phys_{s,j}",flotation,V5_0059,formula_parent,1501
kvis_j,"I_drug_j_phys_{s,j}",flotation,V5_0059,formula_parent,1501
"reagent_viscosity_{s,j}","I_drug_j_phys_{s,j}",flotation,V5_0059,formula_parent,1501
kpress_j,"I_drug_j_phys_{s,j}",flotation,V5_0059,formula_parent,1501
reagent_supply_pressure_j,"I_drug_j_phys_{s,j}",flotation,V5_0059,formula_parent,1501
I_exc_sp,I_exc,magnetic,V5_0060,formula_parent,1215
I_exc_prev,I_exc,magnetic,V5_0060,formula_parent,1215
tau_exc_act,I_exc,magnetic,V5_0060,formula_parent,1215
I_nom,I_exc_sp,magnetic,V5_0061,formula_parent,1214
Kdiff_I,I_exc_sp,magnetic,V5_0061,formula_parent,1214
magnetic_difficulty,I_exc_sp,magnetic,V5_0061,formula_parent,1214
Kmag_I,I_exc_sp,magnetic,V5_0061,formula_parent,1214
r_mag,I_exc_sp,magnetic,V5_0061,formula_parent,1214
r_mag_ref,I_exc_sp,magnetic,V5_0061,formula_parent,1214
operator_trim_I,I_exc_sp,magnetic,V5_0061,formula_parent,1214
PRBS_mag_I,I_exc_sp,magnetic,V5_0061,formula_parent,1214
I_min,I_exc_sp,magnetic,V5_0061,formula_parent,1214
I_max,I_exc_sp,magnetic,V5_0061,formula_parent,1214
I_idle_mixer_k,"I_mixer_phys_{s,k}",flotation,V5_0062,formula_parent,1651
k_C_mixer_k,"I_mixer_phys_{s,k}",flotation,V5_0062,formula_parent,1651
C_s,"I_mixer_phys_{s,k}",flotation,V5_0062,formula_parent,1651
k_mu_mixer_k,"I_mixer_phys_{s,k}",flotation,V5_0062,formula_parent,1651
mu_slurry_s,"I_mixer_phys_{s,k}",flotation,V5_0062,formula_parent,1651
I0_ov,I_ov_pump_phys,tower_mill,V5_0063,formula_parent,1404
kf_ov,I_ov_pump_phys,tower_mill,V5_0063,formula_parent,1404
f_ov_pump_sp,I_ov_pump_phys,tower_mill,V5_0063,formula_parent,1404
kQ_ov,I_ov_pump_phys,tower_mill,V5_0063,formula_parent,1404
Q_ov_pump,I_ov_pump_phys,tower_mill,V5_0063,formula_parent,1404
krho_ov,I_ov_pump_phys,tower_mill,V5_0063,formula_parent,1404
rho_overflow,I_ov_pump_phys,tower_mill,V5_0063,formula_parent,1404
I0_pool_k,"I_pool_phys_{s,k}",flotation,V5_0064,formula_parent,1641
kf_pool_k,"I_pool_phys_{s,k}",flotation,V5_0064,formula_parent,1641
"f_pool_{s,k}","I_pool_phys_{s,k}",flotation,V5_0064,formula_parent,1641
kQ_pool_k,"I_pool_phys_{s,k}",flotation,V5_0064,formula_parent,1641
"Q_pump_pool_{s,k}","I_pool_phys_{s,k}",flotation,V5_0064,formula_parent,1641
krho_pool_k,"I_pool_phys_{s,k}",flotation,V5_0064,formula_parent,1641
rho_slurry_s,"I_pool_phys_{s,k}",flotation,V5_0064,formula_parent,1641
kmu_pool_k,"I_pool_phys_{s,k}",flotation,V5_0064,formula_parent,1641
mu_slurry_s,"I_pool_phys_{s,k}",flotation,V5_0064,formula_parent,1641
kH_pool_k,"I_pool_phys_{s,k}",flotation,V5_0064,formula_parent,1641
H_pool_k,"I_pool_phys_{s,k}",flotation,V5_0064,formula_parent,1641
kf,I_pump,tower_mill,V5_0065,formula_parent,575
f_pump,I_pump,tower_mill,V5_0065,formula_parent,575
kQ,I_pump,tower_mill,V5_0065,formula_parent,575
Q_pump,I_pump,tower_mill,V5_0065,formula_parent,575
krho,I_pump,tower_mill,V5_0065,formula_parent,575
rho_slurry,I_pump,tower_mill,V5_0065,formula_parent,575
kmu,I_pump,tower_mill,V5_0065,formula_parent,575
mu_slurry,I_pump,tower_mill,V5_0065,formula_parent,575
kP_pump,I_pump,tower_mill,V5_0065,formula_parent,575
P_cyc,I_pump,tower_mill,V5_0065,formula_parent,575
I0_pump,I_pump_phys,tower_mill,V5_0066,formula_parent,1317
kf_pump,I_pump_phys,tower_mill,V5_0066,formula_parent,1317
f_pump,I_pump_phys,tower_mill,V5_0066,formula_parent,1317
kQ_pump,I_pump_phys,tower_mill,V5_0066,formula_parent,1317
Q_pump,I_pump_phys,tower_mill,V5_0066,formula_parent,1317
krho_pump,I_pump_phys,tower_mill,V5_0066,formula_parent,1317
rho_feed,I_pump_phys,tower_mill,V5_0066,formula_parent,1317
kmu_pump,I_pump_phys,tower_mill,V5_0066,formula_parent,1317
mu_feed,I_pump_phys,tower_mill,V5_0066,formula_parent,1317
kP_pump,I_pump_phys,tower_mill,V5_0066,formula_parent,1317
P_cyc,I_pump_phys,tower_mill,V5_0066,formula_parent,1317
I0_ring,I_ring_motor_phys,magnetic,V5_0067,formula_parent,1264
kf_ring,I_ring_motor_phys,magnetic,V5_0067,formula_parent,1264
f_ring,I_ring_motor_phys,magnetic,V5_0067,formula_parent,1264
krho_ring,I_ring_motor_phys,magnetic,V5_0067,formula_parent,1264
rho_slurry,I_ring_motor_phys,magnetic,V5_0067,formula_parent,1264
kclog_ring_I,I_ring_motor_phys,magnetic,V5_0067,formula_parent,1264
matrix_clog,I_ring_motor_phys,magnetic,V5_0067,formula_parent,1264
kQ_ring,I_ring_motor_phys,magnetic,V5_0067,formula_parent,1264
Q_feed,I_ring_motor_phys,magnetic,V5_0067,formula_parent,1264
Q_ref,I_ring_motor_phys,magnetic,V5_0067,formula_parent,1264
P_mech,I_tm,tower_mill,V5_0068,formula_parent,650
V_motor,I_tm,tower_mill,V5_0068,formula_parent,650
pf,I_tm,tower_mill,V5_0068,formula_parent,650
eta,I_tm,tower_mill,V5_0068,formula_parent,650
P_mech,I_tm_phys,tower_mill,V5_0069,formula_parent,1371
V_motor,I_tm_phys,tower_mill,V5_0069,formula_parent,1371
pf,I_tm_phys,tower_mill,V5_0069,formula_parent,1371
eta,I_tm_phys,tower_mill,V5_0069,formula_parent,1371
M_NT_solid,L_NT,flotation,V5_0070,formula_parent,725
rho_solid_mix,L_NT,flotation,V5_0070,formula_parent,725
V_NT_water,L_NT,flotation,V5_0070,formula_parent,725
A_NT,L_NT,flotation,V5_0070,formula_parent,725
M_NT_solid_s,L_NT_s,flotation,V5_0071,formula_parent,1453
rho_solid_mix_s,L_NT_s,flotation,V5_0071,formula_parent,1453
V_NT_water_s,L_NT_s,flotation,V5_0071,formula_parent,1453
A_NT_s,L_NT_s,flotation,V5_0071,formula_parent,1453
L_cell,L_cell_aerated,flotation,V5_0072,formula_parent,889
gas_holdup,L_cell_aerated,flotation,V5_0072,formula_parent,889
"L_cell_{s,c}","L_cell_aerated_{s,c}",flotation,V5_0073,formula_parent,1561
"gas_holdup_{s,c}","L_cell_aerated_{s,c}",flotation,V5_0073,formula_parent,1561
Liberation_fe_discharge_prev,Liberation_fe_discharge,tower_mill,V5_0074,formula_parent,1380
tau_mill_residence,Liberation_fe_discharge,tower_mill,V5_0074,formula_parent,1380
Liberation_fe_discharge_inst,Liberation_fe_discharge,tower_mill,V5_0074,formula_parent,1380
Liberation_fe_sand,Liberation_fe_discharge_inst,tower_mill,V5_0075,formula_parent,1375
k_lib_fe,Liberation_fe_discharge_inst,tower_mill,V5_0075,formula_parent,1375
E_spec,Liberation_fe_discharge_inst,tower_mill,V5_0075,formula_parent,1375
WI_mill,Liberation_fe_discharge_inst,tower_mill,V5_0075,formula_parent,1375
liberation_potential,Liberation_fe_discharge_inst,tower_mill,V5_0075,formula_parent,1375
Liberation_fe_feed_prev,Liberation_fe_feed,tower_mill,V5_0076,formula_parent,1303
tau_cyc_pool,Liberation_fe_feed,tower_mill,V5_0076,formula_parent,1303
Liberation_fe_feed_in,Liberation_fe_feed,tower_mill,V5_0076,formula_parent,1303
M_mag_conc_solid,Liberation_fe_feed_in,tower_mill,V5_0077,formula_parent,1293
Liberation_fe_mag_conc,Liberation_fe_feed_in,tower_mill,V5_0077,formula_parent,1293
M_tm_discharge_solid_prev,Liberation_fe_feed_in,tower_mill,V5_0077,formula_parent,1293
Liberation_fe_discharge_prev,Liberation_fe_feed_in,tower_mill,V5_0077,formula_parent,1293
L0_fe,Liberation_fe_i,boundary,V5_0078,formula_parent,361
k_L_wi,Liberation_fe_i,boundary,V5_0078,formula_parent,361
WI_i,Liberation_fe_i,boundary,V5_0078,formula_parent,361
WI_ref,Liberation_fe_i,boundary,V5_0078,formula_parent,361
k_L_size,Liberation_fe_i,boundary,V5_0078,formula_parent,361
F200_i,Liberation_fe_i,boundary,V5_0078,formula_parent,361
k_L_clay,Liberation_fe_i,boundary,V5_0078,formula_parent,361
clay_i,Liberation_fe_i,boundary,V5_0078,formula_parent,361
M_solid_i,Liberation_fe_mixed,boundary,V5_0079,formula_parent,409
Liberation_fe_i,Liberation_fe_mixed,boundary,V5_0079,formula_parent,409
M_solid_mixed,Liberation_fe_mixed,boundary,V5_0079,formula_parent,409
Liberation_fe_feed,Liberation_fe_overflow,tower_mill,V5_0080,formula_parent,1346
k_lib_fe_enrich,Liberation_fe_overflow,tower_mill,V5_0080,formula_parent,1346
Liberation_fe_feed,Liberation_fe_sand,tower_mill,V5_0081,formula_parent,1349
Liberation_fe_overflow,Liberation_fe_sand,tower_mill,V5_0081,formula_parent,1349
alpha_ov,Liberation_fe_sand,tower_mill,V5_0081,formula_parent,1349
Liberation_gangue_discharge_prev,Liberation_gangue_discharge,tower_mill,V5_0082,formula_parent,1381
tau_mill_residence,Liberation_gangue_discharge,tower_mill,V5_0082,formula_parent,1381
Liberation_gangue_discharge_inst,Liberation_gangue_discharge,tower_mill,V5_0082,formula_parent,1381
Liberation_gangue_sand,Liberation_gangue_discharge_inst,tower_mill,V5_0083,formula_parent,1376
k_lib_g,Liberation_gangue_discharge_inst,tower_mill,V5_0083,formula_parent,1376
E_spec,Liberation_gangue_discharge_inst,tower_mill,V5_0083,formula_parent,1376
WI_mill,Liberation_gangue_discharge_inst,tower_mill,V5_0083,formula_parent,1376
liberation_potential,Liberation_gangue_discharge_inst,tower_mill,V5_0083,formula_parent,1376
Liberation_gangue_feed_prev,Liberation_gangue_feed,tower_mill,V5_0084,formula_parent,1304
tau_cyc_pool,Liberation_gangue_feed,tower_mill,V5_0084,formula_parent,1304
Liberation_gangue_feed_in,Liberation_gangue_feed,tower_mill,V5_0084,formula_parent,1304
M_mag_conc_solid,Liberation_gangue_feed_in,tower_mill,V5_0085,formula_parent,1294
Liberation_gangue_mag_conc,Liberation_gangue_feed_in,tower_mill,V5_0085,formula_parent,1294
M_tm_discharge_solid_prev,Liberation_gangue_feed_in,tower_mill,V5_0085,formula_parent,1294
Liberation_gangue_discharge_prev,Liberation_gangue_feed_in,tower_mill,V5_0085,formula_parent,1294
L0_gangue,Liberation_gangue_i,boundary,V5_0086,formula_parent,368
k_Lg_wi,Liberation_gangue_i,boundary,V5_0086,formula_parent,368
WI_i,Liberation_gangue_i,boundary,V5_0086,formula_parent,368
WI_ref,Liberation_gangue_i,boundary,V5_0086,formula_parent,368
k_Lg_size,Liberation_gangue_i,boundary,V5_0086,formula_parent,368
F200_i,Liberation_gangue_i,boundary,V5_0086,formula_parent,368
M_solid_i,Liberation_gangue_mixed,boundary,V5_0087,formula_parent,410
Liberation_gangue_i,Liberation_gangue_mixed,boundary,V5_0087,formula_parent,410
M_solid_mixed,Liberation_gangue_mixed,boundary,V5_0087,formula_parent,410
Liberation_gangue_feed,Liberation_gangue_overflow,tower_mill,V5_0088,formula_parent,1347
k_lib_g_enrich,Liberation_gangue_overflow,tower_mill,V5_0088,formula_parent,1347
Liberation_gangue_feed,Liberation_gangue_sand,tower_mill,V5_0089,formula_parent,1350
Liberation_gangue_overflow,Liberation_gangue_sand,tower_mill,V5_0089,formula_parent,1350
alpha_ov,Liberation_gangue_sand,tower_mill,V5_0089,formula_parent,1350
meas,MC1_FET503_AI,tower_mill,V5_0090,formula_parent,1416
Q_water_phys,MC1_FET503_AI,tower_mill,V5_0090,formula_parent,1416
meas,MC1_TM204_HDZC_1_WD_AI,tower_mill,V5_0091,formula_parent,1423
T_bearing1,MC1_TM204_HDZC_1_WD_AI,tower_mill,V5_0091,formula_parent,1423
meas,MC1_TM204_ZDJ_DZ_A_WD_AI,tower_mill,V5_0092,formula_parent,1425
T_stator_A,MC1_TM204_ZDJ_DZ_A_WD_AI,tower_mill,V5_0092,formula_parent,1425
meas,MC1_TM206_HDZC_2_WD_AI,tower_mill,V5_0093,formula_parent,1424
T_bearing2,MC1_TM206_HDZC_2_WD_AI,tower_mill,V5_0093,formula_parent,1424
meas,MC1_TM206_ZDJ_DZ_B_WD_AI,tower_mill,V5_0094,formula_parent,1426
T_stator_B,MC1_TM206_ZDJ_DZ_B_WD_AI,tower_mill,V5_0094,formula_parent,1426
split_NT_s,M_NT_in_solid_s,flotation,V5_0095,formula_parent,1447
M_tm_overflow_solid_delayed,M_NT_in_solid_s,flotation,V5_0095,formula_parent,1447
split_NT_s,M_NT_in_water_s,flotation,V5_0096,formula_parent,1448
M_tm_overflow_water_delayed,M_NT_in_water_s,flotation,V5_0096,formula_parent,1448
Q_NT_under_s,M_NT_under_solid_s,flotation,V5_0097,formula_parent,1462
rho_under_s,M_NT_under_solid_s,flotation,V5_0097,formula_parent,1462
C_under_s,M_NT_under_solid_s,flotation,V5_0097,formula_parent,1462
Q_NT_under_s,M_NT_under_water_s,flotation,V5_0098,formula_parent,1463
rho_under_s,M_NT_under_water_s,flotation,V5_0098,formula_parent,1463
C_under_s,M_NT_under_water_s,flotation,V5_0098,formula_parent,1463
M_cell_j_prev,M_cell_j,flotation,V5_0099,formula_parent,948
dM_cell_j,M_cell_j,flotation,V5_0099,formula_parent,948
"M_cell_j_prev_{s,c}","M_cell_j_{s,c}",flotation,V5_0100,formula_parent,1615
"dM_cell_j_{s,c}","M_cell_j_{s,c}",flotation,V5_0100,formula_parent,1615
conc_j,M_conc_solid,magnetic,V5_0101,formula_parent,1239
M_feed_nom,M_feed_sp,flotation,V5_0102,formula_parent,1622
KWI_feed,M_feed_sp,flotation,V5_0102,formula_parent,1622
WI_ref,M_feed_sp,flotation,V5_0102,formula_parent,1622
Ktm_feed,M_feed_sp,flotation,V5_0102,formula_parent,1622
I_tm_phys,M_feed_sp,flotation,V5_0102,formula_parent,1622
I_tm_ref,M_feed_sp,flotation,V5_0102,formula_parent,1622
Kfroth_feed,M_feed_sp,flotation,V5_0102,formula_parent,1622
h_froth,M_feed_sp,flotation,V5_0102,formula_parent,1622
h_high,M_feed_sp,flotation,V5_0102,formula_parent,1622
Kpool_feed,M_feed_sp,flotation,V5_0102,formula_parent,1622
L_pool,M_feed_sp,flotation,V5_0102,formula_parent,1622
L_high,M_feed_sp,flotation,V5_0102,formula_parent,1622
operator_trim_feed,M_feed_sp,flotation,V5_0102,formula_parent,1622
PRBS_feed_rate,M_feed_sp,flotation,V5_0102,formula_parent,1622
M_feed_min,M_feed_sp,flotation,V5_0102,formula_parent,1622
M_feed_max,M_feed_sp,flotation,V5_0102,formula_parent,1622
M_tm_sand_water,M_mill_water_in,tower_mill,V5_0103,formula_parent,1358
Q_sand_water_phys,M_mill_water_in,tower_mill,V5_0103,formula_parent,1358
rho_water,M_mill_water_in,tower_mill,V5_0103,formula_parent,1358
M_tm_overflow_solid,M_overflow,tower_mill,V5_0104,formula_parent,1343
feed_solid,M_overflow_solid,tower_mill,V5_0105,formula_parent,603
alpha_ov,M_overflow_solid,tower_mill,V5_0105,formula_parent,603
feed_water,M_overflow_water,tower_mill,V5_0106,formula_parent,607
alpha_ov_water,M_overflow_water,tower_mill,V5_0106,formula_parent,607
M_tm_sand_solid,M_sand,tower_mill,V5_0107,formula_parent,1335
feed_solid,M_sand_solid,tower_mill,V5_0108,formula_parent,604
M_overflow_solid,M_sand_solid,tower_mill,V5_0108,formula_parent,604
feed_water,M_sand_water,tower_mill,V5_0109,formula_parent,608
M_overflow_water,M_sand_water,tower_mill,V5_0109,formula_parent,608
Fe_total,M_solid,global,V5_0110,formula_parent,178
Gangue,M_solid,global,V5_0110,formula_parent,178
M_wet_i,M_solid_i,boundary,V5_0111,formula_parent,318
C_i,M_solid_i,boundary,V5_0111,formula_parent,318
M_wet_1,M_solid_mixed,boundary,V5_0112,formula_parent,380
M_wet_2,M_solid_mixed,boundary,V5_0112,formula_parent,380
M_wet_3,M_solid_mixed,boundary,V5_0112,formula_parent,380
feed_solid,M_tm_overflow_solid,tower_mill,V5_0113,formula_parent,1333
alpha_ov,M_tm_overflow_solid,tower_mill,V5_0113,formula_parent,1333
feed_water,M_tm_overflow_water,tower_mill,V5_0114,formula_parent,1337
alpha_ov_water,M_tm_overflow_water,tower_mill,V5_0114,formula_parent,1337
feed_solid,M_tm_sand_solid,tower_mill,V5_0115,formula_parent,1334
M_tm_overflow_solid,M_tm_sand_solid,tower_mill,V5_0115,formula_parent,1334
feed_water,M_tm_sand_water,tower_mill,V5_0116,formula_parent,1338
M_tm_overflow_water,M_tm_sand_water,tower_mill,V5_0116,formula_parent,1338
M_wet,M_water,global,V5_0117,formula_parent,199
M_solid,M_water,global,V5_0117,formula_parent,199
M_wet_i,M_water_i,boundary,V5_0118,formula_parent,319
M_solid_i,M_water_i,boundary,V5_0118,formula_parent,319
M_water_1,M_water_mixed,boundary,V5_0119,formula_parent,381
M_water_2,M_water_mixed,boundary,V5_0119,formula_parent,381
M_water_3,M_water_mixed,boundary,V5_0119,formula_parent,381
M_solid,M_wet,global,V5_0120,formula_parent,198
availability_i,M_wet_i,boundary,V5_0121,formula_parent,316
M_nom_i,M_wet_i,boundary,V5_0121,formula_parent,316
xi_common,M_wet_i,boundary,V5_0121,formula_parent,316
xi_i,M_wet_i,boundary,V5_0121,formula_parent,316
M_min_i,M_wet_i,boundary,V5_0121,formula_parent,316
M_max_i,M_wet_i,boundary,V5_0121,formula_parent,316
M_solid_mixed,M_wet_mixed,boundary,V5_0122,formula_parent,382
M_water_mixed,M_wet_mixed,boundary,V5_0122,formula_parent,382
N_flush_base,N_flush_open,magnetic,V5_0123,formula_parent,1255
Kclog_flush_N,N_flush_open,magnetic,V5_0123,formula_parent,1255
matrix_clog,N_flush_open,magnetic,V5_0123,formula_parent,1255
Kload_flush_N,N_flush_open,magnetic,V5_0123,formula_parent,1255
Q_feed,N_flush_open,magnetic,V5_0123,formula_parent,1255
Q_ref,N_flush_open,magnetic,V5_0123,formula_parent,1255
N_flush_min,N_flush_open,magnetic,V5_0123,formula_parent,1255
N_flush_max,N_flush_open,magnetic,V5_0123,formula_parent,1255
k_naoh_oh,OH_effect,flotation,V5_0124,formula_parent,812
dose_naoh_kg_t,OH_effect,flotation,V5_0124,formula_parent,812
k_cao_oh,OH_effect,flotation,V5_0124,formula_parent,812
dose_cao_kg_t,OH_effect,flotation,V5_0124,formula_parent,812
k_naoh_oh,OH_effect_s,flotation,V5_0125,formula_parent,1525
dose_naoh_kg_t_s,OH_effect_s,flotation,V5_0125,formula_parent,1525
k_cao_oh,OH_effect_s,flotation,V5_0125,formula_parent,1525
dose_cao_kg_t_s,OH_effect_s,flotation,V5_0125,formula_parent,1525
a_fan_b,P_blower_curve_b,flotation,V5_0128,formula_parent,1546
blower_speed_b,P_blower_curve_b,flotation,V5_0128,formula_parent,1546
b_fan_b,P_blower_curve_b,flotation,V5_0128,formula_parent,1546
Q_blower_b,P_blower_curve_b,flotation,V5_0128,formula_parent,1546
P_blower_pressure_min_b,P_blower_curve_b,flotation,V5_0128,formula_parent,1546
P_blower_pressure_max_b,P_blower_curve_b,flotation,V5_0128,formula_parent,1546
V_blower_b,P_blower_power_b,flotation,V5_0129,formula_parent,1660
I_blower_phys_b,P_blower_power_b,flotation,V5_0129,formula_parent,1660
pf_blower_b,P_blower_power_b,flotation,V5_0129,formula_parent,1660
sum_b,P_blower_power_total,flotation,V5_0130,formula_parent,1661
P_blower_power_b,P_blower_power_total,flotation,V5_0130,formula_parent,1661
P_header,P_blower_pressure_b,flotation,V5_0131,formula_parent,1549
k_blower_discharge_drop_b,P_blower_pressure_b,flotation,V5_0131,formula_parent,1549
Q_blower_b,P_blower_pressure_b,flotation,V5_0131,formula_parent,1549
P_blower_pressure_min_b,P_blower_pressure_b,flotation,V5_0131,formula_parent,1549
P_blower_pressure_max_b,P_blower_pressure_b,flotation,V5_0131,formula_parent,1549
Q_blower_b,P_blower_shaft_kW_b,flotation,V5_0132,formula_parent,1551
DeltaP_blower_Pa_b,P_blower_shaft_kW_b,flotation,V5_0132,formula_parent,1551
eta_fan_b,P_blower_shaft_kW_b,flotation,V5_0132,formula_parent,1551
V_cell_motor,"P_cell_motor_{s,c}",flotation,V5_0133,formula_parent,1657
"I_cell_motor_phys_{s,c}","P_cell_motor_{s,c}",flotation,V5_0133,formula_parent,1657
pf_cell,"P_cell_motor_{s,c}",flotation,V5_0133,formula_parent,1657
eta_cell,"P_cell_motor_{s,c}",flotation,V5_0133,formula_parent,1657
P_amb_pressure,"P_cell_{s,c}",flotation,V5_0134,formula_parent,1554
rho_slurry_s,"P_cell_{s,c}",flotation,V5_0134,formula_parent,1554
g,"P_cell_{s,c}",flotation,V5_0134,formula_parent,1554
"L_cell_{s,c}","P_cell_{s,c}",flotation,V5_0134,formula_parent,1554
e6,"P_cell_{s,c}",flotation,V5_0134,formula_parent,1554
k_froth_pressure,"P_cell_{s,c}",flotation,V5_0134,formula_parent,1554
"h_froth_{s,c}","P_cell_{s,c}",flotation,V5_0134,formula_parent,1554
I_exc,P_coil_loss,magnetic,V5_0135,formula_parent,1219
R_coil,P_coil_loss,magnetic,V5_0135,formula_parent,1219
kP,P_cyc,tower_mill,V5_0136,formula_parent,1316
rho_feed,P_cyc,tower_mill,V5_0136,formula_parent,1316
Q_pump,P_cyc,tower_mill,V5_0136,formula_parent,1316
N_cyc_on,P_cyc,tower_mill,V5_0136,formula_parent,1316
P_min,P_cyc,tower_mill,V5_0136,formula_parent,1316
P_max,P_cyc,tower_mill,V5_0136,formula_parent,1316
P_cyc,P_cyc_lag,tower_mill,V5_0137,formula_parent,1312
L_pump_pressure,P_cyc_lag,tower_mill,V5_0137,formula_parent,1312
V_drug_pump,"P_drug_pump_{s,j}",flotation,V5_0138,formula_parent,1659
"I_drug_j_phys_{s,j}","P_drug_pump_{s,j}",flotation,V5_0138,formula_parent,1659
pf_drug,"P_drug_pump_{s,j}",flotation,V5_0138,formula_parent,1659
eta_drug,"P_drug_pump_{s,j}",flotation,V5_0138,formula_parent,1659
water_pressure,P_flush_phys,magnetic,V5_0139,formula_parent,1263
k_flush_Q,P_flush_phys,magnetic,V5_0139,formula_parent,1263
Q_flush,P_flush_phys,magnetic,V5_0139,formula_parent,1263
k_flush_open,P_flush_phys,magnetic,V5_0139,formula_parent,1263
N_flush_open,P_flush_phys,magnetic,V5_0139,formula_parent,1263
P_header_ss,P_header,flotation,V5_0140,formula_parent,1548
P_header_prev,P_header,flotation,V5_0140,formula_parent,1548
tau_header_pressure,P_header,flotation,V5_0140,formula_parent,1548
P_header_nom,P_header_sp,flotation,V5_0141,formula_parent,1537
Kair_header,P_header_sp,flotation,V5_0141,formula_parent,1537
"sum_{s,c}",P_header_sp,flotation,V5_0141,formula_parent,1537
"Q_air_sp_{s,c}",P_header_sp,flotation,V5_0141,formula_parent,1537
Q_air_total_ref,P_header_sp,flotation,V5_0141,formula_parent,1537
Kvalve_header,P_header_sp,flotation,V5_0141,formula_parent,1537
u_bv_ref,P_header_sp,flotation,V5_0141,formula_parent,1537
"mean_{s,c}",P_header_sp,flotation,V5_0141,formula_parent,1537
"u_bv_{s,c}",P_header_sp,flotation,V5_0141,formula_parent,1537
P_header_min,P_header_sp,flotation,V5_0141,formula_parent,1537
P_header_max,P_header_sp,flotation,V5_0141,formula_parent,1537
weighted_mean_b,P_header_ss,flotation,V5_0142,formula_parent,1547
P_blower_curve_b,P_header_ss,flotation,V5_0142,formula_parent,1547
blower_load_share_b,P_header_ss,flotation,V5_0142,formula_parent,1547
header_resistance,P_header_ss,flotation,V5_0142,formula_parent,1547
Q_air_total,P_header_ss,flotation,V5_0142,formula_parent,1547
P_header_min,P_header_ss,flotation,V5_0142,formula_parent,1547
P_header_max,P_header_ss,flotation,V5_0142,formula_parent,1547
P_mech_ss,P_mech,tower_mill,V5_0143,formula_parent,1370
P_mech_prev,P_mech,tower_mill,V5_0143,formula_parent,1370
tau_P,P_mech,tower_mill,V5_0143,formula_parent,1370
P_idle,P_mech_ss,tower_mill,V5_0144,formula_parent,1369
P_media,P_mech_ss,tower_mill,V5_0144,formula_parent,1369
kM,P_mech_ss,tower_mill,V5_0144,formula_parent,1369
M_sand,P_mech_ss,tower_mill,V5_0144,formula_parent,1369
grind_difficulty,P_mech_ss,tower_mill,V5_0144,formula_parent,1369
V_pool_pump,"P_pool_pump_{s,k}",flotation,V5_0145,formula_parent,1658
"I_pool_phys_{s,k}","P_pool_pump_{s,k}",flotation,V5_0145,formula_parent,1658
pf_pool,"P_pool_pump_{s,k}",flotation,V5_0145,formula_parent,1658
eta_pool,"P_pool_pump_{s,k}",flotation,V5_0145,formula_parent,1658
sum_cell_power_s1,P_series1,flotation,V5_0146,formula_parent,1672
sum_pool_power_s1,P_series1,flotation,V5_0146,formula_parent,1672
sum_drug_power_s1,P_series1,flotation,V5_0146,formula_parent,1672
blower_power_share1,P_series1,flotation,V5_0146,formula_parent,1672
P_aux_series1,P_series1,flotation,V5_0146,formula_parent,1672
sum_cell_power_s2,P_series2,flotation,V5_0147,formula_parent,1673
sum_pool_power_s2,P_series2,flotation,V5_0147,formula_parent,1673
sum_drug_power_s2,P_series2,flotation,V5_0147,formula_parent,1673
blower_power_share2,P_series2,flotation,V5_0147,formula_parent,1673
P_aux_series2,P_series2,flotation,V5_0147,formula_parent,1673
split_NT_s,Q_NT_in_s,flotation,V5_0148,formula_parent,1446
Q_tm_overflow_delayed,Q_NT_in_s,flotation,V5_0148,formula_parent,1446
k_NT_under,Q_NT_under_s,flotation,V5_0149,formula_parent,1461
u_NT_under_s,Q_NT_under_s,flotation,V5_0149,formula_parent,1461
L_NT_s,Q_NT_under_s,flotation,V5_0149,formula_parent,1461
C_orifice,Q_air,flotation,V5_0150,formula_parent,848
u_bv,Q_air,flotation,V5_0150,formula_parent,848
P_blower,Q_air,flotation,V5_0150,formula_parent,848
P_cell,Q_air,flotation,V5_0150,formula_parent,848
Q_air_nom,Q_air_sp,flotation,V5_0151,formula_parent,838
Kh,Q_air_sp,flotation,V5_0151,formula_parent,838
h_ref,Q_air_sp,flotation,V5_0151,formula_parent,838
h_froth_sensor,Q_air_sp,flotation,V5_0151,formula_parent,838
Kload,Q_air_sp,flotation,V5_0151,formula_parent,838
M_feed_solid,Q_air_sp,flotation,V5_0151,formula_parent,838
M_ref,Q_air_sp,flotation,V5_0151,formula_parent,838
Khydro,Q_air_sp,flotation,V5_0151,formula_parent,838
hydrophobic_load,Q_air_sp,flotation,V5_0151,formula_parent,838
hydro_ref,Q_air_sp,flotation,V5_0151,formula_parent,838
Kdensity,Q_air_sp,flotation,V5_0151,formula_parent,838
C_ref,Q_air_sp,flotation,V5_0151,formula_parent,838
operator_trim_air,Q_air_sp,flotation,V5_0151,formula_parent,838
PRBS_air,Q_air_sp,flotation,V5_0151,formula_parent,838
Q_air_min,Q_air_sp,flotation,V5_0151,formula_parent,838
Q_air_max,Q_air_sp,flotation,V5_0151,formula_parent,838
Q_air_nom_c,"Q_air_sp_{s,c}",flotation,V5_0152,formula_parent,1535
Kh_c,"Q_air_sp_{s,c}",flotation,V5_0152,formula_parent,1535
h_ref_c,"Q_air_sp_{s,c}",flotation,V5_0152,formula_parent,1535
"h_froth_lag_{s,c}","Q_air_sp_{s,c}",flotation,V5_0152,formula_parent,1535
Kload_c,"Q_air_sp_{s,c}",flotation,V5_0152,formula_parent,1535
M_feed_solid_s,"Q_air_sp_{s,c}",flotation,V5_0152,formula_parent,1535
M_ref,"Q_air_sp_{s,c}",flotation,V5_0152,formula_parent,1535
Khydro_c,"Q_air_sp_{s,c}",flotation,V5_0152,formula_parent,1535
"hydrophobic_load_{s,c}","Q_air_sp_{s,c}",flotation,V5_0152,formula_parent,1535
hydro_ref_c,"Q_air_sp_{s,c}",flotation,V5_0152,formula_parent,1535
Kdensity_c,"Q_air_sp_{s,c}",flotation,V5_0152,formula_parent,1535
C_s,"Q_air_sp_{s,c}",flotation,V5_0152,formula_parent,1535
C_ref,"Q_air_sp_{s,c}",flotation,V5_0152,formula_parent,1535
"operator_trim_air_{s,c}","Q_air_sp_{s,c}",flotation,V5_0152,formula_parent,1535
"PRBS_air_{s,c}","Q_air_sp_{s,c}",flotation,V5_0152,formula_parent,1535
Q_air_min_c,"Q_air_sp_{s,c}",flotation,V5_0152,formula_parent,1535
Q_air_max_c,"Q_air_sp_{s,c}",flotation,V5_0152,formula_parent,1535
"sum_{s,c}",Q_air_total,flotation,V5_0153,formula_parent,1538
"Q_air_{s,c}",Q_air_total,flotation,V5_0153,formula_parent,1538
C_orifice_c,"Q_air_{s,c}",flotation,V5_0154,formula_parent,1557
"u_bv_{s,c}","Q_air_{s,c}",flotation,V5_0154,formula_parent,1557
P_header,"Q_air_{s,c}",flotation,V5_0154,formula_parent,1557
"P_cell_{s,c}","Q_air_{s,c}",flotation,V5_0154,formula_parent,1557
blower_load_share_b,Q_blower_b,flotation,V5_0155,formula_parent,1543
Q_air_total,Q_blower_b,flotation,V5_0155,formula_parent,1543
M_conc_solid,Q_conc,magnetic,V5_0156,formula_parent,1241
rho_solid_mix,Q_conc,magnetic,V5_0156,formula_parent,1241
Q_conc_water,Q_conc,magnetic,V5_0156,formula_parent,1241
Q_feed_water,Q_conc_water,magnetic,V5_0157,formula_parent,1240
k_w0,Q_conc_water,magnetic,V5_0157,formula_parent,1240
k_w_clog,Q_conc_water,magnetic,V5_0157,formula_parent,1240
matrix_clog,Q_conc_water,magnetic,V5_0157,formula_parent,1240
k_pipe_cooling,Q_cooling_water,magnetic,V5_0158,formula_parent,1220
water_pressure,Q_cooling_water,magnetic,V5_0158,formula_parent,1220
Q_feed_s1_total,Q_feed_meter_phys,flotation,V5_0159,formula_parent,1623
Q_feed_s2_total,Q_feed_meter_phys,flotation,V5_0159,formula_parent,1623
Q_NT_under_s1,Q_feed_s1_total,flotation,V5_0160,formula_parent,1625
Q_NT_under_s2,Q_feed_s2_total,flotation,V5_0161,formula_parent,1626
Cv_flush,Q_flush,magnetic,V5_0162,formula_parent,1262
u_flush,Q_flush,magnetic,V5_0162,formula_parent,1262
water_pressure,Q_flush,magnetic,V5_0162,formula_parent,1262
N_flush_open,Q_flush,magnetic,V5_0162,formula_parent,1262
froth_j,Q_froth_cell,flotation,V5_0163,formula_parent,895
rho_froth_mix,Q_froth_cell,flotation,V5_0163,formula_parent,895
"froth_j_{s,c}","Q_froth_cell_{s,c}",flotation,V5_0164,formula_parent,1619
"rho_froth_mix_{s,c}","Q_froth_cell_{s,c}",flotation,V5_0164,formula_parent,1619
Q_feed_s1_total,Q_ft_s1_1701_phys,flotation,V5_0165,formula_parent,1629
split_s1_meter1,Q_ft_s1_1701_phys,flotation,V5_0165,formula_parent,1629
Q_feed_s1_total,Q_ft_s1_1702_phys,flotation,V5_0166,formula_parent,1630
split_s1_meter1,Q_ft_s1_1702_phys,flotation,V5_0166,formula_parent,1630
Q_feed_s2_total,Q_ft_s2_2701_phys,flotation,V5_0167,formula_parent,1631
split_s2_meter1,Q_ft_s2_2701_phys,flotation,V5_0167,formula_parent,1631
Q_feed_s2_total,Q_ft_s2_2702_phys,flotation,V5_0168,formula_parent,1632
split_s2_meter1,Q_ft_s2_2702_phys,flotation,V5_0168,formula_parent,1632
Q_feed_s,"Q_in_cell_{s,cx1}",flotation,V5_0169,formula_parent,1574
"Q_out_cell_{s,cx1}","Q_in_cell_{s,cx2}",flotation,V5_0170,formula_parent,1575
"Q_out_cell_{s,cx2}","Q_in_cell_{s,cx3}",flotation,V5_0171,formula_parent,1576
Q_rougher_froth_s,"Q_in_cell_{s,jx}",flotation,V5_0172,formula_parent,1577
Q_rougher_tail_s,"Q_in_cell_{s,sx1}",flotation,V5_0173,formula_parent,1578
Q_scav1_tail_s,"Q_in_cell_{s,sx2}",flotation,V5_0174,formula_parent,1579
Q_scav2_tail_s,"Q_in_cell_{s,sx3}",flotation,V5_0175,formula_parent,1580
Q_cleaner_tail_s,"Q_in_pool_{s,1}",flotation,V5_0176,formula_parent,1634
Q_scav1_conc_s,"Q_in_pool_{s,1}",flotation,V5_0176,formula_parent,1634
Q_scav2_conc_s,"Q_in_pool_{s,2}",flotation,V5_0177,formula_parent,1635
Q_scav3_conc_s,"Q_in_pool_{s,2}",flotation,V5_0177,formula_parent,1635
Q_final_tail_s,"Q_in_pool_{s,3}",flotation,V5_0178,formula_parent,1636
k_pump_j,Q_j_ml_s,flotation,V5_0179,formula_parent,785
f_j,Q_j_ml_s,flotation,V5_0179,formula_parent,785
health_j,Q_j_ml_s,flotation,V5_0179,formula_parent,785
noise,Q_j_ml_s,flotation,V5_0179,formula_parent,785
k_k6_pump,Q_k6_consumption_s,flotation,V5_0180,formula_parent,1511
f_k6_rough_s,Q_k6_consumption_s,flotation,V5_0180,formula_parent,1511
event_k6_refill_s,Q_k6_refill_s,flotation,V5_0181,formula_parent,1513
Q_refill_nom,Q_k6_refill_s,flotation,V5_0181,formula_parent,1513
Cv_lv,Q_out_cell,flotation,V5_0182,formula_parent,892
u_lv_fb,Q_out_cell,flotation,V5_0182,formula_parent,892
L_cell,Q_out_cell,flotation,V5_0182,formula_parent,892
Cv_lv_c,"Q_out_cell_{s,c}",flotation,V5_0183,formula_parent,1584
"u_lv_fb_{s,c}","Q_out_cell_{s,c}",flotation,V5_0183,formula_parent,1584
"L_cell_{s,c}","Q_out_cell_{s,c}",flotation,V5_0183,formula_parent,1584
Q_out_cell,Q_out_solid,flotation,V5_0184,formula_parent,943
rho_slurry,Q_out_solid,flotation,V5_0184,formula_parent,943
"Q_out_cell_{s,c}","Q_out_solid_{s,c}",flotation,V5_0185,formula_parent,1610
rho_slurry_s,"Q_out_solid_{s,c}",flotation,V5_0185,formula_parent,1610
C_s,"Q_out_solid_{s,c}",flotation,V5_0185,formula_parent,1610
k_ov,Q_ov_pump,tower_mill,V5_0186,formula_parent,1403
f_ov_pump_sp,Q_ov_pump,tower_mill,V5_0186,formula_parent,1403
L_ov_pool,Q_ov_pump,tower_mill,V5_0186,formula_parent,1403
M_tm_overflow_solid,Q_overflow,tower_mill,V5_0187,formula_parent,1339
rho_solid_mix,Q_overflow,tower_mill,V5_0187,formula_parent,1339
M_tm_overflow_water,Q_overflow,tower_mill,V5_0187,formula_parent,1339
rho_water,Q_overflow,tower_mill,V5_0187,formula_parent,1339
k_pump,Q_pump,tower_mill,V5_0188,formula_parent,1315
f_pump,Q_pump,tower_mill,V5_0188,formula_parent,1315
L_pool,Q_pump,tower_mill,V5_0188,formula_parent,1315
L_min_safe,Q_pump,tower_mill,V5_0188,formula_parent,1315
health_pump,Q_pump,tower_mill,V5_0188,formula_parent,1315
k_pool_pump_k,"Q_pump_pool_{s,k}",flotation,V5_0189,formula_parent,1640
"f_pool_{s,k}","Q_pump_pool_{s,k}",flotation,V5_0189,formula_parent,1640
"L_pool_{s,k}","Q_pump_pool_{s,k}",flotation,V5_0189,formula_parent,1640
"health_pool_pump_{s,k}","Q_pump_pool_{s,k}",flotation,V5_0189,formula_parent,1640
Cv_sand,Q_sand_water_phys,tower_mill,V5_0190,formula_parent,1326
u_sand,Q_sand_water_phys,tower_mill,V5_0190,formula_parent,1326
water_pressure,Q_sand_water_phys,tower_mill,V5_0190,formula_parent,1326
Q_tail_1,Q_tail,magnetic,V5_0191,formula_parent,1252
Q_tail_2,Q_tail,magnetic,V5_0191,formula_parent,1252
Cv_tail1,Q_tail_1,magnetic,V5_0192,formula_parent,1250
u_tail,Q_tail_1,magnetic,V5_0192,formula_parent,1250
L_mag,Q_tail_1,magnetic,V5_0192,formula_parent,1250
specific_gravity,Q_tail_1,magnetic,V5_0192,formula_parent,1250
Cv_tail2,Q_tail_2,magnetic,V5_0193,formula_parent,1251
u_tail_2,Q_tail_2,magnetic,V5_0193,formula_parent,1251
L_mag,Q_tail_2,magnetic,V5_0193,formula_parent,1251
specific_gravity,Q_tail_2,magnetic,V5_0193,formula_parent,1251
Q_overflow,Q_tm_overflow,tower_mill,V5_0194,formula_parent,1341
Cv_water,Q_water_phys,tower_mill,V5_0195,formula_parent,1321
u_water,Q_water_phys,tower_mill,V5_0195,formula_parent,1321
water_pressure,Q_water_phys,tower_mill,V5_0195,formula_parent,1321
k_pump_j,"Q_{s,j}_ml_s",flotation,V5_0196,formula_parent,1500
"f_{s,j}","Q_{s,j}_ml_s",flotation,V5_0196,formula_parent,1500
"health_{s,j}","Q_{s,j}_ml_s",flotation,V5_0196,formula_parent,1500
R0_coil,R_coil,magnetic,V5_0197,formula_parent,1217
alpha_Cu,R_coil,magnetic,V5_0197,formula_parent,1217
T_coil,R_coil,magnetic,V5_0197,formula_parent,1217
T_ref,R_coil,magnetic,V5_0197,formula_parent,1217
k_lip,R_froth_zone,flotation,V5_0198,formula_parent,938
lip_clearance,R_froth_zone,flotation,V5_0198,formula_parent,938
h_froth,R_froth_zone,flotation,V5_0198,formula_parent,938
h_froth_target,R_froth_zone,flotation,V5_0198,formula_parent,938
k_lip_c,"R_froth_zone_{s,c}",flotation,V5_0199,formula_parent,1588
"lip_clearance_{s,c}","R_froth_zone_{s,c}",flotation,V5_0199,formula_parent,1588
"h_froth_{s,c}","R_froth_zone_{s,c}",flotation,V5_0199,formula_parent,1588
h_froth_target_c,"R_froth_zone_{s,c}",flotation,V5_0199,formula_parent,1588
capture_j,R_hm_j,magnetic,V5_0200,formula_parent,533
E_pulse,R_hm_j,magnetic,V5_0200,formula_parent,533
E_ring,R_hm_j,magnetic,V5_0200,formula_parent,533
E_level,R_hm_j,magnetic,V5_0200,formula_parent,533
Rmax_j,R_hm_j,magnetic,V5_0200,formula_parent,533
k_float_j,R_j,flotation,V5_0201,formula_parent,944
tau_stage_h,R_j,flotation,V5_0201,formula_parent,944
Rmax_j,R_j,flotation,V5_0201,formula_parent,944
R_froth_zone,R_j,flotation,V5_0201,formula_parent,944
"k_float_j_{s,c}","R_j_{s,c}",flotation,V5_0202,formula_parent,1611
"tau_stage_h_{s,c}","R_j_{s,c}",flotation,V5_0202,formula_parent,1611
Rmax_j_c,"R_j_{s,c}",flotation,V5_0202,formula_parent,1611
"R_froth_zone_{s,c}","R_j_{s,c}",flotation,V5_0202,formula_parent,1611
M_solid,Stream,global,V5_0203,formula_parent,159
M_water,Stream,global,V5_0203,formula_parent,159
Fe_mag,Stream,global,V5_0203,formula_parent,159
Fe_hem,Stream,global,V5_0203,formula_parent,159
Fe_carb,Stream,global,V5_0203,formula_parent,159
Fe_sil,Stream,global,V5_0203,formula_parent,159
Gangue,Stream,global,V5_0203,formula_parent,159
FeO_proxy,Stream,global,V5_0203,formula_parent,159
TFe,Stream,global,V5_0203,formula_parent,159
F200,Stream,global,V5_0203,formula_parent,159
F325,Stream,global,V5_0203,formula_parent,159
f25,Stream,global,V5_0203,formula_parent,159
d80,Stream,global,V5_0203,formula_parent,159
Liberation_fe,Stream,global,V5_0203,formula_parent,159
Liberation_gangue,Stream,global,V5_0203,formula_parent,159
clay,Stream,global,V5_0203,formula_parent,159
T_slurry,Stream,global,V5_0203,formula_parent,159
rho_solid_mix,Stream,global,V5_0203,formula_parent,159
mu_slurry,Stream,global,V5_0203,formula_parent,159
buffer_capacity,Stream,global,V5_0203,formula_parent,159
hydrophobic_potential,Stream,global,V5_0203,formula_parent,159
Fe_total,TFe,global,V5_0204,formula_parent,179
M_solid,TFe,global,V5_0204,formula_parent,179
G_base_i,TFe_i,boundary,V5_0205,formula_parent,320
k_mag_G,TFe_i,boundary,V5_0205,formula_parent,320
r_mag_i,TFe_i,boundary,V5_0205,formula_parent,320
r_mag_ref,TFe_i,boundary,V5_0205,formula_parent,320
k_clay_G,TFe_i,boundary,V5_0205,formula_parent,320
clay_i,TFe_i,boundary,V5_0205,formula_parent,320
xi_G_i,TFe_i,boundary,V5_0205,formula_parent,320
G_min,TFe_i,boundary,V5_0205,formula_parent,320
G_max,TFe_i,boundary,V5_0205,formula_parent,320
M_solid_1,TFe_mixed,boundary,V5_0206,formula_parent,395
TFe_1,TFe_mixed,boundary,V5_0206,formula_parent,395
M_solid_2,TFe_mixed,boundary,V5_0206,formula_parent,395
TFe_2,TFe_mixed,boundary,V5_0206,formula_parent,395
M_solid_3,TFe_mixed,boundary,V5_0206,formula_parent,395
TFe_3,TFe_mixed,boundary,V5_0206,formula_parent,395
M_solid_mixed,TFe_mixed,boundary,V5_0206,formula_parent,395
T_tm_overflow_delayed,T_NT_in_s,flotation,V5_0207,formula_parent,1449
k_cool_to_NT,T_NT_in_s,flotation,V5_0207,formula_parent,1449
T_amb,T_NT_in_s,flotation,V5_0207,formula_parent,1449
T_amb,T_bearing1,tower_mill,V5_0208,formula_parent,1394
kbrg1,T_bearing1,tower_mill,V5_0208,formula_parent,1394
P_mech,T_bearing1,tower_mill,V5_0208,formula_parent,1394
kb_mu1,T_bearing1,tower_mill,V5_0208,formula_parent,1394
mu_feed,T_bearing1,tower_mill,V5_0208,formula_parent,1394
event_bearing1_fault,T_bearing1,tower_mill,V5_0208,formula_parent,1394
delta_fault,T_bearing1,tower_mill,V5_0208,formula_parent,1394
T_amb,T_bearing2,tower_mill,V5_0209,formula_parent,1395
kbrg2,T_bearing2,tower_mill,V5_0209,formula_parent,1395
P_mech,T_bearing2,tower_mill,V5_0209,formula_parent,1395
kb_mu2,T_bearing2,tower_mill,V5_0209,formula_parent,1395
mu_feed,T_bearing2,tower_mill,V5_0209,formula_parent,1395
event_bearing2_fault,T_bearing2,tower_mill,V5_0209,formula_parent,1395
delta_fault,T_bearing2,tower_mill,V5_0209,formula_parent,1395
T_coil_ss,T_coil,magnetic,V5_0210,formula_parent,1222
T_coil_prev,T_coil,magnetic,V5_0210,formula_parent,1222
tau_coil,T_coil,magnetic,V5_0210,formula_parent,1222
T_amb,T_coil_ss,magnetic,V5_0211,formula_parent,1221
k_loss_coil,T_coil_ss,magnetic,V5_0211,formula_parent,1221
P_coil_loss,T_coil_ss,magnetic,V5_0211,formula_parent,1221
k_cool_coil,T_coil_ss,magnetic,V5_0211,formula_parent,1221
Q_cooling_water,T_coil_ss,magnetic,V5_0211,formula_parent,1221
T_oil_ss,T_oil,tower_mill,V5_0212,formula_parent,1392
T_oil_prev,T_oil,tower_mill,V5_0212,formula_parent,1392
tau_oil,T_oil,tower_mill,V5_0212,formula_parent,1392
T_oil,T_oil_out,tower_mill,V5_0213,formula_parent,1393
k_oil_delta,T_oil_out,tower_mill,V5_0213,formula_parent,1393
oil_flow,T_oil_out,tower_mill,V5_0213,formula_parent,1393
k_oil_heat,T_oil_out,tower_mill,V5_0213,formula_parent,1393
P_mech,T_oil_out,tower_mill,V5_0213,formula_parent,1393
T_amb,T_oil_ss,tower_mill,V5_0214,formula_parent,1391
kP_oil,T_oil_ss,tower_mill,V5_0214,formula_parent,1391
P_mech,T_oil_ss,tower_mill,V5_0214,formula_parent,1391
kcool_oil,T_oil_ss,tower_mill,V5_0214,formula_parent,1391
oil_cooling_flow,T_oil_ss,tower_mill,V5_0214,formula_parent,1391
T_slurry_discharge_prev,T_slurry_discharge,tower_mill,V5_0215,formula_parent,1382
tau_mill_residence,T_slurry_discharge,tower_mill,V5_0215,formula_parent,1382
T_slurry_discharge_inst,T_slurry_discharge,tower_mill,V5_0215,formula_parent,1382
T_slurry_sand,T_slurry_discharge_inst,tower_mill,V5_0216,formula_parent,1378
delta_T_mill,T_slurry_discharge_inst,tower_mill,V5_0216,formula_parent,1378
k_cool_pipe,T_slurry_discharge_inst,tower_mill,V5_0216,formula_parent,1378
T_amb,T_slurry_discharge_inst,tower_mill,V5_0216,formula_parent,1378
T_slurry_feed_prev,T_slurry_feed,tower_mill,V5_0217,formula_parent,1306
tau_cyc_pool,T_slurry_feed,tower_mill,V5_0217,formula_parent,1306
T_slurry_feed_in,T_slurry_feed,tower_mill,V5_0217,formula_parent,1306
M_wet_mag_conc,T_slurry_feed_in,tower_mill,V5_0218,formula_parent,1296
Cp_slurry_mag,T_slurry_feed_in,tower_mill,V5_0218,formula_parent,1296
T_slurry_mag_conc,T_slurry_feed_in,tower_mill,V5_0218,formula_parent,1296
M_wet_tm_discharge,T_slurry_feed_in,tower_mill,V5_0218,formula_parent,1296
Cp_slurry_tm,T_slurry_feed_in,tower_mill,V5_0218,formula_parent,1296
T_slurry_discharge_prev,T_slurry_feed_in,tower_mill,V5_0218,formula_parent,1296
T_amb,T_slurry_i,boundary,V5_0219,formula_parent,374
k_ore_temp,T_slurry_i,boundary,V5_0219,formula_parent,374
T_ore_feed,T_slurry_i,boundary,V5_0219,formula_parent,374
k_water_temp,T_slurry_i,boundary,V5_0219,formula_parent,374
T_process_water,T_slurry_i,boundary,V5_0219,formula_parent,374
M_wet_i,T_slurry_mixed,boundary,V5_0220,formula_parent,411
Cp_slurry_i,T_slurry_mixed,boundary,V5_0220,formula_parent,411
T_slurry_i,T_slurry_mixed,boundary,V5_0220,formula_parent,411
T_slurry_feed,T_slurry_overflow,tower_mill,V5_0221,formula_parent,1351
k_cool_cyc,T_slurry_overflow,tower_mill,V5_0221,formula_parent,1351
T_amb,T_slurry_overflow,tower_mill,V5_0221,formula_parent,1351
T_slurry_feed,T_slurry_sand,tower_mill,V5_0222,formula_parent,1353
k_cool_sand,T_slurry_sand,tower_mill,V5_0222,formula_parent,1353
T_amb,T_slurry_sand,tower_mill,V5_0222,formula_parent,1353
T_stator_A_prev,T_stator_A,tower_mill,V5_0223,formula_parent,1398
tau_thermal_A,T_stator_A,tower_mill,V5_0223,formula_parent,1398
T_stator_A_ss,T_stator_A,tower_mill,V5_0223,formula_parent,1398
T_amb,T_stator_A_ss,tower_mill,V5_0224,formula_parent,1396
k_heat_A,T_stator_A_ss,tower_mill,V5_0224,formula_parent,1396
I_tm_phys,T_stator_A_ss,tower_mill,V5_0224,formula_parent,1396
T_stator_B_prev,T_stator_B,tower_mill,V5_0225,formula_parent,1399
tau_thermal_B,T_stator_B,tower_mill,V5_0225,formula_parent,1399
T_stator_B_ss,T_stator_B,tower_mill,V5_0225,formula_parent,1399
T_amb,T_stator_B_ss,tower_mill,V5_0226,formula_parent,1397
k_heat_B,T_stator_B_ss,tower_mill,V5_0226,formula_parent,1397
I_tm_phys,T_stator_B_ss,tower_mill,V5_0226,formula_parent,1397
T_amb,"T_tank_ss_{s,k}",flotation,V5_0227,formula_parent,1653
ksteam_k,"T_tank_ss_{s,k}",flotation,V5_0227,formula_parent,1653
"u_steam_fb_{s,k}","T_tank_ss_{s,k}",flotation,V5_0227,formula_parent,1653
kreagent_k,"T_tank_ss_{s,k}",flotation,V5_0227,formula_parent,1653
"reagent_heat_load_{s,k}","T_tank_ss_{s,k}",flotation,V5_0227,formula_parent,1653
kmix_tank_k,"T_tank_ss_{s,k}",flotation,V5_0227,formula_parent,1653
"mixer_power_{s,k}","T_tank_ss_{s,k}",flotation,V5_0227,formula_parent,1653
kloss_tank_k,"T_tank_ss_{s,k}",flotation,V5_0227,formula_parent,1653
"T_tank_{s,k}","T_tank_ss_{s,k}",flotation,V5_0227,formula_parent,1653
"T_tank_ss_{s,k}","T_tank_{s,k}",flotation,V5_0228,formula_parent,1654
"T_tank_prev_{s,k}","T_tank_{s,k}",flotation,V5_0228,formula_parent,1654
tau_tank_k,"T_tank_{s,k}",flotation,V5_0228,formula_parent,1654
T_slurry_overflow,T_tm_overflow,tower_mill,V5_0229,formula_parent,1352
T_NT_in,T_under,flotation,V5_0230,formula_parent,729
k_cool_NT,T_under,flotation,V5_0230,formula_parent,729
T_amb,T_under,flotation,V5_0230,formula_parent,729
T_NT_in_s,T_under_s,flotation,V5_0231,formula_parent,1458
k_cool_NT,T_under_s,flotation,V5_0231,formula_parent,1458
T_amb,T_under_s,flotation,V5_0231,formula_parent,1458
R_coil,V_exc_phys,magnetic,V5_0232,formula_parent,1218
I_exc,V_exc_phys,magnetic,V5_0232,formula_parent,1218
A_cell,V_pulp_actual,flotation,V5_0233,formula_parent,893
L_cell,V_pulp_actual,flotation,V5_0233,formula_parent,893
A_cell_c,"V_pulp_actual_{s,c}",flotation,V5_0234,formula_parent,1585
"L_cell_{s,c}","V_pulp_actual_{s,c}",flotation,V5_0234,formula_parent,1585
grid_voltage,V_ring_motor_phys,magnetic,V5_0235,formula_parent,1265
k_drop_ring,V_ring_motor_phys,magnetic,V5_0235,formula_parent,1265
I_ring_motor_phys,V_ring_motor_phys,magnetic,V5_0235,formula_parent,1265
M_solid,V_slurry,global,V5_0236,formula_parent,200
rho_solid_mix,V_slurry,global,V5_0236,formula_parent,200
M_water,V_slurry,global,V5_0236,formula_parent,200
rho_water,V_slurry,global,V5_0236,formula_parent,200
WI_mill,WI_discharge,tower_mill,V5_0237,formula_parent,1383
WI_feed_prev,WI_feed,tower_mill,V5_0238,formula_parent,1305
tau_cyc_pool,WI_feed,tower_mill,V5_0238,formula_parent,1305
WI_feed_in,WI_feed,tower_mill,V5_0238,formula_parent,1305
M_mag_conc_solid,WI_feed_in,tower_mill,V5_0239,formula_parent,1295
WI_mag_conc,WI_feed_in,tower_mill,V5_0239,formula_parent,1295
M_tm_discharge_solid_prev,WI_feed_in,tower_mill,V5_0239,formula_parent,1295
WI_discharge_prev,WI_feed_in,tower_mill,V5_0239,formula_parent,1295
WI_sand,WI_mill,tower_mill,V5_0240,formula_parent,1360
WI_feed,WI_sand,tower_mill,V5_0241,formula_parent,1354
M_solid_1,_x_clay_mixed,boundary,V5_0242,formula_parent,388
clay_1,_x_clay_mixed,boundary,V5_0242,formula_parent,388
M_solid_2,_x_clay_mixed,boundary,V5_0242,formula_parent,388
clay_2,_x_clay_mixed,boundary,V5_0242,formula_parent,388
M_solid_3,_x_clay_mixed,boundary,V5_0242,formula_parent,388
clay_3,_x_clay_mixed,boundary,V5_0242,formula_parent,388
M_solid_mixed,_x_clay_mixed,boundary,V5_0242,formula_parent,388
TFe_mixed,_x_d1,boundary,V5_0243,formula_parent,417
_x_d3_WI_mixed,_x_d3,boundary,V5_0244,formula_parent,419
M_solid_1,_x_d3_WI_mixed,boundary,V5_0245,formula_parent,385
WI_1,_x_d3_WI_mixed,boundary,V5_0245,formula_parent,385
M_solid_2,_x_d3_WI_mixed,boundary,V5_0245,formula_parent,385
WI_2,_x_d3_WI_mixed,boundary,V5_0245,formula_parent,385
M_solid_3,_x_d3_WI_mixed,boundary,V5_0245,formula_parent,385
WI_3,_x_d3_WI_mixed,boundary,V5_0245,formula_parent,385
M_solid_mixed,_x_d3_WI_mixed,boundary,V5_0245,formula_parent,385
water_pressure,_x_d4,boundary,V5_0246,formula_parent,420
M_wet_mixed,_x_m_ball,boundary,V5_0247,formula_parent,421
M_solid_1,_x_r_carb_mixed,boundary,V5_0248,formula_parent,391
r_carb_1,_x_r_carb_mixed,boundary,V5_0248,formula_parent,391
M_solid_2,_x_r_carb_mixed,boundary,V5_0248,formula_parent,391
r_carb_2,_x_r_carb_mixed,boundary,V5_0248,formula_parent,391
M_solid_3,_x_r_carb_mixed,boundary,V5_0248,formula_parent,391
r_carb_3,_x_r_carb_mixed,boundary,V5_0248,formula_parent,391
M_solid_mixed,_x_r_carb_mixed,boundary,V5_0248,formula_parent,391
C_mixed,_x_rho_ball,boundary,V5_0249,formula_parent,422
meas,agg_mag_blowdown_valve,magnetic,V5_0250,formula_parent,1279
u_blowdown_phys,agg_mag_blowdown_valve,magnetic,V5_0250,formula_parent,1279
meas,agg_mag_coil_temp,magnetic,V5_0251,formula_parent,1273
T_coil,agg_mag_coil_temp,magnetic,V5_0251,formula_parent,1273
meas,agg_mag_excit_current,magnetic,V5_0252,formula_parent,1271
I_exc,agg_mag_excit_current,magnetic,V5_0252,formula_parent,1271
meas,agg_mag_excit_voltage,magnetic,V5_0253,formula_parent,1272
V_exc_phys,agg_mag_excit_voltage,magnetic,V5_0253,formula_parent,1272
meas,agg_mag_flush_water_pressure,magnetic,V5_0254,formula_parent,1280
P_flush_phys,agg_mag_flush_water_pressure,magnetic,V5_0254,formula_parent,1280
meas,agg_mag_level,magnetic,V5_0255,formula_parent,1276
L_mag,agg_mag_level,magnetic,V5_0255,formula_parent,1276
meas,agg_mag_motor_current_rc,magnetic,V5_0256,formula_parent,1281
I_ring_motor_phys,agg_mag_motor_current_rc,magnetic,V5_0256,formula_parent,1281
meas,agg_mag_motor_voltage_rc,magnetic,V5_0257,formula_parent,1282
V_ring_motor_phys,agg_mag_motor_voltage_rc,magnetic,V5_0257,formula_parent,1282
meas,agg_mag_pulsation_freq,magnetic,V5_0258,formula_parent,1274
f_pul,agg_mag_pulsation_freq,magnetic,V5_0258,formula_parent,1274
meas,agg_mag_ring_freq,magnetic,V5_0259,formula_parent,1275
f_ring,agg_mag_ring_freq,magnetic,V5_0259,formula_parent,1275
meas,agg_mag_tailings_valve1,magnetic,V5_0260,formula_parent,1277
u_tail,agg_mag_tailings_valve1,magnetic,V5_0260,formula_parent,1277
meas,agg_mag_tailings_valve2,magnetic,V5_0261,formula_parent,1278
u_tail_2,agg_mag_tailings_valve2,magnetic,V5_0261,formula_parent,1278
meas,agg_tm_cyclone_feed_flow,tower_mill,V5_0262,formula_parent,1411
Q_pump,agg_tm_cyclone_feed_flow,tower_mill,V5_0262,formula_parent,1411
meas,agg_tm_cyclone_feed_pressure,tower_mill,V5_0263,formula_parent,1410
P_cyc,agg_tm_cyclone_feed_pressure,tower_mill,V5_0263,formula_parent,1410
meas,agg_tm_cyclone_overflow_pool_level,tower_mill,V5_0264,formula_parent,1427
L_ov_pool,agg_tm_cyclone_overflow_pool_level,tower_mill,V5_0264,formula_parent,1427
meas,agg_tm_cyclone_pool_level,tower_mill,V5_0265,formula_parent,1414
L_pool,agg_tm_cyclone_pool_level,tower_mill,V5_0265,formula_parent,1414
meas,agg_tm_cyclone_pool_valve_setpoint,tower_mill,V5_0266,formula_parent,1415
u_water_sp,agg_tm_cyclone_pool_valve_setpoint,tower_mill,V5_0266,formula_parent,1415
meas,agg_tm_cyclone_pump_current,tower_mill,V5_0267,formula_parent,1413
I_pump_phys,agg_tm_cyclone_pump_current,tower_mill,V5_0267,formula_parent,1413
meas,agg_tm_cyclone_pump_freq,tower_mill,V5_0268,formula_parent,1412
f_pump,agg_tm_cyclone_pump_freq,tower_mill,V5_0268,formula_parent,1412
meas,agg_tm_cyclone_sand_valve_feedback,tower_mill,V5_0269,formula_parent,1418
u_sand,agg_tm_cyclone_sand_valve_feedback,tower_mill,V5_0269,formula_parent,1418
meas,agg_tm_cyclone_sand_valve_setpoint,tower_mill,V5_0270,formula_parent,1417
u_sand_sp,agg_tm_cyclone_sand_valve_setpoint,tower_mill,V5_0270,formula_parent,1417
meas,agg_tm_cyclone_sand_water_flow,tower_mill,V5_0271,formula_parent,1419
Q_sand_water_phys,agg_tm_cyclone_sand_water_flow,tower_mill,V5_0271,formula_parent,1419
meas,agg_tm_motor_current,tower_mill,V5_0272,formula_parent,1420
I_tm_phys,agg_tm_motor_current,tower_mill,V5_0272,formula_parent,1420
meas,agg_tm_overflow_pump_current,tower_mill,V5_0273,formula_parent,1428
I_ov_pump_phys,agg_tm_overflow_pump_current,tower_mill,V5_0273,formula_parent,1428
meas,agg_tm_reducer_oil_temp,tower_mill,V5_0274,formula_parent,1421
T_oil,agg_tm_reducer_oil_temp,tower_mill,V5_0274,formula_parent,1421
meas,agg_tm_reducer_outlet_temp,tower_mill,V5_0275,formula_parent,1422
T_oil_out,agg_tm_reducer_outlet_temp,tower_mill,V5_0275,formula_parent,1422
air_filter_fouling_prev,air_filter_fouling,flotation,V5_0276,formula_parent,1540
d,air_filter_fouling,flotation,V5_0276,formula_parent,1540
kF,alpha_ov,tower_mill,V5_0277,formula_parent,1329
F325_feed,alpha_ov,tower_mill,V5_0277,formula_parent,1329
F325_ref,alpha_ov,tower_mill,V5_0277,formula_parent,1329
kP,alpha_ov,tower_mill,V5_0277,formula_parent,1329
P_cyc,alpha_ov,tower_mill,V5_0277,formula_parent,1329
P_ref,alpha_ov,tower_mill,V5_0277,formula_parent,1329
kC,alpha_ov,tower_mill,V5_0277,formula_parent,1329
C_feed,alpha_ov,tower_mill,V5_0277,formula_parent,1329
C_ref,alpha_ov,tower_mill,V5_0277,formula_parent,1329
kmu,alpha_ov,tower_mill,V5_0277,formula_parent,1329
mu_feed,alpha_ov,tower_mill,V5_0277,formula_parent,1329
mu_ref,alpha_ov,tower_mill,V5_0277,formula_parent,1329
alpha_ov,alpha_ov_water,tower_mill,V5_0278,formula_parent,1336
k_water_split,alpha_ov_water,tower_mill,V5_0278,formula_parent,1336
M_NT_solid_s,bed_mass_s,flotation,V5_0280,formula_parent,1464
M_NT_solid_ref,bed_mass_s,flotation,V5_0280,formula_parent,1464
blower_on_b,blower_load_share_b,flotation,V5_0281,formula_parent,1542
blower_capacity_b,blower_load_share_b,flotation,V5_0281,formula_parent,1542
sum_b,blower_load_share_b,flotation,V5_0281,formula_parent,1542
P_blower_power_total,blower_power_share1,flotation,V5_0282,formula_parent,1662
Q_air_total_s1,blower_power_share1,flotation,V5_0282,formula_parent,1662
Q_air_total,blower_power_share1,flotation,V5_0282,formula_parent,1662
P_blower_power_total,blower_power_share2,flotation,V5_0283,formula_parent,1663
Q_air_total_s2,blower_power_share2,flotation,V5_0283,formula_parent,1663
Q_air_total,blower_power_share2,flotation,V5_0283,formula_parent,1663
blower_speed_sp_b,blower_speed_b,flotation,V5_0284,formula_parent,1545
blower_speed_prev_b,blower_speed_b,flotation,V5_0284,formula_parent,1545
tau_blower_speed_b,blower_speed_b,flotation,V5_0284,formula_parent,1545
speed_nom_b,blower_speed_sp_b,flotation,V5_0285,formula_parent,1544
KP_header_b,blower_speed_sp_b,flotation,V5_0285,formula_parent,1544
P_header_sp,blower_speed_sp_b,flotation,V5_0285,formula_parent,1544
P_header,blower_speed_sp_b,flotation,V5_0285,formula_parent,1544
KQ_blower_b,blower_speed_sp_b,flotation,V5_0285,formula_parent,1544
Q_blower_b,blower_speed_sp_b,flotation,V5_0285,formula_parent,1544
Q_blower_ref_b,blower_speed_sp_b,flotation,V5_0285,formula_parent,1544
speed_min_b,blower_speed_sp_b,flotation,V5_0285,formula_parent,1544
speed_max_b,blower_speed_sp_b,flotation,V5_0285,formula_parent,1544
b0,buffer_capacity,global,V5_0286,formula_parent,238
b_carb,buffer_capacity,global,V5_0286,formula_parent,238
r_carb,buffer_capacity,global,V5_0286,formula_parent,238
b_sil,buffer_capacity,global,V5_0286,formula_parent,238
r_sil,buffer_capacity,global,V5_0286,formula_parent,238
b_clay,buffer_capacity,global,V5_0286,formula_parent,238
clay,buffer_capacity,global,V5_0286,formula_parent,238
b_C,buffer_capacity,global,V5_0286,formula_parent,238
b_flow,buffer_capacity,global,V5_0286,formula_parent,238
M_solid,buffer_capacity,global,V5_0286,formula_parent,238
b0,buffer_capacity_s,flotation,V5_0287,formula_parent,1519
b_carb,buffer_capacity_s,flotation,V5_0287,formula_parent,1519
r_carb_s,buffer_capacity_s,flotation,V5_0287,formula_parent,1519
b_sil,buffer_capacity_s,flotation,V5_0287,formula_parent,1519
r_sil_s,buffer_capacity_s,flotation,V5_0287,formula_parent,1519
b_clay,buffer_capacity_s,flotation,V5_0287,formula_parent,1519
clay_s,buffer_capacity_s,flotation,V5_0287,formula_parent,1519
b_C,buffer_capacity_s,flotation,V5_0287,formula_parent,1519
C_s,buffer_capacity_s,flotation,V5_0287,formula_parent,1519
b_flow,buffer_capacity_s,flotation,V5_0287,formula_parent,1519
M_feed_solid_s,buffer_capacity_s,flotation,V5_0287,formula_parent,1519
a0_j,capture_j,magnetic,V5_0288,formula_parent,518
aB_j,capture_j,magnetic,V5_0288,formula_parent,518
B_eff,capture_j,magnetic,V5_0288,formula_parent,518
B_ref,capture_j,magnetic,V5_0288,formula_parent,518
aL_j,capture_j,magnetic,V5_0288,formula_parent,518
Liberation_j,capture_j,magnetic,V5_0288,formula_parent,518
L_ref,capture_j,magnetic,V5_0288,formula_parent,518
aSize_j,capture_j,magnetic,V5_0288,formula_parent,518
F200,capture_j,magnetic,V5_0288,formula_parent,518
F200_ref,capture_j,magnetic,V5_0288,formula_parent,518
aC_j,capture_j,magnetic,V5_0288,formula_parent,518
C_ref,capture_j,magnetic,V5_0288,formula_parent,518
aQ_j,capture_j,magnetic,V5_0288,formula_parent,518
Q_feed,capture_j,magnetic,V5_0288,formula_parent,518
Q_ref,capture_j,magnetic,V5_0288,formula_parent,518
inst_circ_load,circulating_load,tower_mill,V5_0289,formula_parent,1357
circulating_load,circulating_load_lag,tower_mill,V5_0290,formula_parent,1323
L_sand_control,circulating_load_lag,tower_mill,V5_0290,formula_parent,1323
c0,clog_buildup,magnetic,V5_0291,formula_parent,1224
c_clay,clog_buildup,magnetic,V5_0291,formula_parent,1224
clay,clog_buildup,magnetic,V5_0291,formula_parent,1224
c_f25,clog_buildup,magnetic,V5_0291,formula_parent,1224
f25,clog_buildup,magnetic,V5_0291,formula_parent,1224
c_C,clog_buildup,magnetic,V5_0291,formula_parent,1224
c_load,clog_buildup,magnetic,V5_0291,formula_parent,1224
Q_feed,clog_buildup,magnetic,V5_0291,formula_parent,1224
Q_ref,clog_buildup,magnetic,V5_0291,formula_parent,1224
c_flush_Q,clog_wash,magnetic,V5_0292,formula_parent,1230
Q_flush_prev,clog_wash,magnetic,V5_0292,formula_parent,1230
Q_flush_ref,clog_wash,magnetic,V5_0292,formula_parent,1230
c_pul_clog,clog_wash,magnetic,V5_0292,formula_parent,1230
f_pul_prev,clog_wash,magnetic,V5_0292,formula_parent,1230
f_pul_ref,clog_wash,magnetic,V5_0292,formula_parent,1230
R_hm_j,conc_j,magnetic,V5_0293,formula_parent,534
feed_j,conc_j,magnetic,V5_0293,formula_parent,534
Entr,conc_j,magnetic,V5_0293,formula_parent,534
Gangue,conc_j,magnetic,V5_0293,formula_parent,534
entr_share_j,conc_j,magnetic,V5_0293,formula_parent,534
k_dust,d(air_filter_fouling)/dt,flotation,V5_0294,formula_parent,1539
Q_air_total,d(air_filter_fouling)/dt,flotation,V5_0294,formula_parent,1539
event_filter_clean,d(air_filter_fouling)/dt,flotation,V5_0294,formula_parent,1539
cleaning_rate_filter,d(air_filter_fouling)/dt,flotation,V5_0294,formula_parent,1539
d50_ref,d50,tower_mill,V5_0295,formula_parent,1328
P_ref,d50,tower_mill,V5_0295,formula_parent,1328
P_cyc,d50,tower_mill,V5_0295,formula_parent,1328
aP,d50,tower_mill,V5_0295,formula_parent,1328
C_feed,d50,tower_mill,V5_0295,formula_parent,1328
C_ref,d50,tower_mill,V5_0295,formula_parent,1328
aC,d50,tower_mill,V5_0295,formula_parent,1328
mu_feed,d50,tower_mill,V5_0295,formula_parent,1328
mu_ref,d50,tower_mill,V5_0295,formula_parent,1328
amu,d50,tower_mill,V5_0295,formula_parent,1328
Q_in_cell,dL_cell/dt,flotation,V5_0296,formula_parent,896
Q_out_cell,dL_cell/dt,flotation,V5_0296,formula_parent,896
Q_froth_cell,dL_cell/dt,flotation,V5_0296,formula_parent,896
A_cell,dL_cell/dt,flotation,V5_0296,formula_parent,896
"Q_in_cell_{s,c}","dL_cell_{s,c}/dt",flotation,V5_0297,formula_parent,1620
"Q_out_cell_{s,c}","dL_cell_{s,c}/dt",flotation,V5_0297,formula_parent,1620
"Q_froth_cell_{s,c}","dL_cell_{s,c}/dt",flotation,V5_0297,formula_parent,1620
A_cell_c,"dL_cell_{s,c}/dt",flotation,V5_0297,formula_parent,1620
Q_k6_refill_s,dL_k6_s/dt,flotation,V5_0298,formula_parent,1510
Q_k6_consumption_s,dL_k6_s/dt,flotation,V5_0298,formula_parent,1510
A_k6,dL_k6_s/dt,flotation,V5_0298,formula_parent,1510
Q_feed,dL_mag/dt,magnetic,V5_0299,formula_parent,1242
Q_tail,dL_mag/dt,magnetic,V5_0299,formula_parent,1242
Q_conc,dL_mag/dt,magnetic,V5_0299,formula_parent,1242
A_mag,dL_mag/dt,magnetic,V5_0299,formula_parent,1242
Q_overflow,dL_ov_pool/dt,tower_mill,V5_0300,formula_parent,1401
Q_ov_pump,dL_ov_pool/dt,tower_mill,V5_0300,formula_parent,1401
A_ov_pool,dL_ov_pool/dt,tower_mill,V5_0300,formula_parent,1401
Q_in,dL_pool/dt,tower_mill,V5_0301,formula_parent,1311
Q_return_sand,dL_pool/dt,tower_mill,V5_0301,formula_parent,1311
Q_water,dL_pool/dt,tower_mill,V5_0301,formula_parent,1311
Q_pump,dL_pool/dt,tower_mill,V5_0301,formula_parent,1311
A_pool,dL_pool/dt,tower_mill,V5_0301,formula_parent,1311
"Q_in_pool_{s,k}","dL_pool_{s,k}/dt",flotation,V5_0302,formula_parent,1637
"Q_pump_pool_{s,k}","dL_pool_{s,k}/dt",flotation,V5_0302,formula_parent,1637
A_pool_k,"dL_pool_{s,k}/dt",flotation,V5_0302,formula_parent,1637
M_in_solid,dM_NT_solid/dt,flotation,V5_0303,formula_parent,723
M_under_solid,dM_NT_solid/dt,flotation,V5_0303,formula_parent,723
M_over_solid,dM_NT_solid/dt,flotation,V5_0303,formula_parent,723
M_NT_in_solid_s,dM_NT_solid_s/dt,flotation,V5_0304,formula_parent,1451
M_NT_under_solid_s,dM_NT_solid_s/dt,flotation,V5_0304,formula_parent,1451
M_NT_over_solid_s,dM_NT_solid_s/dt,flotation,V5_0304,formula_parent,1451
feed_j_rate,dM_cell_j/dt,flotation,V5_0305,formula_parent,947
froth_j_rate,dM_cell_j/dt,flotation,V5_0305,formula_parent,947
tail_j_rate,dM_cell_j/dt,flotation,V5_0305,formula_parent,947
"feed_j_rate_{s,c}","dM_cell_j_{s,c}/dt",flotation,V5_0306,formula_parent,1614
"froth_j_rate_{s,c}","dM_cell_j_{s,c}/dt",flotation,V5_0306,formula_parent,1614
"tail_j_rate_{s,c}","dM_cell_j_{s,c}/dt",flotation,V5_0306,formula_parent,1614
Q_in_water,dV_NT_water/dt,flotation,V5_0307,formula_parent,724
Q_under_water,dV_NT_water/dt,flotation,V5_0307,formula_parent,724
Q_over_water,dV_NT_water/dt,flotation,V5_0307,formula_parent,724
Q_NT_in_water_s,dV_NT_water_s/dt,flotation,V5_0308,formula_parent,1452
Q_NT_under_water_s,dV_NT_water_s/dt,flotation,V5_0308,formula_parent,1452
Q_NT_over_water_s,dV_NT_water_s/dt,flotation,V5_0308,formula_parent,1452
theta_WI,dWI_i,global,V5_0309,formula_parent,144
WI_target_i,dWI_i,global,V5_0309,formula_parent,144
WI_i,dWI_i,global,V5_0309,formula_parent,144
sigma_WI,dWI_i,global,V5_0309,formula_parent,144
dW_WI_i,dWI_i,global,V5_0309,formula_parent,144
theta_clay,dclay_i,global,V5_0310,formula_parent,145
clay_target_i,dclay_i,global,V5_0310,formula_parent,145
clay_i,dclay_i,global,V5_0310,formula_parent,145
sigma_clay,dclay_i,global,V5_0310,formula_parent,145
dW_clay_i,dclay_i,global,V5_0310,formula_parent,145
P_mech,delta_T_mill,tower_mill,V5_0311,formula_parent,1377
k_heat_conv,delta_T_mill,tower_mill,V5_0311,formula_parent,1377
Q_pump,delta_T_mill,tower_mill,V5_0311,formula_parent,1377
rho_feed,delta_T_mill,tower_mill,V5_0311,formula_parent,1377
Cp_slurry,delta_T_mill,tower_mill,V5_0311,formula_parent,1377
dose_DF_K6_effective_prev,dose_DF_K6_effective,flotation,V5_0312,formula_parent,920
tau_adsorption_K6,dose_DF_K6_effective,flotation,V5_0312,formula_parent,920
dose_DF_K6,dose_DF_K6_effective,flotation,V5_0312,formula_parent,920
dose_DF_K6_effective_prev_s,dose_DF_K6_effective_s,flotation,V5_0313,formula_parent,1504
tau_adsorption_K6_s,dose_DF_K6_effective_s,flotation,V5_0313,formula_parent,1504
dose_DF_K6_s,dose_DF_K6_effective_s,flotation,V5_0313,formula_parent,1504
dose_TD_effective_prev,dose_TD_effective,flotation,V5_0314,formula_parent,919
tau_adsorption_TD,dose_TD_effective,flotation,V5_0314,formula_parent,919
dose_TD,dose_TD_effective,flotation,V5_0314,formula_parent,919
dose_TD_effective_prev_s,dose_TD_effective_s,flotation,V5_0315,formula_parent,1503
tau_adsorption_TD_s,dose_TD_effective_s,flotation,V5_0315,formula_parent,1503
dose_TD_s,dose_TD_effective_s,flotation,V5_0315,formula_parent,1503
Q_j_ml_s,dose_j_kg_t,flotation,V5_0316,formula_parent,786
rho_j_kg_L,dose_j_kg_t,flotation,V5_0316,formula_parent,786
active_j,dose_j_kg_t,flotation,V5_0316,formula_parent,786
M_feed_solid_tph,dose_j_kg_t,flotation,V5_0316,formula_parent,786
d0_k6,dose_need_DF_K6,flotation,V5_0317,formula_parent,776
Kslime_k6,dose_need_DF_K6,flotation,V5_0317,formula_parent,776
f25,dose_need_DF_K6,flotation,V5_0317,formula_parent,776
Ksil_k6,dose_need_DF_K6,flotation,V5_0317,formula_parent,776
r_sil,dose_need_DF_K6,flotation,V5_0317,formula_parent,776
Kcarb_k6,dose_need_DF_K6,flotation,V5_0317,formula_parent,776
r_carb,dose_need_DF_K6,flotation,V5_0317,formula_parent,776
Kselect_k6,dose_need_DF_K6,flotation,V5_0317,formula_parent,776
selectivity_ref,dose_need_DF_K6,flotation,V5_0317,formula_parent,776
selectivity_proxy,dose_need_DF_K6,flotation,V5_0317,formula_parent,776
d0_k6,dose_need_DF_K6_s,flotation,V5_0318,formula_parent,1493
Kslime_k6,dose_need_DF_K6_s,flotation,V5_0318,formula_parent,1493
f25_s,dose_need_DF_K6_s,flotation,V5_0318,formula_parent,1493
Ksil_k6,dose_need_DF_K6_s,flotation,V5_0318,formula_parent,1493
r_sil_s,dose_need_DF_K6_s,flotation,V5_0318,formula_parent,1493
Kcarb_k6,dose_need_DF_K6_s,flotation,V5_0318,formula_parent,1493
r_carb_s,dose_need_DF_K6_s,flotation,V5_0318,formula_parent,1493
Kselect_k6,dose_need_DF_K6_s,flotation,V5_0318,formula_parent,1493
selectivity_ref,dose_need_DF_K6_s,flotation,V5_0318,formula_parent,1493
selectivity_proxy_s,dose_need_DF_K6_s,flotation,V5_0318,formula_parent,1493
d0_td_c,dose_need_TD_clean,flotation,V5_0319,formula_parent,770
Kproxy_td,dose_need_TD_clean,flotation,V5_0319,formula_parent,770
quality_proxy_ref,dose_need_TD_clean,flotation,V5_0319,formula_parent,770
quality_proxy_s,dose_need_TD_clean,flotation,V5_0319,formula_parent,770
Kdiff_clean,dose_need_TD_clean,flotation,V5_0319,formula_parent,770
floatability_difficulty,dose_need_TD_clean,flotation,V5_0319,formula_parent,770
operator_trim_td_clean,dose_need_TD_clean,flotation,V5_0319,formula_parent,770
d0_td_c,dose_need_TD_clean_s,flotation,V5_0320,formula_parent,1492
Kproxy_td,dose_need_TD_clean_s,flotation,V5_0320,formula_parent,1492
quality_proxy_ref,dose_need_TD_clean_s,flotation,V5_0320,formula_parent,1492
quality_proxy_s,dose_need_TD_clean_s,flotation,V5_0320,formula_parent,1492
Kdiff_clean,dose_need_TD_clean_s,flotation,V5_0320,formula_parent,1492
floatability_difficulty_s,dose_need_TD_clean_s,flotation,V5_0320,formula_parent,1492
operator_trim_td_clean_s,dose_need_TD_clean_s,flotation,V5_0320,formula_parent,1492
d0_td_r,dose_need_TD_rough,flotation,V5_0321,formula_parent,762
Kload_td,dose_need_TD_rough,flotation,V5_0321,formula_parent,762
M_feed_solid,dose_need_TD_rough,flotation,V5_0321,formula_parent,762
Kdiff_td,dose_need_TD_rough,flotation,V5_0321,formula_parent,762
floatability_difficulty,dose_need_TD_rough,flotation,V5_0321,formula_parent,762
Kfroth_td,dose_need_TD_rough,flotation,V5_0321,formula_parent,762
froth_error,dose_need_TD_rough,flotation,V5_0321,formula_parent,762
operator_trim_td,dose_need_TD_rough,flotation,V5_0321,formula_parent,762
PRBS_TD,dose_need_TD_rough,flotation,V5_0321,formula_parent,762
d0_td_r,dose_need_TD_rough_s,flotation,V5_0322,formula_parent,1491
Kload_td,dose_need_TD_rough_s,flotation,V5_0322,formula_parent,1491
M_feed_solid_s,dose_need_TD_rough_s,flotation,V5_0322,formula_parent,1491
Kdiff_td,dose_need_TD_rough_s,flotation,V5_0322,formula_parent,1491
floatability_difficulty_s,dose_need_TD_rough_s,flotation,V5_0322,formula_parent,1491
Kfroth_td,dose_need_TD_rough_s,flotation,V5_0322,formula_parent,1491
h_ref,dose_need_TD_rough_s,flotation,V5_0322,formula_parent,1491
mean_c,dose_need_TD_rough_s,flotation,V5_0322,formula_parent,1491
"h_froth_lag_{s,c}",dose_need_TD_rough_s,flotation,V5_0322,formula_parent,1491
operator_trim_td_s,dose_need_TD_rough_s,flotation,V5_0322,formula_parent,1491
PRBS_TD_s,dose_need_TD_rough_s,flotation,V5_0322,formula_parent,1491
d0_cao,dose_need_cao,flotation,V5_0323,formula_parent,810
Kcarb_cao,dose_need_cao,flotation,V5_0323,formula_parent,810
r_carb,dose_need_cao,flotation,V5_0323,formula_parent,810
Ksil_cao,dose_need_cao,flotation,V5_0323,formula_parent,810
r_sil,dose_need_cao,flotation,V5_0323,formula_parent,810
Kbuf_cao,dose_need_cao,flotation,V5_0323,formula_parent,810
buffer_capacity,dose_need_cao,flotation,V5_0323,formula_parent,810
d0_cao,dose_need_cao_s,flotation,V5_0324,formula_parent,1522
Kcarb_cao,dose_need_cao_s,flotation,V5_0324,formula_parent,1522
r_carb_s,dose_need_cao_s,flotation,V5_0324,formula_parent,1522
Ksil_cao,dose_need_cao_s,flotation,V5_0324,formula_parent,1522
r_sil_s,dose_need_cao_s,flotation,V5_0324,formula_parent,1522
Kbuf_cao,dose_need_cao_s,flotation,V5_0324,formula_parent,1522
buffer_capacity_s,dose_need_cao_s,flotation,V5_0324,formula_parent,1522
d0_naoh,dose_need_naoh,flotation,V5_0325,formula_parent,809
Kp_pH,dose_need_naoh,flotation,V5_0325,formula_parent,809
pH_sp,dose_need_naoh,flotation,V5_0325,formula_parent,809
pH_sensor,dose_need_naoh,flotation,V5_0325,formula_parent,809
Kbuf_naoh,dose_need_naoh,flotation,V5_0325,formula_parent,809
buffer_capacity,dose_need_naoh,flotation,V5_0325,formula_parent,809
Kflow_naoh,dose_need_naoh,flotation,V5_0325,formula_parent,809
M_feed_solid,dose_need_naoh,flotation,V5_0325,formula_parent,809
d0_naoh,dose_need_naoh_s,flotation,V5_0326,formula_parent,1521
Kp_pH,dose_need_naoh_s,flotation,V5_0326,formula_parent,1521
pH_sp_s,dose_need_naoh_s,flotation,V5_0326,formula_parent,1521
pH_lag_s,dose_need_naoh_s,flotation,V5_0326,formula_parent,1521
Kbuf_naoh,dose_need_naoh_s,flotation,V5_0326,formula_parent,1521
buffer_capacity_s,dose_need_naoh_s,flotation,V5_0326,formula_parent,1521
Kflow_naoh,dose_need_naoh_s,flotation,V5_0326,formula_parent,1521
M_feed_solid_s,dose_need_naoh_s,flotation,V5_0326,formula_parent,1521
dose_need_cao_s,"dose_need_{s,cao}",flotation,V5_0327,formula_parent,1524
dose_need_DF_K6_s,"dose_need_{s,k6_rough}",flotation,V5_0328,formula_parent,1497
dose_need_naoh_s,"dose_need_{s,naoh}",flotation,V5_0329,formula_parent,1523
dose_need_TD_clean_s,"dose_need_{s,td_clean}",flotation,V5_0330,formula_parent,1496
dose_need_TD_rough_s,"dose_need_{s,td_rough}",flotation,V5_0331,formula_parent,1495
theta_carb,dr_carb_i,global,V5_0332,formula_parent,146
r_carb_target_i,dr_carb_i,global,V5_0332,formula_parent,146
r_carb_i,dr_carb_i,global,V5_0332,formula_parent,146
sigma_carb,dr_carb_i,global,V5_0332,formula_parent,146
dW_carb_i,dr_carb_i,global,V5_0332,formula_parent,146
e0,entrainment_factor,flotation,V5_0333,formula_parent,912
e_f25,entrainment_factor,flotation,V5_0333,formula_parent,912
f25,entrainment_factor,flotation,V5_0333,formula_parent,912
e_clay,entrainment_factor,flotation,V5_0333,formula_parent,912
clay,entrainment_factor,flotation,V5_0333,formula_parent,912
e_C,entrainment_factor,flotation,V5_0333,formula_parent,912
e_mu,entrainment_factor,flotation,V5_0333,formula_parent,912
mu_slurry,entrainment_factor,flotation,V5_0333,formula_parent,912
mu_ref,entrainment_factor,flotation,V5_0333,formula_parent,912
e0_c,"entrainment_factor_{s,c}",flotation,V5_0334,formula_parent,1600
e_f25_c,"entrainment_factor_{s,c}",flotation,V5_0334,formula_parent,1600
f25_s,"entrainment_factor_{s,c}",flotation,V5_0334,formula_parent,1600
e_clay_c,"entrainment_factor_{s,c}",flotation,V5_0334,formula_parent,1600
clay_s,"entrainment_factor_{s,c}",flotation,V5_0334,formula_parent,1600
e_C_c,"entrainment_factor_{s,c}",flotation,V5_0334,formula_parent,1600
C_s,"entrainment_factor_{s,c}",flotation,V5_0334,formula_parent,1600
e_mu_c,"entrainment_factor_{s,c}",flotation,V5_0334,formula_parent,1600
mu_slurry_s,"entrainment_factor_{s,c}",flotation,V5_0334,formula_parent,1600
mu_ref,"entrainment_factor_{s,c}",flotation,V5_0334,formula_parent,1600
L_k6_s,event_k6_refill_s,flotation,V5_0335,formula_parent,1512
L_refill_low,event_k6_refill_s,flotation,V5_0335,formula_parent,1512
e,f25_i,boundary,V5_0336,formula_parent,334
d80_i,f25_i,boundary,V5_0336,formula_parent,334
n_rr,f25_i,boundary,V5_0336,formula_parent,334
M_solid_i,f25_mixed,boundary,V5_0337,formula_parent,408
f25_i,f25_mixed,boundary,V5_0337,formula_parent,408
M_solid_mixed,f25_mixed,boundary,V5_0337,formula_parent,408
f_j_sp,f_j,flotation,V5_0338,formula_parent,784
f_min_j,f_j,flotation,V5_0338,formula_parent,784
f_max_j,f_j,flotation,V5_0338,formula_parent,784
tau_j,f_j,flotation,V5_0338,formula_parent,784
dose_to_freq,f_j_sp,flotation,V5_0339,formula_parent,783
dose_need_j,f_j_sp,flotation,V5_0339,formula_parent,783
M_feed_solid,f_j_sp,flotation,V5_0339,formula_parent,783
f_oil_pump_sp,f_oil_pump,tower_mill,V5_0340,formula_parent,1386
f_oil_pump_prev,f_oil_pump,tower_mill,V5_0340,formula_parent,1386
tau_oil_pump,f_oil_pump,tower_mill,V5_0340,formula_parent,1386
f_oil_nom,f_oil_pump_sp,tower_mill,V5_0341,formula_parent,1385
K_oil_T,f_oil_pump_sp,tower_mill,V5_0341,formula_parent,1385
T_oil,f_oil_pump_sp,tower_mill,V5_0341,formula_parent,1385
T_oil_sp,f_oil_pump_sp,tower_mill,V5_0341,formula_parent,1385
K_oil_P,f_oil_pump_sp,tower_mill,V5_0341,formula_parent,1385
P_mech,f_oil_pump_sp,tower_mill,V5_0341,formula_parent,1385
P_ref,f_oil_pump_sp,tower_mill,V5_0341,formula_parent,1385
f_oil_min,f_oil_pump_sp,tower_mill,V5_0341,formula_parent,1385
f_oil_max,f_oil_pump_sp,tower_mill,V5_0341,formula_parent,1385
f_ov_nom,f_ov_pump_sp,tower_mill,V5_0342,formula_parent,1402
K_ov_L,f_ov_pump_sp,tower_mill,V5_0342,formula_parent,1402
L_ov_pool,f_ov_pump_sp,tower_mill,V5_0342,formula_parent,1402
L_ov_sp,f_ov_pump_sp,tower_mill,V5_0342,formula_parent,1402
f_ov_min,f_ov_pump_sp,tower_mill,V5_0342,formula_parent,1402
f_ov_max,f_ov_pump_sp,tower_mill,V5_0342,formula_parent,1402
f_pool_nom_k,"f_pool_sp_{s,k}",flotation,V5_0343,formula_parent,1638
Kpool_L_k,"f_pool_sp_{s,k}",flotation,V5_0343,formula_parent,1638
"L_pool_{s,k}","f_pool_sp_{s,k}",flotation,V5_0343,formula_parent,1638
L_pool_sp_k,"f_pool_sp_{s,k}",flotation,V5_0343,formula_parent,1638
f_pool_min_k,"f_pool_sp_{s,k}",flotation,V5_0343,formula_parent,1638
f_pool_max_k,"f_pool_sp_{s,k}",flotation,V5_0343,formula_parent,1638
"f_pool_sp_{s,k}","f_pool_{s,k}",flotation,V5_0344,formula_parent,1639
"f_pool_prev_{s,k}","f_pool_{s,k}",flotation,V5_0344,formula_parent,1639
tau_pool_pump_k,"f_pool_{s,k}",flotation,V5_0344,formula_parent,1639
f_pul_sp,f_pul,magnetic,V5_0345,formula_parent,1236
f_pul_prev,f_pul,magnetic,V5_0345,formula_parent,1236
tau_pul_act,f_pul,magnetic,V5_0345,formula_parent,1236
f_pul_nom,f_pul_sp,magnetic,V5_0346,formula_parent,1234
Kcoarse_pul,f_pul_sp,magnetic,V5_0346,formula_parent,1234
F325,f_pul_sp,magnetic,V5_0346,formula_parent,1234
Kclay_pul,f_pul_sp,magnetic,V5_0346,formula_parent,1234
clay,f_pul_sp,magnetic,V5_0346,formula_parent,1234
Kslime_pul,f_pul_sp,magnetic,V5_0346,formula_parent,1234
f25,f_pul_sp,magnetic,V5_0346,formula_parent,1234
Kload_pul,f_pul_sp,magnetic,V5_0346,formula_parent,1234
Q_feed,f_pul_sp,magnetic,V5_0346,formula_parent,1234
Q_ref,f_pul_sp,magnetic,V5_0346,formula_parent,1234
f_pul_min,f_pul_sp,magnetic,V5_0346,formula_parent,1234
f_pul_max,f_pul_sp,magnetic,V5_0346,formula_parent,1234
f_pump_sp,f_pump,tower_mill,V5_0347,formula_parent,1314
f_pump_prev,f_pump,tower_mill,V5_0347,formula_parent,1314
tau_pump_act,f_pump,tower_mill,V5_0347,formula_parent,1314
f0,f_pump_sp,tower_mill,V5_0348,formula_parent,1313
L_pool,f_pump_sp,tower_mill,V5_0348,formula_parent,1313
L_sp,f_pump_sp,tower_mill,V5_0348,formula_parent,1313
P_sp,f_pump_sp,tower_mill,V5_0348,formula_parent,1313
P_cyc_lag,f_pump_sp,tower_mill,V5_0348,formula_parent,1313
K_Qff,f_pump_sp,tower_mill,V5_0348,formula_parent,1313
Q_in,f_pump_sp,tower_mill,V5_0348,formula_parent,1313
f_min,f_pump_sp,tower_mill,V5_0348,formula_parent,1313
f_max,f_pump_sp,tower_mill,V5_0348,formula_parent,1313
f_ring_sp,f_ring,magnetic,V5_0349,formula_parent,1237
f_ring_prev,f_ring,magnetic,V5_0349,formula_parent,1237
tau_ring_act,f_ring,magnetic,V5_0349,formula_parent,1237
f_ring_nom,f_ring_sp,magnetic,V5_0350,formula_parent,1235
Kclog_ring,f_ring_sp,magnetic,V5_0350,formula_parent,1235
matrix_clog,f_ring_sp,magnetic,V5_0350,formula_parent,1235
Kcoarse_ring,f_ring_sp,magnetic,V5_0350,formula_parent,1235
F200,f_ring_sp,magnetic,V5_0350,formula_parent,1235
f_ring_min,f_ring_sp,magnetic,V5_0350,formula_parent,1235
f_ring_max,f_ring_sp,magnetic,V5_0350,formula_parent,1235
_sp,"f_{s,j}",flotation,V5_0351,formula_parent,1499
_prev,"f_{s,j}",flotation,V5_0351,formula_parent,1499
tau_j_act,"f_{s,j}",flotation,V5_0351,formula_parent,1499
a_freq_j,"f_{s,j}_sp",flotation,V5_0352,formula_parent,1498
b_freq_j,"f_{s,j}_sp",flotation,V5_0352,formula_parent,1498
"dose_need_{s,j}","f_{s,j}_sp",flotation,V5_0352,formula_parent,1498
M_feed_solid_s,"f_{s,j}_sp",flotation,V5_0352,formula_parent,1498
f_min_j,"f_{s,j}_sp",flotation,V5_0352,formula_parent,1498
f_max_j,"f_{s,j}_sp",flotation,V5_0352,formula_parent,1498
w_carb,floatability_difficulty,flotation,V5_0353,formula_parent,1478
r_carb,floatability_difficulty,flotation,V5_0353,formula_parent,1478
w_sil,floatability_difficulty,flotation,V5_0353,formula_parent,1478
r_sil,floatability_difficulty,flotation,V5_0353,formula_parent,1478
w_fine,floatability_difficulty,flotation,V5_0353,formula_parent,1478
f25,floatability_difficulty,flotation,V5_0353,formula_parent,1478
w_coarse,floatability_difficulty,flotation,V5_0353,formula_parent,1478
F325,floatability_difficulty,flotation,V5_0353,formula_parent,1478
w_low_lib,floatability_difficulty,flotation,V5_0353,formula_parent,1478
Liberation_gangue,floatability_difficulty,flotation,V5_0353,formula_parent,1478
w_density,floatability_difficulty,flotation,V5_0353,formula_parent,1478
abs,floatability_difficulty,flotation,V5_0353,formula_parent,1478
C_opt,floatability_difficulty,flotation,V5_0353,formula_parent,1478
w_clay,floatability_difficulty,flotation,V5_0353,formula_parent,1478
clay,floatability_difficulty,flotation,V5_0353,formula_parent,1478
h_ref,froth_error,flotation,V5_0354,formula_parent,755
h_froth_sensor,froth_error,flotation,V5_0354,formula_parent,755
froth_j_rate,froth_j,flotation,V5_0355,formula_parent,950
R_j,froth_j_rate,flotation,V5_0356,formula_parent,945
M_cell_j_prev,froth_j_rate,flotation,V5_0356,formula_parent,945
tau_stage_h,froth_j_rate,flotation,V5_0356,formula_parent,945
entrainment_j_rate,froth_j_rate,flotation,V5_0356,formula_parent,945
"R_j_{s,c}","froth_j_rate_{s,c}",flotation,V5_0357,formula_parent,1612
"M_cell_j_prev_{s,c}","froth_j_rate_{s,c}",flotation,V5_0357,formula_parent,1612
"tau_stage_h_{s,c}","froth_j_rate_{s,c}",flotation,V5_0357,formula_parent,1612
"entrainment_j_rate_{s,c}","froth_j_rate_{s,c}",flotation,V5_0357,formula_parent,1612
"froth_j_rate_{s,c}","froth_j_{s,c}",flotation,V5_0358,formula_parent,1616
s0,froth_stability,flotation,V5_0359,formula_parent,858
s_TD,froth_stability,flotation,V5_0359,formula_parent,858
dose_TD,froth_stability,flotation,V5_0359,formula_parent,858
s_K6,froth_stability,flotation,V5_0359,formula_parent,858
dose_DF_K6,froth_stability,flotation,V5_0359,formula_parent,858
s_f25,froth_stability,flotation,V5_0359,formula_parent,858
f25,froth_stability,flotation,V5_0359,formula_parent,858
s_C,froth_stability,flotation,V5_0359,formula_parent,858
s_Ca,froth_stability,flotation,V5_0359,formula_parent,858
Ca2_effect,froth_stability,flotation,V5_0359,formula_parent,858
s_lib,froth_stability,flotation,V5_0359,formula_parent,858
Liberation_gangue,froth_stability,flotation,V5_0359,formula_parent,858
s_clay,froth_stability,flotation,V5_0359,formula_parent,858
clay,froth_stability,flotation,V5_0359,formula_parent,858
s0_c,"froth_stability_{s,c}",flotation,V5_0360,formula_parent,1566
s_TD_c,"froth_stability_{s,c}",flotation,V5_0360,formula_parent,1566
dose_TD_effective_s,"froth_stability_{s,c}",flotation,V5_0360,formula_parent,1566
s_K6_c,"froth_stability_{s,c}",flotation,V5_0360,formula_parent,1566
dose_DF_K6_effective_s,"froth_stability_{s,c}",flotation,V5_0360,formula_parent,1566
s_f25_c,"froth_stability_{s,c}",flotation,V5_0360,formula_parent,1566
f25_s,"froth_stability_{s,c}",flotation,V5_0360,formula_parent,1566
s_C_c,"froth_stability_{s,c}",flotation,V5_0360,formula_parent,1566
C_s,"froth_stability_{s,c}",flotation,V5_0360,formula_parent,1566
s_Ca_c,"froth_stability_{s,c}",flotation,V5_0360,formula_parent,1566
Ca2_effect_s,"froth_stability_{s,c}",flotation,V5_0360,formula_parent,1566
s_lib_c,"froth_stability_{s,c}",flotation,V5_0360,formula_parent,1566
Liberation_gangue_s,"froth_stability_{s,c}",flotation,V5_0360,formula_parent,1566
s_clay_c,"froth_stability_{s,c}",flotation,V5_0360,formula_parent,1566
clay_s,"froth_stability_{s,c}",flotation,V5_0360,formula_parent,1566
meas,fx_ah5_power,flotation,V5_0361,formula_parent,1705
P_series1,fx_ah5_power,flotation,V5_0361,formula_parent,1705
meas,fx_ah6_power,flotation,V5_0362,formula_parent,1706
P_series2,fx_ah6_power,flotation,V5_0362,formula_parent,1706
meas,fx_blower{b}_pressure,flotation,V5_0363,formula_parent,1693
P_blower_pressure_b,fx_blower{b}_pressure,flotation,V5_0363,formula_parent,1693
meas,fx_nt{s}_motor_current,flotation,V5_0364,formula_parent,1692
I_NT_s,fx_nt{s}_motor_current,flotation,V5_0364,formula_parent,1692
meas,fx_nt{s}_underflow_density,flotation,V5_0365,formula_parent,1691
rho_under_s,fx_nt{s}_underflow_density,flotation,V5_0365,formula_parent,1691
meas,fx_s1_ft1701,flotation,V5_0366,formula_parent,1694
Q_ft_s1_1701_phys,fx_s1_ft1701,flotation,V5_0366,formula_parent,1694
meas,fx_s1_ft1702,flotation,V5_0367,formula_parent,1695
Q_ft_s1_1702_phys,fx_s1_ft1702,flotation,V5_0367,formula_parent,1695
meas,fx_s2_ft2701,flotation,V5_0368,formula_parent,1696
Q_ft_s2_2701_phys,fx_s2_ft2701,flotation,V5_0368,formula_parent,1696
meas,fx_s2_ft2702,flotation,V5_0369,formula_parent,1697
Q_ft_s2_2702_phys,fx_s2_ft2702,flotation,V5_0369,formula_parent,1697
meas,fx_s{s}_k6_level,flotation,V5_0370,formula_parent,1690
L_k6_s,fx_s{s}_k6_level,flotation,V5_0370,formula_parent,1690
meas,fx_s{s}_ph,flotation,V5_0371,formula_parent,1689
pH_s,fx_s{s}_ph,flotation,V5_0371,formula_parent,1689
meas,fx_s{s}_pool{k}_level,flotation,V5_0372,formula_parent,1698
"L_pool_{s,k}",fx_s{s}_pool{k}_level,flotation,V5_0372,formula_parent,1698
meas,fx_s{s}_pool{k}_pump_curr,flotation,V5_0373,formula_parent,1700
"I_pool_phys_{s,k}",fx_s{s}_pool{k}_pump_curr,flotation,V5_0373,formula_parent,1700
meas,fx_s{s}_pool{k}_pump_freq,flotation,V5_0374,formula_parent,1699
"f_pool_{s,k}",fx_s{s}_pool{k}_pump_freq,flotation,V5_0374,formula_parent,1699
meas,fx_s{s}_tk{k}_mixer_curr,flotation,V5_0375,formula_parent,1702
"I_mixer_phys_{s,k}",fx_s{s}_tk{k}_mixer_curr,flotation,V5_0375,formula_parent,1702
meas,fx_s{s}_tk{k}_steam_fb,flotation,V5_0376,formula_parent,1704
"u_steam_fb_{s,k}",fx_s{s}_tk{k}_steam_fb,flotation,V5_0376,formula_parent,1704
meas,fx_s{s}_tk{k}_steam_sp,flotation,V5_0377,formula_parent,1703
"u_steam_sp_{s,k}",fx_s{s}_tk{k}_steam_sp,flotation,V5_0377,formula_parent,1703
meas,fx_s{s}_tk{k}_temp,flotation,V5_0378,formula_parent,1701
"T_tank_{s,k}",fx_s{s}_tk{k}_temp,flotation,V5_0378,formula_parent,1701
meas,fx_s{s}_{c}_air_flow,flotation,V5_0379,formula_parent,1683
"Q_air_{s,c}",fx_s{s}_{c}_air_flow,flotation,V5_0379,formula_parent,1683
meas,fx_s{s}_{c}_air_sp,flotation,V5_0380,formula_parent,1684
"Q_air_sp_{s,c}",fx_s{s}_{c}_air_sp,flotation,V5_0380,formula_parent,1684
meas,fx_s{s}_{c}_bv_pos,flotation,V5_0381,formula_parent,1685
"u_bv_{s,c}",fx_s{s}_{c}_bv_pos,flotation,V5_0381,formula_parent,1685
meas,fx_s{s}_{c}_level,flotation,V5_0382,formula_parent,1680
"L_cell_aerated_{s,c}",fx_s{s}_{c}_level,flotation,V5_0382,formula_parent,1680
meas,fx_s{s}_{c}_level_valve_fb,flotation,V5_0383,formula_parent,1682
"u_lv_fb_{s,c}",fx_s{s}_{c}_level_valve_fb,flotation,V5_0383,formula_parent,1682
meas,fx_s{s}_{c}_level_valve_sp,flotation,V5_0384,formula_parent,1681
"u_lv_sp_{s,c}",fx_s{s}_{c}_level_valve_sp,flotation,V5_0384,formula_parent,1681
meas,fx_s{s}_{c}_motor_curr,flotation,V5_0385,formula_parent,1686
"I_cell_motor_phys_{s,c}",fx_s{s}_{c}_motor_curr,flotation,V5_0385,formula_parent,1686
meas,fx_s{s}_{drug}_curr,flotation,V5_0386,formula_parent,1688
"I_drug_j_phys_{s,drug}",fx_s{s}_{drug}_curr,flotation,V5_0386,formula_parent,1688
meas,fx_s{s}_{drug}_freq,flotation,V5_0387,formula_parent,1687
"f_{s,drug}",fx_s{s}_{drug}_freq,flotation,V5_0387,formula_parent,1687
k_gas,gas_holdup,flotation,V5_0388,formula_parent,888
Q_air,gas_holdup,flotation,V5_0388,formula_parent,888
k_mu_gas,gas_holdup,flotation,V5_0388,formula_parent,888
mu_slurry,gas_holdup,flotation,V5_0388,formula_parent,888
mu_ref,gas_holdup,flotation,V5_0388,formula_parent,888
gas_holdup_max,gas_holdup,flotation,V5_0388,formula_parent,888
k_gas_c,"gas_holdup_{s,c}",flotation,V5_0389,formula_parent,1558
"Q_air_{s,c}","gas_holdup_{s,c}",flotation,V5_0389,formula_parent,1558
k_mu_gas_c,"gas_holdup_{s,c}",flotation,V5_0389,formula_parent,1558
mu_slurry_s,"gas_holdup_{s,c}",flotation,V5_0389,formula_parent,1558
mu_ref,"gas_holdup_{s,c}",flotation,V5_0389,formula_parent,1558
gas_holdup_max_c,"gas_holdup_{s,c}",flotation,V5_0389,formula_parent,1558
M_cell_j_prev,grade_cell_j,flotation,V5_0390,formula_parent,942
M_cell_solid_prev,grade_cell_j,flotation,V5_0390,formula_parent,942
"M_cell_j_prev_{s,c}","grade_cell_j_{s,c}",flotation,V5_0391,formula_parent,1609
"M_cell_solid_prev_{s,c}","grade_cell_j_{s,c}",flotation,V5_0391,formula_parent,1609
kWI,grind_difficulty,tower_mill,V5_0392,formula_parent,1363
WI_mill,grind_difficulty,tower_mill,V5_0392,formula_parent,1363
WI_ref,grind_difficulty,tower_mill,V5_0392,formula_parent,1363
kcoarse,grind_difficulty,tower_mill,V5_0392,formula_parent,1363
F325_sand,grind_difficulty,tower_mill,V5_0392,formula_parent,1363
kC,grind_difficulty,tower_mill,V5_0392,formula_parent,1363
C_mill,grind_difficulty,tower_mill,V5_0392,formula_parent,1363
C_opt,grind_difficulty,tower_mill,V5_0392,formula_parent,1363
kmu,grind_difficulty,tower_mill,V5_0392,formula_parent,1363
mu_feed,grind_difficulty,tower_mill,V5_0392,formula_parent,1363
mu_ref,grind_difficulty,tower_mill,V5_0392,formula_parent,1363
kCL,grind_difficulty,tower_mill,V5_0392,formula_parent,1363
circulating_load,grind_difficulty,tower_mill,V5_0392,formula_parent,1363
CL_ref,grind_difficulty,tower_mill,V5_0392,formula_parent,1363
h_ss,h_froth,flotation,V5_0393,formula_parent,869
h_max,h_froth,flotation,V5_0393,formula_parent,869
tau_froth,h_froth,flotation,V5_0393,formula_parent,869
"h_ss_{s,c}","h_froth_{s,c}",flotation,V5_0394,formula_parent,1568
"h_froth_prev_{s,c}","h_froth_{s,c}",flotation,V5_0394,formula_parent,1568
tau_froth_c,"h_froth_{s,c}",flotation,V5_0394,formula_parent,1568
k_h,h_ss,flotation,V5_0395,formula_parent,868
Q_air,h_ss,flotation,V5_0395,formula_parent,868
hydrophobic_load,h_ss,flotation,V5_0395,formula_parent,868
froth_stability,h_ss,flotation,V5_0395,formula_parent,868
k_collapse,h_ss,flotation,V5_0395,formula_parent,868
k_scrape,h_ss,flotation,V5_0395,formula_parent,868
scraper_speed,h_ss,flotation,V5_0395,formula_parent,868
k_h_c,"h_ss_{s,c}",flotation,V5_0396,formula_parent,1567
"Q_air_{s,c}","h_ss_{s,c}",flotation,V5_0396,formula_parent,1567
"hydrophobic_load_{s,c}","h_ss_{s,c}",flotation,V5_0396,formula_parent,1567
"froth_stability_{s,c}","h_ss_{s,c}",flotation,V5_0396,formula_parent,1567
k_collapse_c,"h_ss_{s,c}",flotation,V5_0396,formula_parent,1567
k_scrape_c,"h_ss_{s,c}",flotation,V5_0396,formula_parent,1567
"scraper_speed_{s,c}","h_ss_{s,c}",flotation,V5_0396,formula_parent,1567
R_header0,header_resistance,flotation,V5_0397,formula_parent,1541
k_header_dust,header_resistance,flotation,V5_0397,formula_parent,1541
air_filter_fouling,header_resistance,flotation,V5_0397,formula_parent,1541
k_header_valve,header_resistance,flotation,V5_0397,formula_parent,1541
u_bv,header_resistance,flotation,V5_0397,formula_parent,1541
M_froth_gangue,hydrophobic_load,flotation,V5_0398,formula_parent,832
M_froth_fe_sil,hydrophobic_load,flotation,V5_0398,formula_parent,832
M_froth_fe_carb,hydrophobic_load,flotation,V5_0398,formula_parent,832
k_fe_froth,hydrophobic_load,flotation,V5_0398,formula_parent,832
M_froth_fe_mag,hydrophobic_load,flotation,V5_0398,formula_parent,832
M_froth_fe_hem,hydrophobic_load,flotation,V5_0398,formula_parent,832
"M_froth_gangue_lag_{s,c}","hydrophobic_load_{s,c}",flotation,V5_0399,formula_parent,1534
"M_froth_fe_sil_lag_{s,c}","hydrophobic_load_{s,c}",flotation,V5_0399,formula_parent,1534
"M_froth_fe_carb_lag_{s,c}","hydrophobic_load_{s,c}",flotation,V5_0399,formula_parent,1534
k_fe_froth,"hydrophobic_load_{s,c}",flotation,V5_0399,formula_parent,1534
"M_froth_fe_mag_lag_{s,c}","hydrophobic_load_{s,c}",flotation,V5_0399,formula_parent,1534
"M_froth_fe_hem_lag_{s,c}","hydrophobic_load_{s,c}",flotation,V5_0399,formula_parent,1534
h0,hydrophobic_potential,global,V5_0400,formula_parent,250
h_lib,hydrophobic_potential,global,V5_0400,formula_parent,250
Liberation_gangue,hydrophobic_potential,global,V5_0400,formula_parent,250
h_sil,hydrophobic_potential,global,V5_0400,formula_parent,250
r_sil,hydrophobic_potential,global,V5_0400,formula_parent,250
h_carb,hydrophobic_potential,global,V5_0400,formula_parent,250
r_carb,hydrophobic_potential,global,V5_0400,formula_parent,250
h_fine,hydrophobic_potential,global,V5_0400,formula_parent,250
f25,hydrophobic_potential,global,V5_0400,formula_parent,250
h_k6,hydrophobic_potential,global,V5_0400,formula_parent,250
dose_DF_K6,hydrophobic_potential,global,V5_0400,formula_parent,250
h_ca,hydrophobic_potential,global,V5_0400,formula_parent,250
Ca2_effect,hydrophobic_potential,global,V5_0400,formula_parent,250
M_sand,inst_circ_load,tower_mill,V5_0401,formula_parent,1356
M_overflow,inst_circ_load,tower_mill,V5_0401,formula_parent,1356
k_float_gangue,k_float_carb,flotation,V5_0402,formula_parent,933
a_carb,k_float_carb,flotation,V5_0402,formula_parent,933
r_carb,k_float_carb,flotation,V5_0402,formula_parent,933
E_Ca2_carb,k_float_carb,flotation,V5_0402,formula_parent,933
"k_float_gangue_{s,c}","k_float_carb_{s,c}",flotation,V5_0403,formula_parent,1604
a_carb_c,"k_float_carb_{s,c}",flotation,V5_0403,formula_parent,1604
r_carb_s,"k_float_carb_{s,c}",flotation,V5_0403,formula_parent,1604
E_Ca2_carb_s,"k_float_carb_{s,c}",flotation,V5_0403,formula_parent,1604
k0_hem,k_float_fe_hem,flotation,V5_0404,formula_parent,935
E_depressant,k_float_fe_hem,flotation,V5_0404,formula_parent,935
entrainment_factor,k_float_fe_hem,flotation,V5_0404,formula_parent,935
k0_hem_c,"k_float_fe_hem_{s,c}",flotation,V5_0405,formula_parent,1606
"E_depressant_{s,c}","k_float_fe_hem_{s,c}",flotation,V5_0405,formula_parent,1606
"entrainment_factor_{s,c}","k_float_fe_hem_{s,c}",flotation,V5_0405,formula_parent,1606
k0_mag,k_float_fe_mag,flotation,V5_0406,formula_parent,934
E_depressant,k_float_fe_mag,flotation,V5_0406,formula_parent,934
entrainment_factor,k_float_fe_mag,flotation,V5_0406,formula_parent,934
k0_mag_c,"k_float_fe_mag_{s,c}",flotation,V5_0407,formula_parent,1605
"E_depressant_{s,c}","k_float_fe_mag_{s,c}",flotation,V5_0407,formula_parent,1605
"entrainment_factor_{s,c}","k_float_fe_mag_{s,c}",flotation,V5_0407,formula_parent,1605
k0_g,k_float_gangue,flotation,V5_0408,formula_parent,931
E_collector,k_float_gangue,flotation,V5_0408,formula_parent,931
E_pH,k_float_gangue,flotation,V5_0408,formula_parent,931
E_air,k_float_gangue,flotation,V5_0408,formula_parent,931
E_density,k_float_gangue,flotation,V5_0408,formula_parent,931
E_size,k_float_gangue,flotation,V5_0408,formula_parent,931
E_lib_g,k_float_gangue,flotation,V5_0408,formula_parent,931
E_mu,k_float_gangue,flotation,V5_0408,formula_parent,931
k0_g_c,"k_float_gangue_{s,c}",flotation,V5_0409,formula_parent,1602
"E_collector_{s,c}","k_float_gangue_{s,c}",flotation,V5_0409,formula_parent,1602
"E_pH_{s,c}","k_float_gangue_{s,c}",flotation,V5_0409,formula_parent,1602
"E_air_{s,c}","k_float_gangue_{s,c}",flotation,V5_0409,formula_parent,1602
"E_density_{s,c}","k_float_gangue_{s,c}",flotation,V5_0409,formula_parent,1602
"E_size_{s,c}","k_float_gangue_{s,c}",flotation,V5_0409,formula_parent,1602
"E_lib_g_{s,c}","k_float_gangue_{s,c}",flotation,V5_0409,formula_parent,1602
"E_mu_{s,c}","k_float_gangue_{s,c}",flotation,V5_0409,formula_parent,1602
k_float_gangue,k_float_sil,flotation,V5_0410,formula_parent,932
a_sil,k_float_sil,flotation,V5_0410,formula_parent,932
r_sil,k_float_sil,flotation,V5_0410,formula_parent,932
E_Ca2_sil,k_float_sil,flotation,V5_0410,formula_parent,932
"k_float_gangue_{s,c}","k_float_sil_{s,c}",flotation,V5_0411,formula_parent,1603
a_sil_c,"k_float_sil_{s,c}",flotation,V5_0411,formula_parent,1603
r_sil_s,"k_float_sil_{s,c}",flotation,V5_0411,formula_parent,1603
E_Ca2_sil_s,"k_float_sil_{s,c}",flotation,V5_0411,formula_parent,1603
true_value_at_sample_point,lab_sample,lab,V5_0412,formula_parent,1038
sigma_sampling,lab_sample,lab,V5_0412,formula_parent,1038
sigma_assay,lab_sample,lab,V5_0412,formula_parent,1038
NaN,lab_var,lab,V5_0413,formula_parent,1041
_x_eryi_line,lab_{i}_eryi_f200,boundary,V5_0414,formula_parent,433
i,lab_{i}_eryi_f200,boundary,V5_0414,formula_parent,433
_f200,lab_{i}_eryi_f200,boundary,V5_0414,formula_parent,433
sigma_f200_pct,lab_{i}_eryi_f200,boundary,V5_0414,formula_parent,433
_x_eryi_line,lab_{i}_eryi_tfe,boundary,V5_0415,formula_parent,432
i,lab_{i}_eryi_tfe,boundary,V5_0415,formula_parent,432
_tfe,lab_{i}_eryi_tfe,boundary,V5_0415,formula_parent,432
sigma_tfe_pct,lab_{i}_eryi_tfe,boundary,V5_0415,formula_parent,432
L_cell,lip_clearance,flotation,V5_0416,formula_parent,937
h_froth,lip_clearance,flotation,V5_0416,formula_parent,937
H_lip_reference,lip_clearance,flotation,V5_0416,formula_parent,937
"L_cell_{s,c}","lip_clearance_{s,c}",flotation,V5_0417,formula_parent,1587
"h_froth_{s,c}","lip_clearance_{s,c}",flotation,V5_0417,formula_parent,1587
H_lip_reference_c,"lip_clearance_{s,c}",flotation,V5_0417,formula_parent,1587
w_low_mag,magnetic_difficulty,magnetic,V5_0418,formula_parent,1207
r_mag_ref,magnetic_difficulty,magnetic,V5_0418,formula_parent,1207
r_mag,magnetic_difficulty,magnetic,V5_0418,formula_parent,1207
w_low_lib,magnetic_difficulty,magnetic,V5_0418,formula_parent,1207
Liberation_fe,magnetic_difficulty,magnetic,V5_0418,formula_parent,1207
w_coarse,magnetic_difficulty,magnetic,V5_0418,formula_parent,1207
F200,magnetic_difficulty,magnetic,V5_0418,formula_parent,1207
w_load,magnetic_difficulty,magnetic,V5_0418,formula_parent,1207
Q_feed,magnetic_difficulty,magnetic,V5_0418,formula_parent,1207
Q_ref,magnetic_difficulty,magnetic,V5_0418,formula_parent,1207
w_harmful,magnetic_difficulty,magnetic,V5_0418,formula_parent,1207
r_carb,magnetic_difficulty,magnetic,V5_0418,formula_parent,1207
r_sil,magnetic_difficulty,magnetic,V5_0418,formula_parent,1207
matrix_clog_prev,matrix_clog,magnetic,V5_0419,formula_parent,1233
clog_buildup,matrix_clog,magnetic,V5_0419,formula_parent,1233
clog_wash,matrix_clog,magnetic,V5_0419,formula_parent,1233
V_mixer_k,"mixer_power_{s,k}",flotation,V5_0420,formula_parent,1652
"I_mixer_phys_{s,k}","mixer_power_{s,k}",flotation,V5_0420,formula_parent,1652
pf_mixer_k,"mixer_power_{s,k}",flotation,V5_0420,formula_parent,1652
eta_mixer_k,"mixer_power_{s,k}",flotation,V5_0420,formula_parent,1652
mu_slurry,mu_feed,tower_mill,V5_0421,formula_parent,1309
C_feed,mu_feed,tower_mill,V5_0421,formula_parent,1309
clay,mu_feed,tower_mill,V5_0421,formula_parent,1309
f25,mu_feed,tower_mill,V5_0421,formula_parent,1309
r_sil,mu_feed,tower_mill,V5_0421,formula_parent,1309
T_slurry_feed,mu_feed,tower_mill,V5_0421,formula_parent,1309
mu_water,mu_slurry,global,V5_0422,formula_parent,207
k_C_mu,mu_slurry,global,V5_0422,formula_parent,207
k_clay_mu,mu_slurry,global,V5_0422,formula_parent,207
clay,mu_slurry,global,V5_0422,formula_parent,207
k_f25_mu,mu_slurry,global,V5_0422,formula_parent,207
f25,mu_slurry,global,V5_0422,formula_parent,207
k_sil_mu,mu_slurry,global,V5_0422,formula_parent,207
r_sil,mu_slurry,global,V5_0422,formula_parent,207
k_temp_mu,mu_slurry,global,V5_0422,formula_parent,207
T_ref,mu_slurry,global,V5_0422,formula_parent,207
T_slurry,mu_slurry,global,V5_0422,formula_parent,207
mu_slurry,mu_under,flotation,V5_0423,formula_parent,730
C_under,mu_under,flotation,V5_0423,formula_parent,730
clay,mu_under,flotation,V5_0423,formula_parent,730
f25,mu_under,flotation,V5_0423,formula_parent,730
r_sil,mu_under,flotation,V5_0423,formula_parent,730
T_under,mu_under,flotation,V5_0423,formula_parent,730
mu_slurry,mu_under_s,flotation,V5_0424,formula_parent,1459
C_under_s,mu_under_s,flotation,V5_0424,formula_parent,1459
clay_s,mu_under_s,flotation,V5_0424,formula_parent,1459
f25_s,mu_under_s,flotation,V5_0424,formula_parent,1459
r_sil_s,mu_under_s,flotation,V5_0424,formula_parent,1459
T_under_s,mu_under_s,flotation,V5_0424,formula_parent,1459
k_oil_cooler,oil_cooling_flow,tower_mill,V5_0425,formula_parent,1390
u_oil_cooler,oil_cooling_flow,tower_mill,V5_0425,formula_parent,1390
cooling_water_pressure,oil_cooling_flow,tower_mill,V5_0425,formula_parent,1390
k_oil_pump,oil_flow,tower_mill,V5_0426,formula_parent,1387
f_oil_pump,oil_flow,tower_mill,V5_0426,formula_parent,1387
health_oil_pump,oil_flow,tower_mill,V5_0426,formula_parent,1387
standardized,online_froth_proxy,dcs,V5_0427,formula_parent,1186
froth_h_lag,online_froth_proxy,dcs,V5_0427,formula_parent,1186
air_flow_lag,online_froth_proxy,dcs,V5_0427,formula_parent,1186
reagent_freq_lag,online_froth_proxy,dcs,V5_0427,formula_parent,1186
standardized,online_load_proxy,dcs,V5_0428,formula_parent,1185
tm_motor_current_lag,online_load_proxy,dcs,V5_0428,formula_parent,1185
cyclone_pressure_lag,online_load_proxy,dcs,V5_0428,formula_parent,1185
feed_flow_lag,online_load_proxy,dcs,V5_0428,formula_parent,1185
feed_j,overflow_j,tower_mill,V5_0429,formula_parent,600
partition_fine_j,overflow_j,tower_mill,V5_0429,formula_parent,600
d50,overflow_j,tower_mill,V5_0429,formula_parent,600
alpha_ov,overflow_j,tower_mill,V5_0429,formula_parent,600
pH_ss,pH,flotation,V5_0430,formula_parent,815
tau_pH,pH,flotation,V5_0430,formula_parent,815
process_noise,pH,flotation,V5_0430,formula_parent,815
pH_ss_s,pH_s,flotation,V5_0431,formula_parent,1528
pH_prev_s,pH_s,flotation,V5_0431,formula_parent,1528
tau_pH,pH_s,flotation,V5_0431,formula_parent,1528
pH_nom,pH_sp,flotation,V5_0432,formula_parent,802
Kcarb_sp,pH_sp,flotation,V5_0432,formula_parent,802
r_carb,pH_sp,flotation,V5_0432,formula_parent,802
r_carb_ref,pH_sp,flotation,V5_0432,formula_parent,802
Ksil_sp,pH_sp,flotation,V5_0432,formula_parent,802
r_sil,pH_sp,flotation,V5_0432,formula_parent,802
r_sil_ref,pH_sp,flotation,V5_0432,formula_parent,802
operator_trim_pH,pH_sp,flotation,V5_0432,formula_parent,802
PRBS_pH,pH_sp,flotation,V5_0432,formula_parent,802
pH_min,pH_sp,flotation,V5_0432,formula_parent,802
pH_max,pH_sp,flotation,V5_0432,formula_parent,802
pH_nom,pH_sp_s,flotation,V5_0433,formula_parent,1520
Kcarb_sp,pH_sp_s,flotation,V5_0433,formula_parent,1520
r_carb_s,pH_sp_s,flotation,V5_0433,formula_parent,1520
r_carb_ref,pH_sp_s,flotation,V5_0433,formula_parent,1520
Ksil_sp,pH_sp_s,flotation,V5_0433,formula_parent,1520
r_sil_s,pH_sp_s,flotation,V5_0433,formula_parent,1520
r_sil_ref,pH_sp_s,flotation,V5_0433,formula_parent,1520
operator_trim_pH_s,pH_sp_s,flotation,V5_0433,formula_parent,1520
PRBS_pH_s,pH_sp_s,flotation,V5_0433,formula_parent,1520
pH_min,pH_sp_s,flotation,V5_0433,formula_parent,1520
pH_max,pH_sp_s,flotation,V5_0433,formula_parent,1520
pH_base,pH_ss,flotation,V5_0434,formula_parent,814
k_pH,pH_ss,flotation,V5_0434,formula_parent,814
OH_effect,pH_ss,flotation,V5_0434,formula_parent,814
buffer_capacity,pH_ss,flotation,V5_0434,formula_parent,814
pH_base,pH_ss_s,flotation,V5_0435,formula_parent,1527
k_pH,pH_ss_s,flotation,V5_0435,formula_parent,1527
OH_effect_s,pH_ss_s,flotation,V5_0435,formula_parent,1527
buffer_capacity_s,pH_ss_s,flotation,V5_0435,formula_parent,1527
w_tm_lab,quality_proxy_s,flotation,V5_0436,formula_parent,1471
ffill_reported,quality_proxy_s,flotation,V5_0436,formula_parent,1471
lab_tm_overflow_tfe,quality_proxy_s,flotation,V5_0436,formula_parent,1471
w_mag_lab,quality_proxy_s,flotation,V5_0436,formula_parent,1471
lab_mag_mixed_conc_tfe,quality_proxy_s,flotation,V5_0436,formula_parent,1471
w_load,quality_proxy_s,flotation,V5_0436,formula_parent,1471
standardize,quality_proxy_s,flotation,V5_0436,formula_parent,1471
agg_tm_motor_current_lag,quality_proxy_s,flotation,V5_0436,formula_parent,1471
w_pressure,quality_proxy_s,flotation,V5_0436,formula_parent,1471
agg_tm_cyclone_feed_pressure_lag,quality_proxy_s,flotation,V5_0436,formula_parent,1471
w_froth,quality_proxy_s,flotation,V5_0436,formula_parent,1471
mean_froth_h_lag,quality_proxy_s,flotation,V5_0436,formula_parent,1471
"tank_map_{k,j}","reagent_heat_load_{s,k}",flotation,V5_0437,formula_parent,1650
"Q_{s,j}","reagent_heat_load_{s,k}",flotation,V5_0437,formula_parent,1650
_ml_s,"reagent_heat_load_{s,k}",flotation,V5_0437,formula_parent,1650
Cp_reagent_j,"reagent_heat_load_{s,k}",flotation,V5_0437,formula_parent,1650
T_reagent_in_j,"reagent_heat_load_{s,k}",flotation,V5_0437,formula_parent,1650
"T_tank_{s,k}","reagent_heat_load_{s,k}",flotation,V5_0437,formula_parent,1650
mu_reagent0_j,"reagent_viscosity_{s,j}",flotation,V5_0438,formula_parent,1647
kT_reagent_j,"reagent_viscosity_{s,j}",flotation,V5_0438,formula_parent,1647
T_ref,"reagent_viscosity_{s,j}",flotation,V5_0438,formula_parent,1647
"T_tank_{s,tank_of(j)}","reagent_viscosity_{s,j}",flotation,V5_0438,formula_parent,1647
sample_time,report_time,lab,V5_0439,formula_parent,1039
report_delay,report_time,lab,V5_0439,formula_parent,1039
rho_slurry,rho_feed,tower_mill,V5_0440,formula_parent,1308
C_feed,rho_feed,tower_mill,V5_0440,formula_parent,1308
rho_solid_mix,rho_feed,tower_mill,V5_0440,formula_parent,1308
M_tm_overflow_solid,rho_overflow,tower_mill,V5_0441,formula_parent,1340
M_tm_overflow_water,rho_overflow,tower_mill,V5_0441,formula_parent,1340
Q_overflow,rho_overflow,tower_mill,V5_0441,formula_parent,1340
M_wet,rho_slurry,global,V5_0442,formula_parent,201
V_slurry,rho_slurry,global,V5_0442,formula_parent,201
M_solid,rho_solid_mix,global,V5_0443,formula_parent,185
Fe_mag,rho_solid_mix,global,V5_0443,formula_parent,185
rho_fe_mag,rho_solid_mix,global,V5_0443,formula_parent,185
Fe_hem,rho_solid_mix,global,V5_0443,formula_parent,185
rho_fe_hem,rho_solid_mix,global,V5_0443,formula_parent,185
Fe_carb,rho_solid_mix,global,V5_0443,formula_parent,185
rho_fe_carb,rho_solid_mix,global,V5_0443,formula_parent,185
Fe_sil,rho_solid_mix,global,V5_0443,formula_parent,185
rho_fe_sil,rho_solid_mix,global,V5_0443,formula_parent,185
Gangue,rho_solid_mix,global,V5_0443,formula_parent,185
rho_gangue,rho_solid_mix,global,V5_0443,formula_parent,185
M_solid_i,rho_solid_mix_i,boundary,V5_0444,formula_parent,348
Fe_mag_i,rho_solid_mix_i,boundary,V5_0444,formula_parent,348
rho_fe_mag,rho_solid_mix_i,boundary,V5_0444,formula_parent,348
Fe_hem_i,rho_solid_mix_i,boundary,V5_0444,formula_parent,348
rho_fe_hem,rho_solid_mix_i,boundary,V5_0444,formula_parent,348
Fe_carb_i,rho_solid_mix_i,boundary,V5_0444,formula_parent,348
rho_fe_carb,rho_solid_mix_i,boundary,V5_0444,formula_parent,348
Fe_sil_i,rho_solid_mix_i,boundary,V5_0444,formula_parent,348
rho_fe_sil,rho_solid_mix_i,boundary,V5_0444,formula_parent,348
Gangue_i,rho_solid_mix_i,boundary,V5_0444,formula_parent,348
rho_gangue,rho_solid_mix_i,boundary,V5_0444,formula_parent,348
M_solid_mixed,rho_solid_mix_mixed,boundary,V5_0445,formula_parent,398
Fe_mag_i,rho_solid_mix_mixed,boundary,V5_0445,formula_parent,398
rho_fe_mag,rho_solid_mix_mixed,boundary,V5_0445,formula_parent,398
Fe_hem_i,rho_solid_mix_mixed,boundary,V5_0445,formula_parent,398
rho_fe_hem,rho_solid_mix_mixed,boundary,V5_0445,formula_parent,398
Fe_carb_i,rho_solid_mix_mixed,boundary,V5_0445,formula_parent,398
rho_fe_carb,rho_solid_mix_mixed,boundary,V5_0445,formula_parent,398
Fe_sil_i,rho_solid_mix_mixed,boundary,V5_0445,formula_parent,398
rho_fe_sil,rho_solid_mix_mixed,boundary,V5_0445,formula_parent,398
Gangue_i,rho_solid_mix_mixed,boundary,V5_0445,formula_parent,398
rho_gangue,rho_solid_mix_mixed,boundary,V5_0445,formula_parent,398
rho_overflow,rho_tm_overflow,tower_mill,V5_0446,formula_parent,1342
rho_slurry,rho_under,flotation,V5_0447,formula_parent,728
C_under,rho_under,flotation,V5_0447,formula_parent,728
rho_solid_mix,rho_under,flotation,V5_0447,formula_parent,728
rho_slurry,rho_under_s,flotation,V5_0448,formula_parent,1457
C_under_s,rho_under_s,flotation,V5_0448,formula_parent,1457
rho_solid_mix_s,rho_under_s,flotation,V5_0448,formula_parent,1457
flo_feed,rougher_feed,flotation,V5_0449,formula_parent,957
cleaner_tail_prev,rougher_feed,flotation,V5_0449,formula_parent,957
scav1_conc_prev,rougher_feed,flotation,V5_0449,formula_parent,957
feed_j,sand_j,tower_mill,V5_0450,formula_parent,601
overflow_j,sand_j,tower_mill,V5_0450,formula_parent,601
scraper_nom,scraper_speed,flotation,V5_0451,formula_parent,854
K_scrape_P,scraper_speed,flotation,V5_0451,formula_parent,854
h_froth,scraper_speed,flotation,V5_0451,formula_parent,854
h_scrape_ref,scraper_speed,flotation,V5_0451,formula_parent,854
speed_min,scraper_speed,flotation,V5_0451,formula_parent,854
speed_max,scraper_speed,flotation,V5_0451,formula_parent,854
scraper_nom_c,"scraper_speed_{s,c}",flotation,V5_0452,formula_parent,1563
K_scrape_P_c,"scraper_speed_{s,c}",flotation,V5_0452,formula_parent,1563
"h_froth_{s,c}","scraper_speed_{s,c}",flotation,V5_0452,formula_parent,1563
h_scrape_ref_c,"scraper_speed_{s,c}",flotation,V5_0452,formula_parent,1563
speed_min_c,"scraper_speed_{s,c}",flotation,V5_0452,formula_parent,1563
speed_max_c,"scraper_speed_{s,c}",flotation,V5_0452,formula_parent,1563
q_pH,selectivity_proxy,flotation,V5_0453,formula_parent,756
pH,selectivity_proxy,flotation,V5_0453,formula_parent,756
pH_opt,selectivity_proxy,flotation,V5_0453,formula_parent,756
sigma_pH,selectivity_proxy,flotation,V5_0453,formula_parent,756
q_lib,selectivity_proxy,flotation,V5_0453,formula_parent,756
Liberation_gangue,selectivity_proxy,flotation,V5_0453,formula_parent,756
q_Ca,selectivity_proxy,flotation,V5_0453,formula_parent,756
Ca2_effect,selectivity_proxy,flotation,V5_0453,formula_parent,756
q_slime,selectivity_proxy,flotation,V5_0453,formula_parent,756
f25,selectivity_proxy,flotation,V5_0453,formula_parent,756
rho_slurry,specific_gravity,magnetic,V5_0454,formula_parent,1249
rho_water,specific_gravity,magnetic,V5_0454,formula_parent,1249
split_meter_nom,split_s1_meter1,flotation,V5_0455,formula_parent,1627
Kpipe_s1,split_s1_meter1,flotation,V5_0455,formula_parent,1627
pipe_resistance_s1_2,split_s1_meter1,flotation,V5_0455,formula_parent,1627
pipe_resistance_s1_1,split_s1_meter1,flotation,V5_0455,formula_parent,1627
sigma_split_meter,split_s1_meter1,flotation,V5_0455,formula_parent,1627
split_s1_nom,split_s1_total,flotation,V5_0456,formula_parent,1624
Ksplit_s1,split_s1_total,flotation,V5_0456,formula_parent,1624
L_pool_s2,split_s1_total,flotation,V5_0456,formula_parent,1624
L_pool_s1,split_s1_total,flotation,V5_0456,formula_parent,1624
operator_trim_split_s1,split_s1_total,flotation,V5_0456,formula_parent,1624
split_meter_nom,split_s2_meter1,flotation,V5_0457,formula_parent,1628
Kpipe_s2,split_s2_meter1,flotation,V5_0457,formula_parent,1628
pipe_resistance_s2_2,split_s2_meter1,flotation,V5_0457,formula_parent,1628
pipe_resistance_s2_1,split_s2_meter1,flotation,V5_0457,formula_parent,1628
sigma_split_meter,split_s2_meter1,flotation,V5_0457,formula_parent,1628
split_tail_1_nom,split_tail_1,magnetic,V5_0458,formula_parent,1244
K_asym_tail,split_tail_1,magnetic,V5_0458,formula_parent,1244
matrix_clog,split_tail_1,magnetic,V5_0458,formula_parent,1244
matrix_clog_ref,split_tail_1,magnetic,V5_0458,formula_parent,1244
operator_trim_tail_split,split_tail_1,magnetic,V5_0458,formula_parent,1244
sum_c,sum_cell_power_s1,flotation,V5_0459,formula_parent,1664
"P_cell_motor_{1,c}",sum_cell_power_s1,flotation,V5_0459,formula_parent,1664
sum_c,sum_cell_power_s2,flotation,V5_0460,formula_parent,1665
"P_cell_motor_{2,c}",sum_cell_power_s2,flotation,V5_0460,formula_parent,1665
"P_drug_pump_{1,j}",sum_drug_power_s1,flotation,V5_0461,formula_parent,1668
"P_drug_pump_{2,j}",sum_drug_power_s2,flotation,V5_0462,formula_parent,1669
sum_k,sum_pool_power_s1,flotation,V5_0463,formula_parent,1666
"P_pool_pump_{1,k}",sum_pool_power_s1,flotation,V5_0463,formula_parent,1666
sum_k,sum_pool_power_s2,flotation,V5_0464,formula_parent,1667
"P_pool_pump_{2,k}",sum_pool_power_s2,flotation,V5_0464,formula_parent,1667
feed_j,tail_j,magnetic,V5_0465,formula_parent,535
conc_j,tail_j,magnetic,V5_0465,formula_parent,535
Q_out_solid,tail_j_rate,flotation,V5_0466,formula_parent,946
grade_cell_j,tail_j_rate,flotation,V5_0466,formula_parent,946
"Q_out_solid_{s,c}","tail_j_rate_{s,c}",flotation,V5_0467,formula_parent,1613
"grade_cell_j_{s,c}","tail_j_rate_{s,c}",flotation,V5_0467,formula_parent,1613
"tail_j_rate_{s,c}","tail_j_{s,c}",flotation,V5_0468,formula_parent,1617
tail_j_rate,tail_or_conc_j,flotation,V5_0469,formula_parent,951
L_pool,tau_cyc_pool,tower_mill,V5_0470,formula_parent,1290
A_pool,tau_cyc_pool,tower_mill,V5_0470,formula_parent,1290
Q_pump_prev,tau_cyc_pool,tower_mill,V5_0470,formula_parent,1290
min_tau_cyc_pool,tau_cyc_pool,tower_mill,V5_0470,formula_parent,1290
V_pulp_actual,tau_stage_h,flotation,V5_0471,formula_parent,894
Q_out_cell,tau_stage_h,flotation,V5_0471,formula_parent,894
"V_pulp_actual_{s,c}","tau_stage_h_{s,c}",flotation,V5_0472,formula_parent,1586
"Q_out_cell_{s,c}","tau_stage_h_{s,c}",flotation,V5_0472,formula_parent,1586
u_sp,u_actual,global,V5_0473,formula_parent,290
u_min,u_actual,global,V5_0473,formula_parent,290
u_max,u_actual,global,V5_0473,formula_parent,290
tau_act,u_actual,global,V5_0473,formula_parent,290
u_bd_nom,u_blowdown_phys,magnetic,V5_0474,formula_parent,1254
Kclog_bd,u_blowdown_phys,magnetic,V5_0474,formula_parent,1254
matrix_clog,u_blowdown_phys,magnetic,V5_0474,formula_parent,1254
Ktimer_bd,u_blowdown_phys,magnetic,V5_0474,formula_parent,1254
event_bd_timer,u_blowdown_phys,magnetic,V5_0474,formula_parent,1254
valve_from_air_sp,u_bv,flotation,V5_0475,formula_parent,847
Q_air_sp,u_bv,flotation,V5_0475,formula_parent,847
P_blower,u_bv,flotation,V5_0475,formula_parent,847
P_cell,u_bv,flotation,V5_0475,formula_parent,847
tau_bv,u_bv,flotation,V5_0475,formula_parent,847
k_air_valve_c,"u_bv_sp_{s,c}",flotation,V5_0476,formula_parent,1555
"Q_air_sp_{s,c}","u_bv_sp_{s,c}",flotation,V5_0476,formula_parent,1555
P_header,"u_bv_sp_{s,c}",flotation,V5_0476,formula_parent,1555
"P_cell_{s,c}","u_bv_sp_{s,c}",flotation,V5_0476,formula_parent,1555
"u_bv_sp_{s,c}","u_bv_{s,c}",flotation,V5_0477,formula_parent,1556
"u_bv_prev_{s,c}","u_bv_{s,c}",flotation,V5_0477,formula_parent,1556
tau_bv_c,"u_bv_{s,c}",flotation,V5_0477,formula_parent,1556
u_flush_sp,u_flush,magnetic,V5_0478,formula_parent,1261
u_flush_prev,u_flush,magnetic,V5_0478,formula_parent,1261
tau_flush_valve,u_flush,magnetic,V5_0478,formula_parent,1261
u_flush_nom,u_flush_sp,magnetic,V5_0479,formula_parent,1256
Kclog_flush_u,u_flush_sp,magnetic,V5_0479,formula_parent,1256
matrix_clog,u_flush_sp,magnetic,V5_0479,formula_parent,1256
Kload_flush_u,u_flush_sp,magnetic,V5_0479,formula_parent,1256
Q_feed,u_flush_sp,magnetic,V5_0479,formula_parent,1256
Q_ref,u_flush_sp,magnetic,V5_0479,formula_parent,1256
u_lv_sp,u_lv_fb,flotation,V5_0480,formula_parent,891
tau_lv,u_lv_fb,flotation,V5_0480,formula_parent,891
"u_lv_sp_{s,c}","u_lv_fb_{s,c}",flotation,V5_0481,formula_parent,1583
"u_lv_fb_prev_{s,c}","u_lv_fb_{s,c}",flotation,V5_0481,formula_parent,1583
tau_lv_c,"u_lv_fb_{s,c}",flotation,V5_0481,formula_parent,1583
u0,u_lv_sp,flotation,V5_0482,formula_parent,890
Kp_L,u_lv_sp,flotation,V5_0482,formula_parent,890
L_sp,u_lv_sp,flotation,V5_0482,formula_parent,890
L_cell_aerated_lag,u_lv_sp,flotation,V5_0482,formula_parent,890
Ki_L,u_lv_sp,flotation,V5_0482,formula_parent,890
int,u_lv_sp,flotation,V5_0482,formula_parent,890
u0_c,"u_lv_sp_{s,c}",flotation,V5_0483,formula_parent,1582
Kp_L_c,"u_lv_sp_{s,c}",flotation,V5_0483,formula_parent,1582
L_sp_c,"u_lv_sp_{s,c}",flotation,V5_0483,formula_parent,1582
"L_cell_aerated_lag_{s,c}","u_lv_sp_{s,c}",flotation,V5_0483,formula_parent,1582
Ki_L_c,"u_lv_sp_{s,c}",flotation,V5_0483,formula_parent,1582
"int_L_error_{s,c}","u_lv_sp_{s,c}",flotation,V5_0483,formula_parent,1582
u_oil_cooler_sp,u_oil_cooler,tower_mill,V5_0484,formula_parent,1389
u_oil_cooler_prev,u_oil_cooler,tower_mill,V5_0484,formula_parent,1389
tau_oil_cooler,u_oil_cooler,tower_mill,V5_0484,formula_parent,1389
u_oil_cooler_nom,u_oil_cooler_sp,tower_mill,V5_0485,formula_parent,1388
K_cool_T,u_oil_cooler_sp,tower_mill,V5_0485,formula_parent,1388
T_oil,u_oil_cooler_sp,tower_mill,V5_0485,formula_parent,1388
T_oil_sp,u_oil_cooler_sp,tower_mill,V5_0485,formula_parent,1388
u_sand_sp,u_sand,tower_mill,V5_0486,formula_parent,1325
u_sand_prev,u_sand,tower_mill,V5_0486,formula_parent,1325
tau_sand_valve,u_sand,tower_mill,V5_0486,formula_parent,1325
u_sand_nom,u_sand_sp,tower_mill,V5_0487,formula_parent,1324
K_C_sand,u_sand_sp,tower_mill,V5_0487,formula_parent,1324
C_sand,u_sand_sp,tower_mill,V5_0487,formula_parent,1324
C_sand_sp,u_sand_sp,tower_mill,V5_0487,formula_parent,1324
K_CL_sand,u_sand_sp,tower_mill,V5_0487,formula_parent,1324
circulating_load_lag,u_sand_sp,tower_mill,V5_0487,formula_parent,1324
CL_ref,u_sand_sp,tower_mill,V5_0487,formula_parent,1324
PRBS_sand,u_sand_sp,tower_mill,V5_0487,formula_parent,1324
u_nom,u_sp,global,V5_0488,formula_parent,282
Kp,u_sp,global,V5_0488,formula_parent,282
error,u_sp,global,V5_0488,formula_parent,282
Ki,u_sp,global,V5_0488,formula_parent,282
integral,u_sp,global,V5_0488,formula_parent,282
Kff,u_sp,global,V5_0488,formula_parent,282
feedforward_state,u_sp,global,V5_0488,formula_parent,282
operator_trim,u_sp,global,V5_0488,formula_parent,282
intervention,u_sp,global,V5_0488,formula_parent,282
u_min,u_sp,global,V5_0488,formula_parent,282
u_max,u_sp,global,V5_0488,formula_parent,282
"u_steam_sp_{s,k}","u_steam_fb_{s,k}",flotation,V5_0489,formula_parent,1649
"u_steam_fb_prev_{s,k}","u_steam_fb_{s,k}",flotation,V5_0489,formula_parent,1649
tau_steam_k,"u_steam_fb_{s,k}",flotation,V5_0489,formula_parent,1649
u_steam_nom_k,"u_steam_sp_{s,k}",flotation,V5_0490,formula_parent,1648
KT_steam_k,"u_steam_sp_{s,k}",flotation,V5_0490,formula_parent,1648
T_tank_sp_k,"u_steam_sp_{s,k}",flotation,V5_0490,formula_parent,1648
"T_tank_{s,k}","u_steam_sp_{s,k}",flotation,V5_0490,formula_parent,1648
u_tail_1_sp,u_tail,magnetic,V5_0491,formula_parent,1247
u_tail_prev,u_tail,magnetic,V5_0491,formula_parent,1247
tau_tail_valve,u_tail,magnetic,V5_0491,formula_parent,1247
u_tail_total_sp,u_tail_1_sp,magnetic,V5_0492,formula_parent,1245
split_tail_1,u_tail_1_sp,magnetic,V5_0492,formula_parent,1245
split_tail_1_nom,u_tail_1_sp,magnetic,V5_0492,formula_parent,1245
u_tail_2_sp,u_tail_2,magnetic,V5_0493,formula_parent,1248
u_tail_2_prev,u_tail_2,magnetic,V5_0493,formula_parent,1248
tau_tail_valve,u_tail_2,magnetic,V5_0493,formula_parent,1248
u_tail_total_sp,u_tail_2_sp,magnetic,V5_0494,formula_parent,1246
split_tail_1,u_tail_2_sp,magnetic,V5_0494,formula_parent,1246
split_tail_1_nom,u_tail_2_sp,magnetic,V5_0494,formula_parent,1246
u_tail_nom,u_tail_total_sp,magnetic,V5_0495,formula_parent,1243
K_L_tail,u_tail_total_sp,magnetic,V5_0495,formula_parent,1243
L_mag,u_tail_total_sp,magnetic,V5_0495,formula_parent,1243
L_mag_sp,u_tail_total_sp,magnetic,V5_0495,formula_parent,1243
u_water_sp,u_water,tower_mill,V5_0496,formula_parent,1320
u_water_prev,u_water,tower_mill,V5_0496,formula_parent,1320
tau_water_valve,u_water,tower_mill,V5_0496,formula_parent,1320
u_water_nom,u_water_sp,tower_mill,V5_0497,formula_parent,1319
K_C_water,u_water_sp,tower_mill,V5_0497,formula_parent,1319
C_sp,u_water_sp,tower_mill,V5_0497,formula_parent,1319
C_feed,u_water_sp,tower_mill,V5_0497,formula_parent,1319
K_L_water,u_water_sp,tower_mill,V5_0497,formula_parent,1319
L_sp,u_water_sp,tower_mill,V5_0497,formula_parent,1319
L_pool,u_water_sp,tower_mill,V5_0497,formula_parent,1319
f,x_phys,dcs,V5_0498,formula_parent,1121
allowed_parents,x_phys,dcs,V5_0498,formula_parent,1121
y_fx_xin_s_true,y_fx_xin_s,flotation,V5_0500,formula_parent,974
sigma_y,y_fx_xin_s,flotation,V5_0500,formula_parent,974
TFe,y_fx_xin_s_true,flotation,V5_0501,formula_parent,973
final_conc_s,y_fx_xin_s_true,flotation,V5_0501,formula_parent,973
"Q_{s,td_rough}_ml_s",dose_TD_s,flotation,V5M_0502,manual_formula_parent,manual
"Q_{s,td_clean}_ml_s",dose_TD_s,flotation,V5M_0502,manual_formula_parent,manual
rho_td_kg_L,dose_TD_s,flotation,V5M_0502,manual_formula_parent,manual
active_td,dose_TD_s,flotation,V5M_0502,manual_formula_parent,manual
M_feed_solid_tph_s,dose_TD_s,flotation,V5M_0502,manual_formula_parent,manual
"Q_{s,k6_rough}_ml_s",dose_DF_K6_s,flotation,V5M_0503,manual_formula_parent,manual
rho_k6_kg_L,dose_DF_K6_s,flotation,V5M_0503,manual_formula_parent,manual
active_k6,dose_DF_K6_s,flotation,V5M_0503,manual_formula_parent,manual
M_feed_solid_tph_s,dose_DF_K6_s,flotation,V5M_0503,manual_formula_parent,manual
"Q_{s,naoh}_ml_s",dose_naoh_kg_t_s,flotation,V5M_0504,manual_formula_parent,manual
rho_naoh_kg_L,dose_naoh_kg_t_s,flotation,V5M_0504,manual_formula_parent,manual
active_naoh,dose_naoh_kg_t_s,flotation,V5M_0504,manual_formula_parent,manual
M_feed_solid_tph_s,dose_naoh_kg_t_s,flotation,V5M_0504,manual_formula_parent,manual
"Q_{s,cao}_ml_s",dose_cao_kg_t_s,flotation,V5M_0505,manual_formula_parent,manual
rho_cao_kg_L,dose_cao_kg_t_s,flotation,V5M_0505,manual_formula_parent,manual
active_cao,dose_cao_kg_t_s,flotation,V5M_0505,manual_formula_parent,manual
M_feed_solid_tph_s,dose_cao_kg_t_s,flotation,V5M_0505,manual_formula_parent,manual
Q_NT_under_s,Q_feed_s,flotation,V5M_0506,manual_formula_parent,manual
M_NT_under_solid_s,M_feed_solid_s,flotation,V5M_0507,manual_formula_parent,manual
M_NT_under_water_s,M_feed_water_s,flotation,V5M_0508,manual_formula_parent,manual
M_feed_solid_s,C_s,flotation,V5M_0509,manual_formula_parent,manual
M_feed_water_s,C_s,flotation,V5M_0509,manual_formula_parent,manual
M_feed_solid_s,M_feed_j_s,flotation,V5M_0510,manual_formula_parent,manual
grade_NT_under_j_s,M_feed_j_s,flotation,V5M_0510,manual_formula_parent,manual
M_feed_j_s,feed_grade_j_s,flotation,V5M_0511,manual_formula_parent,manual
M_feed_solid_s,feed_grade_j_s,flotation,V5M_0511,manual_formula_parent,manual
r_carb_s,floatability_difficulty_s,flotation,V5M_0512,manual_formula_parent,manual
r_sil_s,floatability_difficulty_s,flotation,V5M_0512,manual_formula_parent,manual
f25_s,floatability_difficulty_s,flotation,V5M_0512,manual_formula_parent,manual
F325_s,floatability_difficulty_s,flotation,V5M_0512,manual_formula_parent,manual
Liberation_gangue_s,floatability_difficulty_s,flotation,V5M_0512,manual_formula_parent,manual
C_s,floatability_difficulty_s,flotation,V5M_0512,manual_formula_parent,manual
clay_s,floatability_difficulty_s,flotation,V5M_0512,manual_formula_parent,manual
pH_s,selectivity_proxy_s,flotation,V5M_0513,manual_formula_parent,manual
Ca2_effect_s,selectivity_proxy_s,flotation,V5M_0513,manual_formula_parent,manual
f25_s,selectivity_proxy_s,flotation,V5M_0513,manual_formula_parent,manual
Liberation_gangue_s,selectivity_proxy_s,flotation,V5M_0513,manual_formula_parent,manual
Ca2_effect_s,E_Ca2_sil_s,flotation,V5M_0514,manual_formula_parent,manual
Ca_sil0,E_Ca2_sil_s,flotation,V5M_0514,manual_formula_parent,manual
s_Ca_sil,E_Ca2_sil_s,flotation,V5M_0514,manual_formula_parent,manual
Ca2_effect_s,E_Ca2_carb_s,flotation,V5M_0515,manual_formula_parent,manual
Ca_carb0,E_Ca2_carb_s,flotation,V5M_0515,manual_formula_parent,manual
s_Ca_carb,E_Ca2_carb_s,flotation,V5M_0515,manual_formula_parent,manual
"M_cell_j_prev_{s,c}","M_cell_solid_prev_{s,c}",flotation,V5M_0516,manual_formula_parent,manual
topology_feed_j_rate,"feed_j_rate_{s,c}",flotation,V5M_0517,manual_formula_parent,manual
Q_feed_s,"feed_j_rate_{s,c}",flotation,V5M_0517,manual_formula_parent,manual
feed_grade_j_s,"feed_j_rate_{s,c}",flotation,V5M_0517,manual_formula_parent,manual
"Q_pump_pool_{s,1}","feed_j_rate_{s,c}",flotation,V5M_0517,manual_formula_parent,manual
"Q_pump_pool_{s,2}","feed_j_rate_{s,c}",flotation,V5M_0517,manual_formula_parent,manual
"Q_pump_pool_{s,3}","feed_j_rate_{s,c}",flotation,V5M_0517,manual_formula_parent,manual
"recycle_grade_j_{s,1}","feed_j_rate_{s,c}",flotation,V5M_0517,manual_formula_parent,manual
"recycle_grade_j_{s,2}","feed_j_rate_{s,c}",flotation,V5M_0517,manual_formula_parent,manual
"recycle_grade_j_{s,3}","feed_j_rate_{s,c}",flotation,V5M_0517,manual_formula_parent,manual
"entrainment_factor_{s,c}","entrainment_j_rate_{s,c}",flotation,V5M_0518,manual_formula_parent,manual
"Q_out_solid_{s,c}","entrainment_j_rate_{s,c}",flotation,V5M_0518,manual_formula_parent,manual
entr_share_j_c,"entrainment_j_rate_{s,c}",flotation,V5M_0518,manual_formula_parent,manual
"froth_j_rate_{s,c}","rho_froth_mix_{s,c}",flotation,V5M_0519,manual_formula_parent,manual
rho_j,"rho_froth_mix_{s,c}",flotation,V5M_0519,manual_formula_parent,manual
rho_solid_mix,rho_solid_mix_feed,tower_mill,V5M_0520,manual_formula_parent,manual
"event_froth_fault_{s,c}",fx_s{s}_{c}_froth_h,dcs,V5M_0521,manual_formula_parent,manual
fault_value,fx_s{s}_{c}_froth_h,dcs,V5M_0521,manual_formula_parent,manual
meas,fx_s{s}_{c}_froth_h,dcs,V5M_0521,manual_formula_parent,manual
"h_froth_{s,c}",fx_s{s}_{c}_froth_h,dcs,V5M_0521,manual_formula_parent,manual
lab_sample_template,lab_tm_overflow_tfe,lab,V5M_0522,manual_formula_parent,manual
_x_tm_overflow_tfe,lab_tm_overflow_tfe,lab,V5M_0522,manual_formula_parent,manual
sample_time_tm_overflow_tfe,lab_tm_overflow_tfe,lab,V5M_0522,manual_formula_parent,manual
report_time_tm_overflow_tfe,lab_tm_overflow_tfe,lab,V5M_0522,manual_formula_parent,manual
sigma_sampling_tm,lab_tm_overflow_tfe,lab,V5M_0522,manual_formula_parent,manual
sigma_assay_tfe,lab_tm_overflow_tfe,lab,V5M_0522,manual_formula_parent,manual
lab_sample_template,lab_mag_mixed_conc_tfe,lab,V5M_0523,manual_formula_parent,manual
_x_mag_mixed_conc_tfe,lab_mag_mixed_conc_tfe,lab,V5M_0523,manual_formula_parent,manual
sample_time_mag_mixed_conc_tfe,lab_mag_mixed_conc_tfe,lab,V5M_0523,manual_formula_parent,manual
report_time_mag_mixed_conc_tfe,lab_mag_mixed_conc_tfe,lab,V5M_0523,manual_formula_parent,manual
sigma_sampling_mag,lab_mag_mixed_conc_tfe,lab,V5M_0523,manual_formula_parent,manual
sigma_assay_tfe,lab_mag_mixed_conc_tfe,lab,V5M_0523,manual_formula_parent,manual
