formula_id,stage,source_v4_line,source_v4_section,lhs,rhs,formula_line,parents,state_type,formula_role,observable,status,notes
V5_0001,magnetic,477,5. 磁选因果模型 / 5.2 控制设定不得孤立,B_eff,B_max*(1-exp(-I_exc/I_ref))*thermal_derate(T_coil),B_eff=B_max*(1-exp(-I_exc/I_ref))*thermal_derate(T_coil),B_max;I_exc;I_ref;thermal_derate;T_coil,derived,executable,no,manual_promoted,Manually promoted from concept/reference coverage review into executable formulas.
V5_0002,tower_mill,1301,10. DCS 具体生成公式和代理防护 / 10.3 塔磨 DCS 具体公式,C_feed,"C_feed_prev+(dt/max(tau_cyc_pool,eps))*(C_feed_in-C_feed_prev)","C_feed = C_feed_prev+(dt/max(tau_cyc_pool,eps))*(C_feed_in-C_feed_prev)",C_feed_prev;tau_cyc_pool;C_feed_in,derived,executable,no,canonical,
V5_0003,tower_mill,1291,10. DCS 具体生成公式和代理防护 / 10.3 塔磨 DCS 具体公式,C_feed_in,"(M_mag_conc_solid+M_tm_discharge_solid_prev)/max(M_mag_conc_wet+M_tm_discharge_wet_prev+M_water_add,eps)","C_feed_in = (M_mag_conc_solid+M_tm_discharge_solid_prev)/max(M_mag_conc_wet+M_tm_discharge_wet_prev+M_water_add,eps)",M_mag_conc_solid;M_tm_discharge_solid_prev;M_mag_conc_wet;M_tm_discharge_wet_prev;M_water_add,derived,executable,no,canonical,
V5_0004,boundary,317,4. 入口边界因果模型 / ,C_i,"clip(C_nom+k_load_C*(M_wet_i-M_nom_i)+k_clay_C*clay_i+xi_C_i,C_min,C_max)","C_i = clip(C_nom+k_load_C*(M_wet_i-M_nom_i)+k_clay_C*clay_i+xi_C_i,C_min,C_max)",C_nom;k_load_C;M_wet_i;M_nom_i;k_clay_C;clay_i;xi_C_i;C_min;C_max,derived,executable,no,canonical,
V5_0005,tower_mill,1359,10. DCS 具体生成公式和代理防护 / 10.3 塔磨 DCS 具体公式,C_mill,"M_sand/max(M_sand+M_mill_water_in,eps)","C_mill = M_sand/max(M_sand+M_mill_water_in,eps)",M_sand;M_mill_water_in,derived,executable,no,canonical,
V5_0006,boundary,383,4. 入口边界因果模型 / ,C_mixed,"M_solid_mixed/max(M_wet_mixed,eps)","C_mixed = M_solid_mixed/max(M_wet_mixed,eps)",M_solid_mixed;M_wet_mixed,derived,executable,no,canonical,
V5_0008,flotation,1456,10. DCS 具体生成公式和代理防护 / 10.4 浮选 DCS 具体公式,C_under_s,C_under_sp_s+(C_under_s_prev-C_under_sp_s)*exp(-dt/tau_NT_C),C_under_s = C_under_sp_s+(C_under_s_prev-C_under_sp_s)*exp(-dt/tau_NT_C),C_under_sp_s;C_under_s_prev;tau_NT_C,derived,executable,no,canonical,
V5_0010,flotation,1455,10. DCS 具体生成公式和代理防护 / 10.4 浮选 DCS 具体公式,C_under_sp_s,"clip(C_NT_nom+Kbed_NT*(L_NT_s-L_NT_ref)+Kload_NT*(M_NT_in_solid_s-M_NT_ref),C_NT_min,C_NT_max)","C_under_sp_s = clip(C_NT_nom+Kbed_NT*(L_NT_s-L_NT_ref)+Kload_NT*(M_NT_in_solid_s-M_NT_ref),C_NT_min,C_NT_max)",C_NT_nom;Kbed_NT;L_NT_s;L_NT_ref;Kload_NT;M_NT_in_solid_s;M_NT_ref;C_NT_min;C_NT_max,derived,executable,no,canonical,
V5_0012,flotation,1526,10. DCS 具体生成公式和代理防护 / 10.4 浮选 DCS 具体公式,Ca2_effect_s,k_cao_ca*dose_cao_kg_t_s,Ca2_effect_s=k_cao_ca*dose_cao_kg_t_s,k_cao_ca;dose_cao_kg_t_s,derived,executable,no,canonical,
V5_0013,flotation,1550,10. DCS 具体生成公式和代理防护 / 10.4 浮选 DCS 具体公式,DeltaP_blower_Pa_b,"1e6*max(P_blower_pressure_b-P_amb_pressure,0)","DeltaP_blower_Pa_b = 1e6*max(P_blower_pressure_b-P_amb_pressure,0)",e6;P_blower_pressure_b;P_amb_pressure,derived,executable,no,canonical,
V5_0017,flotation,1595,10. DCS 具体生成公式和代理防护 / 10.4 浮选 DCS 具体公式,"E_air_{s,c}","sigmoid(k1_c*(Q_air_{s,c}-Q_air_low_c))*sigmoid(k2_c*(Q_air_high_c-Q_air_{s,c}))","E_air_{s,c}=sigmoid(k1_c*(Q_air_{s,c}-Q_air_low_c))*sigmoid(k2_c*(Q_air_high_c-Q_air_{s,c}))","k1_c;Q_air_{s,c};Q_air_low_c;k2_c;Q_air_high_c",derived,executable,no,canonical,
V5_0019,flotation,1592,10. DCS 具体生成公式和代理防护 / 10.4 浮选 DCS 具体公式,"E_collector_{s,c}",sigmoid(a1_c*(dose_TD_effective_s-dose_low_c))*sigmoid(a2_c*(dose_high_c-dose_TD_effective_s)),"E_collector_{s,c}=sigmoid(a1_c*(dose_TD_effective_s-dose_low_c))*sigmoid(a2_c*(dose_high_c-dose_TD_effective_s))",a1_c;dose_TD_effective_s;dose_low_c;a2_c;dose_high_c,derived,executable,no,canonical,
V5_0021,flotation,1596,10. DCS 具体生成公式和代理防护 / 10.4 浮选 DCS 具体公式,"E_density_{s,c}",exp(-((C_s-C_opt_c)/sigma_C_c)^2),"E_density_{s,c}=exp(-((C_s-C_opt_c)/sigma_C_c)^2)",C_s;C_opt_c;sigma_C_c,derived,executable,no,canonical,
V5_0023,flotation,1593,10. DCS 具体生成公式和代理防护 / 10.4 浮选 DCS 具体公式,"E_depressant_{s,c}",sigmoid(kK6_c*(dose_DF_K6_effective_s-dose_K6_ref_c)),"E_depressant_{s,c}=sigmoid(kK6_c*(dose_DF_K6_effective_s-dose_K6_ref_c))",kK6_c;dose_DF_K6_effective_s;dose_K6_ref_c,derived,executable,no,canonical,
V5_0024,magnetic,523,5. 磁选因果模型 / 5.3 分选公式,E_level,exp(-((L_mag-L_ref)/sigma_L)^2),E_level=exp(-((L_mag-L_ref)/sigma_L)^2),L_mag;L_ref;sigma_L,derived,executable,no,manual_promoted,Manually promoted from concept/reference coverage review into executable formulas.
V5_0026,flotation,1598,10. DCS 具体生成公式和代理防护 / 10.4 浮选 DCS 具体公式,"E_lib_g_{s,c}",0.25+0.75*Liberation_gangue_s,"E_lib_g_{s,c}=0.25+0.75*Liberation_gangue_s",Liberation_gangue_s,derived,executable,no,canonical,
V5_0028,flotation,1599,10. DCS 具体生成公式和代理防护 / 10.4 浮选 DCS 具体公式,"E_mu_{s,c}",exp(-k_mu_float_c*(mu_slurry_s-mu_ref)),"E_mu_{s,c}=exp(-k_mu_float_c*(mu_slurry_s-mu_ref))",k_mu_float_c;mu_slurry_s;mu_ref,derived,executable,no,canonical,
V5_0030,flotation,1594,10. DCS 具体生成公式和代理防护 / 10.4 浮选 DCS 具体公式,"E_pH_{s,c}",exp(-((pH_s-pH_opt_c)/sigma_pH_c)^2),"E_pH_{s,c}=exp(-((pH_s-pH_opt_c)/sigma_pH_c)^2)",pH_s;pH_opt_c;sigma_pH_c,derived,executable,no,canonical,
V5_0031,magnetic,521,5. 磁选因果模型 / 5.3 分选公式,E_pulse,exp(-((f_pul-f_pul_opt)/sigma_pul)^2),E_pulse=exp(-((f_pul-f_pul_opt)/sigma_pul)^2),f_pul;f_pul_opt;sigma_pul,derived,executable,no,manual_promoted,Manually promoted from concept/reference coverage review into executable formulas.
V5_0032,magnetic,522,5. 磁选因果模型 / 5.3 分选公式,E_ring,exp(-((f_ring-f_ring_opt)/sigma_ring)^2)*(1-k_clog*matrix_clog),E_ring=exp(-((f_ring-f_ring_opt)/sigma_ring)^2)*(1-k_clog*matrix_clog),f_ring;f_ring_opt;sigma_ring;k_clog;matrix_clog,derived,executable,no,manual_promoted,Manually promoted from concept/reference coverage review into executable formulas.
V5_0034,flotation,1597,10. DCS 具体生成公式和代理防护 / 10.4 浮选 DCS 具体公式,"E_size_{s,c}",sigmoid(k_size_c*(F325_s-F325_min_c)),"E_size_{s,c}=sigmoid(k_size_c*(F325_s-F325_min_c))",k_size_c;F325_s;F325_min_c,derived,executable,no,canonical,
V5_0035,tower_mill,1373,10. DCS 具体生成公式和代理防护 / 10.3 塔磨 DCS 具体公式,E_spec,"P_mech/max(M_sand,eps)","E_spec = P_mech/max(M_sand,eps)",P_mech;M_sand,derived,executable,no,canonical,
V5_0036,magnetic,524,5. 磁选因果模型 / 5.3 分选公式,Entr,"clip( e0 + eC*C + ef25*f25 + eclay*clay + eL*(L_mag-L_ref) - e_pul*(f_pul-f_pul_min)/max(f_pul_ref,eps), 0,e_max)","Entr=clip( e0 + eC*C + ef25*f25 + eclay*clay + eL*(L_mag-L_ref) - e_pul*(f_pul-f_pul_min)/max(f_pul_ref,eps), 0,e_max)",e0;eC;ef25;f25;eclay;clay;eL;L_mag;L_ref;e_pul;f_pul;f_pul_min;f_pul_ref;e_max,derived,executable,no,manual_promoted,Manually promoted from concept/reference coverage review into executable formulas.
V5_0037,boundary,332,4. 入口边界因果模型 / ,F200_i,sigmoid(logit(F200_i)),F200_i=sigmoid(logit(F200_i)),logit,derived,executable,no,canonical,
V5_0038,boundary,406,4. 入口边界因果模型 / ,F200_mixed,"sum_i(M_solid_i*F200_i)/max(M_solid_mixed,eps)","F200_mixed = sum_i(M_solid_i*F200_i)/max(M_solid_mixed,eps)",M_solid_i;F200_i;M_solid_mixed,derived,executable,no,canonical,
V5_0039,tower_mill,1379,10. DCS 具体生成公式和代理防护 / 10.3 塔磨 DCS 具体公式,F325_discharge,"F325_discharge_prev+(dt/max(tau_mill_residence,eps))*(F325_discharge_inst-F325_discharge_prev)","F325_discharge = F325_discharge_prev+(dt/max(tau_mill_residence,eps))*(F325_discharge_inst-F325_discharge_prev)",F325_discharge_prev;tau_mill_residence;F325_discharge_inst,derived,executable,no,canonical,
V5_0040,tower_mill,1374,10. DCS 具体生成公式和代理防护 / 10.3 塔磨 DCS 具体公式,F325_discharge_inst,"clip(F325_sand+kE*log1p(E_spec/max(WI_mill,eps))-k_over*f25,0,1)","F325_discharge_inst = clip(F325_sand+kE*log1p(E_spec/max(WI_mill,eps))-k_over*f25,0,1)",F325_sand;kE;E_spec;WI_mill;k_over;f25,derived,executable,no,canonical,
V5_0041,tower_mill,1302,10. DCS 具体生成公式和代理防护 / 10.3 塔磨 DCS 具体公式,F325_feed,"F325_feed_prev+(dt/max(tau_cyc_pool,eps))*(F325_feed_in-F325_feed_prev)","F325_feed = F325_feed_prev+(dt/max(tau_cyc_pool,eps))*(F325_feed_in-F325_feed_prev)",F325_feed_prev;tau_cyc_pool;F325_feed_in,derived,executable,no,canonical,
V5_0042,tower_mill,1292,10. DCS 具体生成公式和代理防护 / 10.3 塔磨 DCS 具体公式,F325_feed_in,"(M_mag_conc_solid*F325_mag_conc+M_tm_discharge_solid_prev*F325_discharge_prev)/max(M_mag_conc_solid+M_tm_discharge_solid_prev,eps)","F325_feed_in = (M_mag_conc_solid*F325_mag_conc+M_tm_discharge_solid_prev*F325_discharge_prev)/max(M_mag_conc_solid+M_tm_discharge_solid_prev,eps)",M_mag_conc_solid;F325_mag_conc;M_tm_discharge_solid_prev;F325_discharge_prev,derived,executable,no,canonical,
V5_0043,boundary,333,4. 入口边界因果模型 / ,F325_i,"F(45e-6;d80_i,n_rr)","F325_i=F(45e-6;d80_i,n_rr)",e;d80_i;n_rr,derived,executable,no,canonical,
V5_0044,boundary,407,4. 入口边界因果模型 / ,F325_mixed,"sum_i(M_solid_i*F325_i)/max(M_solid_mixed,eps)","F325_mixed = sum_i(M_solid_i*F325_i)/max(M_solid_mixed,eps)",M_solid_i;F325_i;M_solid_mixed,derived,executable,no,canonical,
V5_0045,tower_mill,1345,10. DCS 具体生成公式和代理防护 / 10.3 塔磨 DCS 具体公式,F325_overflow,"clip(F325_feed*k_fine_enrich/max(alpha_ov,eps),F325_feed,1.0)","F325_overflow = clip(F325_feed*k_fine_enrich/max(alpha_ov,eps),F325_feed,1.0)",F325_feed;k_fine_enrich;alpha_ov,derived,executable,no,canonical,
V5_0046,tower_mill,1348,10. DCS 具体生成公式和代理防护 / 10.3 塔磨 DCS 具体公式,F325_sand,"clip((F325_feed-F325_overflow*alpha_ov)/max(1-alpha_ov,eps),0,F325_feed)","F325_sand = clip((F325_feed-F325_overflow*alpha_ov)/max(1-alpha_ov,eps),0,F325_feed)",F325_feed;F325_overflow;alpha_ov,derived,executable,no,canonical,
V5_0047,boundary,346,4. 入口边界因果模型 / ,FeO_proxy_i,k_feo_mag*Fe_mag_i+k_feo_carb*Fe_carb_i+k_feo_hem*Fe_hem_i+k_feo_sil*Fe_sil_i,FeO_proxy_i=k_feo_mag*Fe_mag_i+k_feo_carb*Fe_carb_i+k_feo_hem*Fe_hem_i+k_feo_sil*Fe_sil_i,k_feo_mag;Fe_mag_i;k_feo_carb;Fe_carb_i;k_feo_hem;Fe_hem_i;k_feo_sil;Fe_sil_i,derived,executable,no,canonical,
V5_0048,boundary,343,4. 入口边界因果模型 / ,Fe_carb_i,Fe_total_i*r_carb_i,Fe_carb_i=Fe_total_i*r_carb_i,Fe_total_i;r_carb_i,derived,executable,no,canonical,
V5_0049,boundary,342,4. 入口边界因果模型 / ,Fe_hem_i,Fe_total_i*r_hem_i,Fe_hem_i=Fe_total_i*r_hem_i,Fe_total_i;r_hem_i,derived,executable,no,canonical,
V5_0050,boundary,341,4. 入口边界因果模型 / ,Fe_mag_i,Fe_total_i*r_mag_i,Fe_mag_i=Fe_total_i*r_mag_i,Fe_total_i;r_mag_i,derived,executable,no,canonical,
V5_0051,boundary,344,4. 入口边界因果模型 / ,Fe_sil_i,Fe_total_i*r_sil_i,Fe_sil_i=Fe_total_i*r_sil_i,Fe_total_i;r_sil_i,derived,executable,no,canonical,
V5_0052,global,177,2. 全局变量分类 / 2.2 隐藏物料状态,Fe_total,Fe_mag+Fe_hem+Fe_carb+Fe_sil,Fe_total = Fe_mag+Fe_hem+Fe_carb+Fe_sil,Fe_mag;Fe_hem;Fe_carb;Fe_sil,derived,definition,no,canonical,
V5_0053,boundary,340,4. 入口边界因果模型 / ,Fe_total_i,M_solid_i*TFe_i,Fe_total_i=M_solid_i*TFe_i,M_solid_i;TFe_i,derived,executable,no,canonical,
V5_0054,boundary,345,4. 入口边界因果模型 / ,Gangue_i,M_solid_i-Fe_total_i,Gangue_i=M_solid_i-Fe_total_i,M_solid_i;Fe_total_i,derived,executable,no,canonical,
V5_0056,flotation,1465,10. DCS 具体生成公式和代理防护 / 10.4 浮选 DCS 具体公式,I_NT_s,"I0_NT+kM_NT*M_NT_under_solid_s+kmu_NT*mu_under_s+kbed_NT*max(bed_mass_s,0)","I_NT_s = I0_NT+kM_NT*M_NT_under_solid_s+kmu_NT*mu_under_s+kbed_NT*max(bed_mass_s,0)",I0_NT;kM_NT;M_NT_under_solid_s;kmu_NT;mu_under_s;kbed_NT;bed_mass_s,equipment_signal,executable,no,canonical,
V5_0057,flotation,1552,10. DCS 具体生成公式和代理防护 / 10.4 浮选 DCS 具体公式,I_blower_phys_b,"1000*P_blower_shaft_kW_b/max(sqrt(3)*V_blower_b*pf_blower_b*eta_blower_motor_b,eps)","I_blower_phys_b = 1000*P_blower_shaft_kW_b/max(sqrt(3)*V_blower_b*pf_blower_b*eta_blower_motor_b,eps)",P_blower_shaft_kW_b;V_blower_b;pf_blower_b;eta_blower_motor_b,equipment_signal,executable,no,canonical,
V5_0058,flotation,1656,10. DCS 具体生成公式和代理防护 / 10.4 浮选 DCS 具体公式,"I_cell_motor_phys_{s,c}","I0_cell_c+krho_cell_c*rho_slurry_s+kmu_cell_c*mu_slurry_s+kair_cell_c*Q_air_{s,c}+kload_cell_c*M_solid_s","I_cell_motor_phys_{s,c}=I0_cell_c+krho_cell_c*rho_slurry_s+kmu_cell_c*mu_slurry_s+kair_cell_c*Q_air_{s,c}+kload_cell_c*M_solid_s","I0_cell_c;krho_cell_c;rho_slurry_s;kmu_cell_c;mu_slurry_s;kair_cell_c;Q_air_{s,c};kload_cell_c;M_solid_s",equipment_signal,executable,no,canonical,
V5_0059,flotation,1501,10. DCS 具体生成公式和代理防护 / 10.4 浮选 DCS 具体公式,"I_drug_j_phys_{s,j}","I0_j+kf_j*f_{s,j}+kvis_j*reagent_viscosity_{s,j}+kpress_j*reagent_supply_pressure_j","I_drug_j_phys_{s,j} = I0_j+kf_j*f_{s,j}+kvis_j*reagent_viscosity_{s,j}+kpress_j*reagent_supply_pressure_j","I0_j;kf_j;f_{s,j};kvis_j;reagent_viscosity_{s,j};kpress_j;reagent_supply_pressure_j",equipment_signal,executable,no,canonical,
V5_0060,magnetic,1215,10. DCS 具体生成公式和代理防护 / 10.2 磁选 DCS 具体公式,I_exc,I_exc_sp+(I_exc_prev-I_exc_sp)*exp(-dt/tau_exc_act),I_exc = I_exc_sp+(I_exc_prev-I_exc_sp)*exp(-dt/tau_exc_act),I_exc_sp;I_exc_prev;tau_exc_act,equipment_signal,executable,no,canonical,
V5_0061,magnetic,1214,10. DCS 具体生成公式和代理防护 / 10.2 磁选 DCS 具体公式,I_exc_sp,"clip(I_nom+Kdiff_I*magnetic_difficulty-Kmag_I*(r_mag-r_mag_ref)+operator_trim_I+PRBS_mag_I,I_min,I_max)","I_exc_sp = clip(I_nom+Kdiff_I*magnetic_difficulty-Kmag_I*(r_mag-r_mag_ref)+operator_trim_I+PRBS_mag_I,I_min,I_max)",I_nom;Kdiff_I;magnetic_difficulty;Kmag_I;r_mag;r_mag_ref;operator_trim_I;PRBS_mag_I;I_min;I_max,setpoint,executable,no,canonical,
V5_0062,flotation,1651,10. DCS 具体生成公式和代理防护 / 10.4 浮选 DCS 具体公式,"I_mixer_phys_{s,k}",I_idle_mixer_k+k_C_mixer_k*C_s+k_mu_mixer_k*mu_slurry_s,"I_mixer_phys_{s,k}=I_idle_mixer_k+k_C_mixer_k*C_s+k_mu_mixer_k*mu_slurry_s",I_idle_mixer_k;k_C_mixer_k;C_s;k_mu_mixer_k;mu_slurry_s,equipment_signal,executable,no,canonical,
V5_0063,tower_mill,1404,10. DCS 具体生成公式和代理防护 / 10.3 塔磨 DCS 具体公式,I_ov_pump_phys,I0_ov+kf_ov*f_ov_pump_sp^2+kQ_ov*Q_ov_pump+krho_ov*rho_overflow,I_ov_pump_phys = I0_ov+kf_ov*f_ov_pump_sp^2+kQ_ov*Q_ov_pump+krho_ov*rho_overflow,I0_ov;kf_ov;f_ov_pump_sp;kQ_ov;Q_ov_pump;krho_ov;rho_overflow,physical_signal,executable,no,canonical,
V5_0064,flotation,1641,10. DCS 具体生成公式和代理防护 / 10.4 浮选 DCS 具体公式,"I_pool_phys_{s,k}","I0_pool_k+kf_pool_k*f_pool_{s,k}^2+kQ_pool_k*Q_pump_pool_{s,k}+krho_pool_k*rho_slurry_s+kmu_pool_k*mu_slurry_s+kH_pool_k*H_pool_k","I_pool_phys_{s,k}=I0_pool_k+kf_pool_k*f_pool_{s,k}^2+kQ_pool_k*Q_pump_pool_{s,k}+krho_pool_k*rho_slurry_s+kmu_pool_k*mu_slurry_s+kH_pool_k*H_pool_k","I0_pool_k;kf_pool_k;f_pool_{s,k};kQ_pool_k;Q_pump_pool_{s,k};krho_pool_k;rho_slurry_s;kmu_pool_k;mu_slurry_s;kH_pool_k;H_pool_k",equipment_signal,executable,no,canonical,
V5_0066,tower_mill,1317,10. DCS 具体生成公式和代理防护 / 10.3 塔磨 DCS 具体公式,I_pump_phys,I0_pump+kf_pump*f_pump^2+kQ_pump*Q_pump+krho_pump*rho_feed+kmu_pump*mu_feed+kP_pump*P_cyc,I_pump_phys = I0_pump+kf_pump*f_pump^2+kQ_pump*Q_pump+krho_pump*rho_feed+kmu_pump*mu_feed+kP_pump*P_cyc,I0_pump;kf_pump;f_pump;kQ_pump;Q_pump;krho_pump;rho_feed;kmu_pump;mu_feed;kP_pump;P_cyc,physical_signal,executable,no,canonical,
V5_0067,magnetic,1264,10. DCS 具体生成公式和代理防护 / 10.2 磁选 DCS 具体公式,I_ring_motor_phys,"I0_ring+kf_ring*f_ring+krho_ring*rho_slurry+kclog_ring_I*matrix_clog+kQ_ring*Q_feed/max(Q_ref,eps)","I_ring_motor_phys = I0_ring+kf_ring*f_ring+krho_ring*rho_slurry+kclog_ring_I*matrix_clog+kQ_ring*Q_feed/max(Q_ref,eps)",I0_ring;kf_ring;f_ring;krho_ring;rho_slurry;kclog_ring_I;matrix_clog;kQ_ring;Q_feed;Q_ref,physical_signal,executable,no,canonical,
V5_0069,tower_mill,1371,10. DCS 具体生成公式和代理防护 / 10.3 塔磨 DCS 具体公式,I_tm_phys,P_mech/(sqrt(3)*V_motor*pf*eta),I_tm_phys = P_mech/(sqrt(3)*V_motor*pf*eta),P_mech;V_motor;pf;eta,physical_signal,executable,no,canonical,
V5_0071,flotation,1453,10. DCS 具体生成公式和代理防护 / 10.4 浮选 DCS 具体公式,L_NT_s,(M_NT_solid_s/rho_solid_mix_s+V_NT_water_s)/A_NT_s,L_NT_s = (M_NT_solid_s/rho_solid_mix_s+V_NT_water_s)/A_NT_s,M_NT_solid_s;rho_solid_mix_s;V_NT_water_s;A_NT_s,state,executable,no,canonical,
V5_0073,flotation,1561,10. DCS 具体生成公式和代理防护 / 10.4 浮选 DCS 具体公式,"L_cell_aerated_{s,c}","L_cell_{s,c}/max(1-gas_holdup_{s,c},eps)","L_cell_aerated_{s,c}=L_cell_{s,c}/max(1-gas_holdup_{s,c},eps)","L_cell_{s,c};gas_holdup_{s,c}",state,executable,no,canonical,
V5_0074,tower_mill,1380,10. DCS 具体生成公式和代理防护 / 10.3 塔磨 DCS 具体公式,Liberation_fe_discharge,"Liberation_fe_discharge_prev+(dt/max(tau_mill_residence,eps))*(Liberation_fe_discharge_inst-Liberation_fe_discharge_prev)","Liberation_fe_discharge = Liberation_fe_discharge_prev+(dt/max(tau_mill_residence,eps))*(Liberation_fe_discharge_inst-Liberation_fe_discharge_prev)",Liberation_fe_discharge_prev;tau_mill_residence;Liberation_fe_discharge_inst,derived,executable,no,canonical,
V5_0075,tower_mill,1375,10. DCS 具体生成公式和代理防护 / 10.3 塔磨 DCS 具体公式,Liberation_fe_discharge_inst,"clip(Liberation_fe_sand+k_lib_fe*(E_spec/max(WI_mill,eps))*liberation_potential*(1-Liberation_fe_sand),0,1)","Liberation_fe_discharge_inst = clip(Liberation_fe_sand+k_lib_fe*(E_spec/max(WI_mill,eps))*liberation_potential*(1-Liberation_fe_sand),0,1)",Liberation_fe_sand;k_lib_fe;E_spec;WI_mill;liberation_potential,derived,executable,no,canonical,
V5_0076,tower_mill,1303,10. DCS 具体生成公式和代理防护 / 10.3 塔磨 DCS 具体公式,Liberation_fe_feed,"Liberation_fe_feed_prev+(dt/max(tau_cyc_pool,eps))*(Liberation_fe_feed_in-Liberation_fe_feed_prev)","Liberation_fe_feed = Liberation_fe_feed_prev+(dt/max(tau_cyc_pool,eps))*(Liberation_fe_feed_in-Liberation_fe_feed_prev)",Liberation_fe_feed_prev;tau_cyc_pool;Liberation_fe_feed_in,derived,executable,no,canonical,
V5_0077,tower_mill,1293,10. DCS 具体生成公式和代理防护 / 10.3 塔磨 DCS 具体公式,Liberation_fe_feed_in,"(M_mag_conc_solid*Liberation_fe_mag_conc+M_tm_discharge_solid_prev*Liberation_fe_discharge_prev)/max(M_mag_conc_solid+M_tm_discharge_solid_prev,eps)","Liberation_fe_feed_in = (M_mag_conc_solid*Liberation_fe_mag_conc+M_tm_discharge_solid_prev*Liberation_fe_discharge_prev)/max(M_mag_conc_solid+M_tm_discharge_solid_prev,eps)",M_mag_conc_solid;Liberation_fe_mag_conc;M_tm_discharge_solid_prev;Liberation_fe_discharge_prev,derived,executable,no,canonical,
V5_0078,boundary,361,4. 入口边界因果模型 / ,Liberation_fe_i,"clip( L0_fe - k_L_wi*(WI_i-WI_ref) - k_L_size*(1-F200_i) - k_L_clay*clay_i, 0.1,0.8)","Liberation_fe_i = clip( L0_fe - k_L_wi*(WI_i-WI_ref) - k_L_size*(1-F200_i) - k_L_clay*clay_i, 0.1,0.8)",L0_fe;k_L_wi;WI_i;WI_ref;k_L_size;F200_i;k_L_clay;clay_i,derived,executable,no,canonical,
V5_0079,boundary,409,4. 入口边界因果模型 / ,Liberation_fe_mixed,"sum_i(M_solid_i*Liberation_fe_i)/max(M_solid_mixed,eps)","Liberation_fe_mixed = sum_i(M_solid_i*Liberation_fe_i)/max(M_solid_mixed,eps)",M_solid_i;Liberation_fe_i;M_solid_mixed,derived,executable,no,canonical,
V5_0080,tower_mill,1346,10. DCS 具体生成公式和代理防护 / 10.3 塔磨 DCS 具体公式,Liberation_fe_overflow,"clip(Liberation_fe_feed*k_lib_fe_enrich,Liberation_fe_feed,1.0)","Liberation_fe_overflow = clip(Liberation_fe_feed*k_lib_fe_enrich,Liberation_fe_feed,1.0)",Liberation_fe_feed;k_lib_fe_enrich,derived,executable,no,canonical,
V5_0081,tower_mill,1349,10. DCS 具体生成公式和代理防护 / 10.3 塔磨 DCS 具体公式,Liberation_fe_sand,"clip((Liberation_fe_feed-Liberation_fe_overflow*alpha_ov)/max(1-alpha_ov,eps),0,Liberation_fe_feed)","Liberation_fe_sand = clip((Liberation_fe_feed-Liberation_fe_overflow*alpha_ov)/max(1-alpha_ov,eps),0,Liberation_fe_feed)",Liberation_fe_feed;Liberation_fe_overflow;alpha_ov,derived,executable,no,canonical,
V5_0082,tower_mill,1381,10. DCS 具体生成公式和代理防护 / 10.3 塔磨 DCS 具体公式,Liberation_gangue_discharge,"Liberation_gangue_discharge_prev+(dt/max(tau_mill_residence,eps))*(Liberation_gangue_discharge_inst-Liberation_gangue_discharge_prev)","Liberation_gangue_discharge = Liberation_gangue_discharge_prev+(dt/max(tau_mill_residence,eps))*(Liberation_gangue_discharge_inst-Liberation_gangue_discharge_prev)",Liberation_gangue_discharge_prev;tau_mill_residence;Liberation_gangue_discharge_inst,derived,executable,no,canonical,
V5_0083,tower_mill,1376,10. DCS 具体生成公式和代理防护 / 10.3 塔磨 DCS 具体公式,Liberation_gangue_discharge_inst,"clip(Liberation_gangue_sand+k_lib_g*(E_spec/max(WI_mill,eps))*liberation_potential*(1-Liberation_gangue_sand),0,1)","Liberation_gangue_discharge_inst = clip(Liberation_gangue_sand+k_lib_g*(E_spec/max(WI_mill,eps))*liberation_potential*(1-Liberation_gangue_sand),0,1)",Liberation_gangue_sand;k_lib_g;E_spec;WI_mill;liberation_potential,derived,executable,no,canonical,
V5_0084,tower_mill,1304,10. DCS 具体生成公式和代理防护 / 10.3 塔磨 DCS 具体公式,Liberation_gangue_feed,"Liberation_gangue_feed_prev+(dt/max(tau_cyc_pool,eps))*(Liberation_gangue_feed_in-Liberation_gangue_feed_prev)","Liberation_gangue_feed = Liberation_gangue_feed_prev+(dt/max(tau_cyc_pool,eps))*(Liberation_gangue_feed_in-Liberation_gangue_feed_prev)",Liberation_gangue_feed_prev;tau_cyc_pool;Liberation_gangue_feed_in,derived,executable,no,canonical,
V5_0085,tower_mill,1294,10. DCS 具体生成公式和代理防护 / 10.3 塔磨 DCS 具体公式,Liberation_gangue_feed_in,"(M_mag_conc_solid*Liberation_gangue_mag_conc+M_tm_discharge_solid_prev*Liberation_gangue_discharge_prev)/max(M_mag_conc_solid+M_tm_discharge_solid_prev,eps)","Liberation_gangue_feed_in = (M_mag_conc_solid*Liberation_gangue_mag_conc+M_tm_discharge_solid_prev*Liberation_gangue_discharge_prev)/max(M_mag_conc_solid+M_tm_discharge_solid_prev,eps)",M_mag_conc_solid;Liberation_gangue_mag_conc;M_tm_discharge_solid_prev;Liberation_gangue_discharge_prev,derived,executable,no,canonical,
V5_0086,boundary,368,4. 入口边界因果模型 / ,Liberation_gangue_i,"clip( L0_gangue - k_Lg_wi*(WI_i-WI_ref) - k_Lg_size*(1-F200_i), 0.1,0.8)","Liberation_gangue_i = clip( L0_gangue - k_Lg_wi*(WI_i-WI_ref) - k_Lg_size*(1-F200_i), 0.1,0.8)",L0_gangue;k_Lg_wi;WI_i;WI_ref;k_Lg_size;F200_i,derived,executable,no,canonical,
V5_0087,boundary,410,4. 入口边界因果模型 / ,Liberation_gangue_mixed,"sum_i(M_solid_i*Liberation_gangue_i)/max(M_solid_mixed,eps)","Liberation_gangue_mixed = sum_i(M_solid_i*Liberation_gangue_i)/max(M_solid_mixed,eps)",M_solid_i;Liberation_gangue_i;M_solid_mixed,derived,executable,no,canonical,
V5_0088,tower_mill,1347,10. DCS 具体生成公式和代理防护 / 10.3 塔磨 DCS 具体公式,Liberation_gangue_overflow,"clip(Liberation_gangue_feed*k_lib_g_enrich,Liberation_gangue_feed,1.0)","Liberation_gangue_overflow = clip(Liberation_gangue_feed*k_lib_g_enrich,Liberation_gangue_feed,1.0)",Liberation_gangue_feed;k_lib_g_enrich,derived,executable,no,canonical,
V5_0089,tower_mill,1350,10. DCS 具体生成公式和代理防护 / 10.3 塔磨 DCS 具体公式,Liberation_gangue_sand,"clip((Liberation_gangue_feed-Liberation_gangue_overflow*alpha_ov)/max(1-alpha_ov,eps),0,Liberation_gangue_feed)","Liberation_gangue_sand = clip((Liberation_gangue_feed-Liberation_gangue_overflow*alpha_ov)/max(1-alpha_ov,eps),0,Liberation_gangue_feed)",Liberation_gangue_feed;Liberation_gangue_overflow;alpha_ov,derived,executable,no,canonical,
V5_0090,tower_mill,1416,10. DCS 具体生成公式和代理防护 / 10.3 塔磨 DCS 具体公式,MC1_FET503_AI,meas(Q_water_phys),MC1_FET503_AI = meas(Q_water_phys),meas;Q_water_phys,dcs,executable,yes,canonical,
V5_0091,tower_mill,1423,10. DCS 具体生成公式和代理防护 / 10.3 塔磨 DCS 具体公式,MC1_TM204_HDZC_1_WD_AI,meas(T_bearing1),MC1_TM204_HDZC_1_WD_AI = meas(T_bearing1),meas;T_bearing1,dcs,executable,yes,canonical,
V5_0092,tower_mill,1425,10. DCS 具体生成公式和代理防护 / 10.3 塔磨 DCS 具体公式,MC1_TM204_ZDJ_DZ_A_WD_AI,meas(T_stator_A),MC1_TM204_ZDJ_DZ_A_WD_AI = meas(T_stator_A),meas;T_stator_A,dcs,executable,yes,canonical,
V5_0093,tower_mill,1424,10. DCS 具体生成公式和代理防护 / 10.3 塔磨 DCS 具体公式,MC1_TM206_HDZC_2_WD_AI,meas(T_bearing2),MC1_TM206_HDZC_2_WD_AI = meas(T_bearing2),meas;T_bearing2,dcs,executable,yes,canonical,
V5_0094,tower_mill,1426,10. DCS 具体生成公式和代理防护 / 10.3 塔磨 DCS 具体公式,MC1_TM206_ZDJ_DZ_B_WD_AI,meas(T_stator_B),MC1_TM206_ZDJ_DZ_B_WD_AI = meas(T_stator_B),meas;T_stator_B,dcs,executable,yes,canonical,
V5_0095,flotation,1447,10. DCS 具体生成公式和代理防护 / 10.4 浮选 DCS 具体公式,M_NT_in_solid_s,split_NT_s*M_tm_overflow_solid_delayed,M_NT_in_solid_s = split_NT_s*M_tm_overflow_solid_delayed,split_NT_s;M_tm_overflow_solid_delayed,state,executable,no,canonical,
V5_0096,flotation,1448,10. DCS 具体生成公式和代理防护 / 10.4 浮选 DCS 具体公式,M_NT_in_water_s,split_NT_s*M_tm_overflow_water_delayed,M_NT_in_water_s = split_NT_s*M_tm_overflow_water_delayed,split_NT_s;M_tm_overflow_water_delayed,state,executable,no,canonical,
V5_0097,flotation,1462,10. DCS 具体生成公式和代理防护 / 10.4 浮选 DCS 具体公式,M_NT_under_solid_s,Q_NT_under_s*rho_under_s*C_under_s,M_NT_under_solid_s = Q_NT_under_s*rho_under_s*C_under_s,Q_NT_under_s;rho_under_s;C_under_s,state,executable,no,canonical,
V5_0098,flotation,1463,10. DCS 具体生成公式和代理防护 / 10.4 浮选 DCS 具体公式,M_NT_under_water_s,Q_NT_under_s*rho_under_s*(1-C_under_s),M_NT_under_water_s = Q_NT_under_s*rho_under_s*(1-C_under_s),Q_NT_under_s;rho_under_s;C_under_s,state,executable,no,canonical,
V5_0100,flotation,1615,10. DCS 具体生成公式和代理防护 / 10.4 浮选 DCS 具体公式,"M_cell_j_{s,c}","M_cell_j_prev_{s,c}+dt*dM_cell_j_{s,c}/dt","M_cell_j_{s,c}=M_cell_j_prev_{s,c}+dt*dM_cell_j_{s,c}/dt","M_cell_j_prev_{s,c};dM_cell_j_{s,c}",state,executable,no,canonical,
V5_0101,magnetic,1239,10. DCS 具体生成公式和代理防护 / 10.2 磁选 DCS 具体公式,M_conc_solid,sum_j(conc_j),M_conc_solid = sum_j(conc_j),conc_j,state,executable,no,canonical,
V5_0102,flotation,1622,10. DCS 具体生成公式和代理防护 / 10.4 浮选 DCS 具体公式,M_feed_sp,"clip(M_feed_nom-KWI_feed*(WI-WI_ref)-Ktm_feed*(I_tm_phys-I_tm_ref)-Kfroth_feed*max(h_froth-h_high,0)-Kpool_feed*max(L_pool-L_high,0)+operator_trim_feed+PRBS_feed_rate,M_feed_min,M_feed_max)","M_feed_sp=clip(M_feed_nom-KWI_feed*(WI-WI_ref)-Ktm_feed*(I_tm_phys-I_tm_ref)-Kfroth_feed*max(h_froth-h_high,0)-Kpool_feed*max(L_pool-L_high,0)+operator_trim_feed+PRBS_feed_rate,M_feed_min,M_feed_max)",M_feed_nom;KWI_feed;WI_ref;Ktm_feed;I_tm_phys;I_tm_ref;Kfroth_feed;h_froth;h_high;Kpool_feed;L_pool;L_high;operator_trim_feed;PRBS_feed_rate;M_feed_min;M_feed_max,setpoint,executable,no,canonical,
V5_0103,tower_mill,1358,10. DCS 具体生成公式和代理防护 / 10.3 塔磨 DCS 具体公式,M_mill_water_in,M_tm_sand_water+Q_sand_water_phys*rho_water,M_mill_water_in = M_tm_sand_water+Q_sand_water_phys*rho_water,M_tm_sand_water;Q_sand_water_phys;rho_water,state,executable,no,canonical,
V5_0104,tower_mill,1343,10. DCS 具体生成公式和代理防护 / 10.3 塔磨 DCS 具体公式,M_overflow,M_tm_overflow_solid,M_overflow = M_tm_overflow_solid,M_tm_overflow_solid,state,executable,no,canonical,
V5_0107,tower_mill,1335,10. DCS 具体生成公式和代理防护 / 10.3 塔磨 DCS 具体公式,M_sand,M_tm_sand_solid,M_sand = M_tm_sand_solid,M_tm_sand_solid,state,executable,no,canonical,
V5_0110,global,178,2. 全局变量分类 / 2.2 隐藏物料状态,M_solid,Fe_total+Gangue,M_solid = Fe_total+Gangue,Fe_total;Gangue,state,definition,no,canonical,
V5_0111,boundary,318,4. 入口边界因果模型 / ,M_solid_i,M_wet_i*C_i,M_solid_i = M_wet_i*C_i,M_wet_i;C_i,state,executable,no,canonical,
V5_0112,boundary,380,4. 入口边界因果模型 / ,M_solid_mixed,M_wet_1*C_1 + M_wet_2*C_2 + M_wet_3*C_3,M_solid_mixed = M_wet_1*C_1 + M_wet_2*C_2 + M_wet_3*C_3,M_wet_1;M_wet_2;M_wet_3,state,executable,no,canonical,
V5_0113,tower_mill,1333,10. DCS 具体生成公式和代理防护 / 10.3 塔磨 DCS 具体公式,M_tm_overflow_solid,feed_solid*alpha_ov,M_tm_overflow_solid = feed_solid*alpha_ov,feed_solid;alpha_ov,state,executable,no,canonical,
V5_0114,tower_mill,1337,10. DCS 具体生成公式和代理防护 / 10.3 塔磨 DCS 具体公式,M_tm_overflow_water,feed_water*alpha_ov_water,M_tm_overflow_water = feed_water*alpha_ov_water,feed_water;alpha_ov_water,state,executable,no,canonical,
V5_0115,tower_mill,1334,10. DCS 具体生成公式和代理防护 / 10.3 塔磨 DCS 具体公式,M_tm_sand_solid,feed_solid-M_tm_overflow_solid,M_tm_sand_solid = feed_solid-M_tm_overflow_solid,feed_solid;M_tm_overflow_solid,state,executable,no,canonical,
V5_0116,tower_mill,1338,10. DCS 具体生成公式和代理防护 / 10.3 塔磨 DCS 具体公式,M_tm_sand_water,feed_water-M_tm_overflow_water,M_tm_sand_water = feed_water-M_tm_overflow_water,feed_water;M_tm_overflow_water,state,executable,no,canonical,
V5_0117,global,199,2. 全局变量分类 / 2.2 隐藏物料状态,M_water,M_wet-M_solid,M_water = M_wet-M_solid,M_wet;M_solid,state,definition,no,canonical,
V5_0118,boundary,319,4. 入口边界因果模型 / ,M_water_i,M_wet_i-M_solid_i,M_water_i = M_wet_i-M_solid_i,M_wet_i;M_solid_i,state,executable,no,canonical,
V5_0119,boundary,381,4. 入口边界因果模型 / ,M_water_mixed,M_water_1 + M_water_2 + M_water_3,M_water_mixed = M_water_1 + M_water_2 + M_water_3,M_water_1;M_water_2;M_water_3,state,executable,no,canonical,
V5_0120,global,198,2. 全局变量分类 / 2.2 隐藏物料状态,M_wet,"M_solid/max(C,eps)","M_wet = M_solid/max(C,eps)",M_solid,state,definition,no,canonical,
V5_0121,boundary,316,4. 入口边界因果模型 / ,M_wet_i,"availability_i*clip(M_nom_i+xi_common+xi_i,M_min_i,M_max_i)","M_wet_i = availability_i*clip(M_nom_i+xi_common+xi_i,M_min_i,M_max_i)",availability_i;M_nom_i;xi_common;xi_i;M_min_i;M_max_i,state,executable,no,canonical,
V5_0122,boundary,382,4. 入口边界因果模型 / ,M_wet_mixed,M_solid_mixed + M_water_mixed,M_wet_mixed = M_solid_mixed + M_water_mixed,M_solid_mixed;M_water_mixed,state,executable,no,canonical,
V5_0123,magnetic,1255,10. DCS 具体生成公式和代理防护 / 10.2 磁选 DCS 具体公式,N_flush_open,"clip(round(N_flush_base+Kclog_flush_N*matrix_clog+Kload_flush_N*Q_feed/max(Q_ref,eps)),N_flush_min,N_flush_max)","N_flush_open = clip(round(N_flush_base+Kclog_flush_N*matrix_clog+Kload_flush_N*Q_feed/max(Q_ref,eps)),N_flush_min,N_flush_max)",N_flush_base;Kclog_flush_N;matrix_clog;Kload_flush_N;Q_feed;Q_ref;N_flush_min;N_flush_max,derived,executable,no,canonical,
V5_0125,flotation,1525,10. DCS 具体生成公式和代理防护 / 10.4 浮选 DCS 具体公式,OH_effect_s,k_naoh_oh*dose_naoh_kg_t_s+k_cao_oh*dose_cao_kg_t_s,OH_effect_s=k_naoh_oh*dose_naoh_kg_t_s+k_cao_oh*dose_cao_kg_t_s,k_naoh_oh;dose_naoh_kg_t_s;k_cao_oh;dose_cao_kg_t_s,derived,executable,no,canonical,
V5_0126,flotation,1670,10. DCS 具体生成公式和代理防护 / 10.4 浮选 DCS 具体公式,P_aux_series1,50.0,P_aux_series1 = 50.0,,equipment_signal,executable,no,canonical,
V5_0127,flotation,1671,10. DCS 具体生成公式和代理防护 / 10.4 浮选 DCS 具体公式,P_aux_series2,50.0,P_aux_series2 = 50.0,,equipment_signal,executable,no,canonical,
V5_0128,flotation,1546,10. DCS 具体生成公式和代理防护 / 10.4 浮选 DCS 具体公式,P_blower_curve_b,"clip(a_fan_b*blower_speed_b^2-b_fan_b*Q_blower_b^2, P_blower_pressure_min_b, P_blower_pressure_max_b)","P_blower_curve_b = clip(a_fan_b*blower_speed_b^2-b_fan_b*Q_blower_b^2, P_blower_pressure_min_b, P_blower_pressure_max_b)",a_fan_b;blower_speed_b;b_fan_b;Q_blower_b;P_blower_pressure_min_b;P_blower_pressure_max_b,equipment_signal,executable,no,canonical,
V5_0129,flotation,1660,10. DCS 具体生成公式和代理防护 / 10.4 浮选 DCS 具体公式,P_blower_power_b,sqrt(3)*V_blower_b*I_blower_phys_b*pf_blower_b/1000,P_blower_power_b=sqrt(3)*V_blower_b*I_blower_phys_b*pf_blower_b/1000,V_blower_b;I_blower_phys_b;pf_blower_b,equipment_signal,executable,no,canonical,
V5_0130,flotation,1661,10. DCS 具体生成公式和代理防护 / 10.4 浮选 DCS 具体公式,P_blower_power_total,sum_b(P_blower_power_b),P_blower_power_total=sum_b(P_blower_power_b),sum_b;P_blower_power_b,equipment_signal,executable,no,canonical,
V5_0131,flotation,1549,10. DCS 具体生成公式和代理防护 / 10.4 浮选 DCS 具体公式,P_blower_pressure_b,"clip(P_header+k_blower_discharge_drop_b*Q_blower_b^2, P_blower_pressure_min_b, P_blower_pressure_max_b)","P_blower_pressure_b = clip(P_header+k_blower_discharge_drop_b*Q_blower_b^2, P_blower_pressure_min_b, P_blower_pressure_max_b)",P_header;k_blower_discharge_drop_b;Q_blower_b;P_blower_pressure_min_b;P_blower_pressure_max_b,equipment_signal,executable,no,canonical,
V5_0132,flotation,1551,10. DCS 具体生成公式和代理防护 / 10.4 浮选 DCS 具体公式,P_blower_shaft_kW_b,"Q_blower_b*DeltaP_blower_Pa_b/max(eta_fan_b,eps)/1000","P_blower_shaft_kW_b = Q_blower_b*DeltaP_blower_Pa_b/max(eta_fan_b,eps)/1000",Q_blower_b;DeltaP_blower_Pa_b;eta_fan_b,equipment_signal,executable,no,canonical,
V5_0133,flotation,1657,10. DCS 具体生成公式和代理防护 / 10.4 浮选 DCS 具体公式,"P_cell_motor_{s,c}","sqrt(3)*V_cell_motor*I_cell_motor_phys_{s,c}*pf_cell*eta_cell/1000","P_cell_motor_{s,c}=sqrt(3)*V_cell_motor*I_cell_motor_phys_{s,c}*pf_cell*eta_cell/1000","V_cell_motor;I_cell_motor_phys_{s,c};pf_cell;eta_cell",equipment_signal,executable,no,canonical,
V5_0134,flotation,1554,10. DCS 具体生成公式和代理防护 / 10.4 浮选 DCS 具体公式,"P_cell_{s,c}","P_amb_pressure+rho_slurry_s*g*L_cell_{s,c}/1e6+k_froth_pressure*h_froth_{s,c}","P_cell_{s,c}=P_amb_pressure+rho_slurry_s*g*L_cell_{s,c}/1e6+k_froth_pressure*h_froth_{s,c}","P_amb_pressure;rho_slurry_s;g;L_cell_{s,c};e6;k_froth_pressure;h_froth_{s,c}",equipment_signal,executable,no,canonical,
V5_0135,magnetic,1219,10. DCS 具体生成公式和代理防护 / 10.2 磁选 DCS 具体公式,P_coil_loss,I_exc^2*R_coil,P_coil_loss = I_exc^2*R_coil,I_exc;R_coil,equipment_signal,executable,no,canonical,
V5_0136,tower_mill,1316,10. DCS 具体生成公式和代理防护 / 10.3 塔磨 DCS 具体公式,P_cyc,"clip(kP*rho_feed*(Q_pump/max(N_cyc_on,1))^2,P_min,P_max)","P_cyc = clip(kP*rho_feed*(Q_pump/max(N_cyc_on,1))^2,P_min,P_max)",kP;rho_feed;Q_pump;N_cyc_on;P_min;P_max,equipment_signal,executable,no,canonical,
V5_0137,tower_mill,1312,10. DCS 具体生成公式和代理防护 / 10.3 塔磨 DCS 具体公式,P_cyc_lag,"delay(P_cyc,L_pump_pressure)","P_cyc_lag = delay(P_cyc,L_pump_pressure)",P_cyc;L_pump_pressure,equipment_signal,executable,no,canonical,
V5_0138,flotation,1659,10. DCS 具体生成公式和代理防护 / 10.4 浮选 DCS 具体公式,"P_drug_pump_{s,j}","sqrt(3)*V_drug_pump*I_drug_j_phys_{s,j}*pf_drug*eta_drug/1000","P_drug_pump_{s,j}=sqrt(3)*V_drug_pump*I_drug_j_phys_{s,j}*pf_drug*eta_drug/1000","V_drug_pump;I_drug_j_phys_{s,j};pf_drug;eta_drug",equipment_signal,executable,no,canonical,
V5_0139,magnetic,1263,10. DCS 具体生成公式和代理防护 / 10.2 磁选 DCS 具体公式,P_flush_phys,"max(water_pressure-k_flush_Q*Q_flush-k_flush_open*N_flush_open,0)","P_flush_phys = max(water_pressure-k_flush_Q*Q_flush-k_flush_open*N_flush_open,0)",water_pressure;k_flush_Q;Q_flush;k_flush_open;N_flush_open,physical_signal,executable,no,canonical,
V5_0140,flotation,1548,10. DCS 具体生成公式和代理防护 / 10.4 浮选 DCS 具体公式,P_header,P_header_ss+(P_header_prev-P_header_ss)*exp(-dt/tau_header_pressure),P_header = P_header_ss+(P_header_prev-P_header_ss)*exp(-dt/tau_header_pressure),P_header_ss;P_header_prev;tau_header_pressure,equipment_signal,executable,no,canonical,
V5_0141,flotation,1537,10. DCS 具体生成公式和代理防护 / 10.4 浮选 DCS 具体公式,P_header_sp,"clip(P_header_nom+Kair_header*(sum_{s,c}(Q_air_sp_{s,c})-Q_air_total_ref)+Kvalve_header*(u_bv_ref-mean_{s,c}(u_bv_{s,c})),P_header_min,P_header_max)","P_header_sp = clip(P_header_nom+Kair_header*(sum_{s,c}(Q_air_sp_{s,c})-Q_air_total_ref)+Kvalve_header*(u_bv_ref-mean_{s,c}(u_bv_{s,c})),P_header_min,P_header_max)","P_header_nom;Kair_header;sum_{s,c};Q_air_sp_{s,c};Q_air_total_ref;Kvalve_header;u_bv_ref;mean_{s,c};u_bv_{s,c};P_header_min;P_header_max",setpoint,executable,no,canonical,
V5_0142,flotation,1547,10. DCS 具体生成公式和代理防护 / 10.4 浮选 DCS 具体公式,P_header_ss,"clip(weighted_mean_b(P_blower_curve_b, blower_load_share_b)-header_resistance*Q_air_total^2, P_header_min, P_header_max)","P_header_ss = clip(weighted_mean_b(P_blower_curve_b, blower_load_share_b)-header_resistance*Q_air_total^2, P_header_min, P_header_max)",weighted_mean_b;P_blower_curve_b;blower_load_share_b;header_resistance;Q_air_total;P_header_min;P_header_max,equipment_signal,executable,no,canonical,
V5_0143,tower_mill,1370,10. DCS 具体生成公式和代理防护 / 10.3 塔磨 DCS 具体公式,P_mech,P_mech_ss+(P_mech_prev-P_mech_ss)*exp(-dt/tau_P),P_mech = P_mech_ss+(P_mech_prev-P_mech_ss)*exp(-dt/tau_P),P_mech_ss;P_mech_prev;tau_P,equipment_signal,executable,no,canonical,
V5_0144,tower_mill,1369,10. DCS 具体生成公式和代理防护 / 10.3 塔磨 DCS 具体公式,P_mech_ss,P_idle+P_media+kM*M_sand*(1+grind_difficulty),P_mech_ss = P_idle+P_media+kM*M_sand*(1+grind_difficulty),P_idle;P_media;kM;M_sand;grind_difficulty,equipment_signal,executable,no,canonical,
V5_0145,flotation,1658,10. DCS 具体生成公式和代理防护 / 10.4 浮选 DCS 具体公式,"P_pool_pump_{s,k}","sqrt(3)*V_pool_pump*I_pool_phys_{s,k}*pf_pool*eta_pool/1000","P_pool_pump_{s,k}=sqrt(3)*V_pool_pump*I_pool_phys_{s,k}*pf_pool*eta_pool/1000","V_pool_pump;I_pool_phys_{s,k};pf_pool;eta_pool",equipment_signal,executable,no,canonical,
V5_0146,flotation,1672,10. DCS 具体生成公式和代理防护 / 10.4 浮选 DCS 具体公式,P_series1,sum_cell_power_s1+sum_pool_power_s1+sum_drug_power_s1+blower_power_share1+P_aux_series1,P_series1=sum_cell_power_s1+sum_pool_power_s1+sum_drug_power_s1+blower_power_share1+P_aux_series1,sum_cell_power_s1;sum_pool_power_s1;sum_drug_power_s1;blower_power_share1;P_aux_series1,equipment_signal,executable,no,canonical,
V5_0147,flotation,1673,10. DCS 具体生成公式和代理防护 / 10.4 浮选 DCS 具体公式,P_series2,sum_cell_power_s2+sum_pool_power_s2+sum_drug_power_s2+blower_power_share2+P_aux_series2,P_series2=sum_cell_power_s2+sum_pool_power_s2+sum_drug_power_s2+blower_power_share2+P_aux_series2,sum_cell_power_s2;sum_pool_power_s2;sum_drug_power_s2;blower_power_share2;P_aux_series2,equipment_signal,executable,no,canonical,
V5_0148,flotation,1446,10. DCS 具体生成公式和代理防护 / 10.4 浮选 DCS 具体公式,Q_NT_in_s,split_NT_s*Q_tm_overflow_delayed,Q_NT_in_s = split_NT_s*Q_tm_overflow_delayed,split_NT_s;Q_tm_overflow_delayed,flow,executable,no,canonical,
V5_0149,flotation,1461,10. DCS 具体生成公式和代理防护 / 10.4 浮选 DCS 具体公式,Q_NT_under_s,"k_NT_under*u_NT_under_s*sqrt(max(L_NT_s,0))","Q_NT_under_s = k_NT_under*u_NT_under_s*sqrt(max(L_NT_s,0))",k_NT_under;u_NT_under_s;L_NT_s,flow,executable,no,canonical,
V5_0152,flotation,1535,10. DCS 具体生成公式和代理防护 / 10.4 浮选 DCS 具体公式,"Q_air_sp_{s,c}","clip(Q_air_nom_c+Kh_c*(h_ref_c-h_froth_lag_{s,c})+Kload_c*(M_feed_solid_s-M_ref)+Khydro_c*(hydrophobic_load_{s,c}-hydro_ref_c)+Kdensity_c*(C_s-C_ref)+operator_trim_air_{s,c}+PRBS_air_{s,c},Q_air_min_c,Q_air_max_c)","Q_air_sp_{s,c}=clip(Q_air_nom_c+Kh_c*(h_ref_c-h_froth_lag_{s,c})+Kload_c*(M_feed_solid_s-M_ref)+Khydro_c*(hydrophobic_load_{s,c}-hydro_ref_c)+Kdensity_c*(C_s-C_ref)+operator_trim_air_{s,c}+PRBS_air_{s,c},Q_air_min_c,Q_air_max_c)","Q_air_nom_c;Kh_c;h_ref_c;h_froth_lag_{s,c};Kload_c;M_feed_solid_s;M_ref;Khydro_c;hydrophobic_load_{s,c};hydro_ref_c;Kdensity_c;C_s;C_ref;operator_trim_air_{s,c};PRBS_air_{s,c};Q_air_min_c;Q_air_max_c",flow,executable,no,canonical,
V5_0153,flotation,1538,10. DCS 具体生成公式和代理防护 / 10.4 浮选 DCS 具体公式,Q_air_total,"sum_{s,c}(Q_air_{s,c})","Q_air_total = sum_{s,c}(Q_air_{s,c})","sum_{s,c};Q_air_{s,c}",flow,executable,no,canonical,
V5_0154,flotation,1557,10. DCS 具体生成公式和代理防护 / 10.4 浮选 DCS 具体公式,"Q_air_{s,c}","C_orifice_c*u_bv_{s,c}*sqrt(max(P_header-P_cell_{s,c},0))","Q_air_{s,c}=C_orifice_c*u_bv_{s,c}*sqrt(max(P_header-P_cell_{s,c},0))","C_orifice_c;u_bv_{s,c};P_header;P_cell_{s,c}",flow,executable,no,canonical,
V5_0155,flotation,1543,10. DCS 具体生成公式和代理防护 / 10.4 浮选 DCS 具体公式,Q_blower_b,blower_load_share_b*Q_air_total,Q_blower_b = blower_load_share_b*Q_air_total,blower_load_share_b;Q_air_total,flow,executable,no,canonical,
V5_0156,magnetic,1241,10. DCS 具体生成公式和代理防护 / 10.2 磁选 DCS 具体公式,Q_conc,M_conc_solid/rho_solid_mix+Q_conc_water,Q_conc = M_conc_solid/rho_solid_mix+Q_conc_water,M_conc_solid;rho_solid_mix;Q_conc_water,flow,executable,no,canonical,
V5_0157,magnetic,1240,10. DCS 具体生成公式和代理防护 / 10.2 磁选 DCS 具体公式,Q_conc_water,"Q_feed_water*clip(k_w0+k_w_clog*matrix_clog,0.05,0.3)","Q_conc_water = Q_feed_water*clip(k_w0+k_w_clog*matrix_clog,0.05,0.3)",Q_feed_water;k_w0;k_w_clog;matrix_clog,flow,executable,no,canonical,
V5_0158,magnetic,1220,10. DCS 具体生成公式和代理防护 / 10.2 磁选 DCS 具体公式,Q_cooling_water,"k_pipe_cooling*sqrt(max(water_pressure,0))","Q_cooling_water = k_pipe_cooling*sqrt(max(water_pressure,0))",k_pipe_cooling;water_pressure,flow,executable,no,canonical,
V5_0159,flotation,1623,10. DCS 具体生成公式和代理防护 / 10.4 浮选 DCS 具体公式,Q_feed_meter_phys,Q_feed_s1_total+Q_feed_s2_total,Q_feed_meter_phys = Q_feed_s1_total+Q_feed_s2_total,Q_feed_s1_total;Q_feed_s2_total,physical_signal,executable,no,manual_override,"Manual override: feed meter follows actual thickener underflow to flotation, not a setpoint-only proxy."
V5_0160,flotation,1625,10. DCS 具体生成公式和代理防护 / 10.4 浮选 DCS 具体公式,Q_feed_s1_total,Q_NT_under_s1,Q_feed_s1_total = Q_NT_under_s1,Q_NT_under_s1,flow,executable,no,manual_override,Manual override: series 1 flotation feed is thickener underflow.
V5_0161,flotation,1626,10. DCS 具体生成公式和代理防护 / 10.4 浮选 DCS 具体公式,Q_feed_s2_total,Q_NT_under_s2,Q_feed_s2_total = Q_NT_under_s2,Q_NT_under_s2,flow,executable,no,manual_override,Manual override: series 2 flotation feed is thickener underflow.
V5_0162,magnetic,1262,10. DCS 具体生成公式和代理防护 / 10.2 磁选 DCS 具体公式,Q_flush,"Cv_flush*u_flush*sqrt(max(water_pressure,0))*N_flush_open","Q_flush = Cv_flush*u_flush*sqrt(max(water_pressure,0))*N_flush_open",Cv_flush;u_flush;water_pressure;N_flush_open,flow,executable,no,canonical,
V5_0164,flotation,1619,10. DCS 具体生成公式和代理防护 / 10.4 浮选 DCS 具体公式,"Q_froth_cell_{s,c}","sum_j(froth_j_{s,c})/max(rho_froth_mix_{s,c},eps)","Q_froth_cell_{s,c}=sum_j(froth_j_{s,c})/max(rho_froth_mix_{s,c},eps)","froth_j_{s,c};rho_froth_mix_{s,c}",flow,executable,no,canonical,
V5_0165,flotation,1629,10. DCS 具体生成公式和代理防护 / 10.4 浮选 DCS 具体公式,Q_ft_s1_1701_phys,Q_feed_s1_total*split_s1_meter1,Q_ft_s1_1701_phys = Q_feed_s1_total*split_s1_meter1,Q_feed_s1_total;split_s1_meter1,physical_signal,executable,no,canonical,
V5_0166,flotation,1630,10. DCS 具体生成公式和代理防护 / 10.4 浮选 DCS 具体公式,Q_ft_s1_1702_phys,Q_feed_s1_total*(1-split_s1_meter1),Q_ft_s1_1702_phys = Q_feed_s1_total*(1-split_s1_meter1),Q_feed_s1_total;split_s1_meter1,physical_signal,executable,no,canonical,
V5_0167,flotation,1631,10. DCS 具体生成公式和代理防护 / 10.4 浮选 DCS 具体公式,Q_ft_s2_2701_phys,Q_feed_s2_total*split_s2_meter1,Q_ft_s2_2701_phys = Q_feed_s2_total*split_s2_meter1,Q_feed_s2_total;split_s2_meter1,physical_signal,executable,no,canonical,
V5_0168,flotation,1632,10. DCS 具体生成公式和代理防护 / 10.4 浮选 DCS 具体公式,Q_ft_s2_2702_phys,Q_feed_s2_total*(1-split_s2_meter1),Q_ft_s2_2702_phys = Q_feed_s2_total*(1-split_s2_meter1),Q_feed_s2_total;split_s2_meter1,physical_signal,executable,no,canonical,
V5_0169,flotation,1574,10. DCS 具体生成公式和代理防护 / 10.4 浮选 DCS 具体公式,"Q_in_cell_{s,cx1}",Q_feed_s,"Q_in_cell_{s,cx1}=Q_feed_s",Q_feed_s,flow,executable,no,canonical,
V5_0170,flotation,1575,10. DCS 具体生成公式和代理防护 / 10.4 浮选 DCS 具体公式,"Q_in_cell_{s,cx2}","Q_out_cell_{s,cx1}","Q_in_cell_{s,cx2}=Q_out_cell_{s,cx1}","Q_out_cell_{s,cx1}",flow,executable,no,canonical,
V5_0171,flotation,1576,10. DCS 具体生成公式和代理防护 / 10.4 浮选 DCS 具体公式,"Q_in_cell_{s,cx3}","Q_out_cell_{s,cx2}","Q_in_cell_{s,cx3}=Q_out_cell_{s,cx2}","Q_out_cell_{s,cx2}",flow,executable,no,canonical,
V5_0172,flotation,1577,10. DCS 具体生成公式和代理防护 / 10.4 浮选 DCS 具体公式,"Q_in_cell_{s,jx}",Q_rougher_froth_s,"Q_in_cell_{s,jx}=Q_rougher_froth_s",Q_rougher_froth_s,flow,executable,no,canonical,
V5_0173,flotation,1578,10. DCS 具体生成公式和代理防护 / 10.4 浮选 DCS 具体公式,"Q_in_cell_{s,sx1}",Q_rougher_tail_s,"Q_in_cell_{s,sx1}=Q_rougher_tail_s",Q_rougher_tail_s,flow,executable,no,canonical,
V5_0174,flotation,1579,10. DCS 具体生成公式和代理防护 / 10.4 浮选 DCS 具体公式,"Q_in_cell_{s,sx2}",Q_scav1_tail_s,"Q_in_cell_{s,sx2}=Q_scav1_tail_s",Q_scav1_tail_s,flow,executable,no,canonical,
V5_0175,flotation,1580,10. DCS 具体生成公式和代理防护 / 10.4 浮选 DCS 具体公式,"Q_in_cell_{s,sx3}",Q_scav2_tail_s,"Q_in_cell_{s,sx3}=Q_scav2_tail_s",Q_scav2_tail_s,flow,executable,no,canonical,
V5_0176,flotation,1634,10. DCS 具体生成公式和代理防护 / 10.4 浮选 DCS 具体公式,"Q_in_pool_{s,1}",Q_cleaner_tail_s+Q_scav1_conc_s,"Q_in_pool_{s,1}=Q_cleaner_tail_s+Q_scav1_conc_s",Q_cleaner_tail_s;Q_scav1_conc_s,flow,executable,no,canonical,
V5_0177,flotation,1635,10. DCS 具体生成公式和代理防护 / 10.4 浮选 DCS 具体公式,"Q_in_pool_{s,2}",Q_scav2_conc_s+Q_scav3_conc_s,"Q_in_pool_{s,2}=Q_scav2_conc_s+Q_scav3_conc_s",Q_scav2_conc_s;Q_scav3_conc_s,flow,executable,no,canonical,
V5_0178,flotation,1636,10. DCS 具体生成公式和代理防护 / 10.4 浮选 DCS 具体公式,"Q_in_pool_{s,3}",Q_final_tail_s,"Q_in_pool_{s,3}=Q_final_tail_s",Q_final_tail_s,flow,executable,no,canonical,
V5_0180,flotation,1511,10. DCS 具体生成公式和代理防护 / 10.4 浮选 DCS 具体公式,Q_k6_consumption_s,k_k6_pump*f_k6_rough_s,Q_k6_consumption_s = k_k6_pump*f_k6_rough_s,k_k6_pump;f_k6_rough_s,flow,executable,no,canonical,
V5_0181,flotation,1513,10. DCS 具体生成公式和代理防护 / 10.4 浮选 DCS 具体公式,Q_k6_refill_s,event_k6_refill_s*Q_refill_nom,Q_k6_refill_s = event_k6_refill_s*Q_refill_nom,event_k6_refill_s;Q_refill_nom,flow,executable,no,canonical,
V5_0183,flotation,1584,10. DCS 具体生成公式和代理防护 / 10.4 浮选 DCS 具体公式,"Q_out_cell_{s,c}","Cv_lv_c*u_lv_fb_{s,c}*sqrt(max(L_cell_{s,c},0))","Q_out_cell_{s,c}=Cv_lv_c*u_lv_fb_{s,c}*sqrt(max(L_cell_{s,c},0))","Cv_lv_c;u_lv_fb_{s,c};L_cell_{s,c}",flow,executable,no,canonical,
V5_0185,flotation,1610,10. DCS 具体生成公式和代理防护 / 10.4 浮选 DCS 具体公式,"Q_out_solid_{s,c}","Q_out_cell_{s,c}*rho_slurry_s*C_s","Q_out_solid_{s,c}=Q_out_cell_{s,c}*rho_slurry_s*C_s","Q_out_cell_{s,c};rho_slurry_s;C_s",flow,executable,no,canonical,
V5_0186,tower_mill,1403,10. DCS 具体生成公式和代理防护 / 10.3 塔磨 DCS 具体公式,Q_ov_pump,"k_ov*f_ov_pump_sp*sqrt(max(L_ov_pool,0))","Q_ov_pump = k_ov*f_ov_pump_sp*sqrt(max(L_ov_pool,0))",k_ov;f_ov_pump_sp;L_ov_pool,flow,executable,no,canonical,
V5_0187,tower_mill,1339,10. DCS 具体生成公式和代理防护 / 10.3 塔磨 DCS 具体公式,Q_overflow,M_tm_overflow_solid/rho_solid_mix + M_tm_overflow_water/rho_water,Q_overflow = M_tm_overflow_solid/rho_solid_mix + M_tm_overflow_water/rho_water,M_tm_overflow_solid;rho_solid_mix;M_tm_overflow_water;rho_water,flow,executable,no,canonical,
V5_0188,tower_mill,1315,10. DCS 具体生成公式和代理防护 / 10.3 塔磨 DCS 具体公式,Q_pump,"k_pump*f_pump*(1-exp(-max(L_pool,0)/max(L_min_safe,eps)))*health_pump","Q_pump = k_pump*f_pump*(1-exp(-max(L_pool,0)/max(L_min_safe,eps)))*health_pump",k_pump;f_pump;L_pool;L_min_safe;health_pump,flow,executable,no,canonical,
V5_0189,flotation,1640,10. DCS 具体生成公式和代理防护 / 10.4 浮选 DCS 具体公式,"Q_pump_pool_{s,k}","k_pool_pump_k*f_pool_{s,k}*sqrt(max(L_pool_{s,k},0))*health_pool_pump_{s,k}","Q_pump_pool_{s,k}=k_pool_pump_k*f_pool_{s,k}*sqrt(max(L_pool_{s,k},0))*health_pool_pump_{s,k}","k_pool_pump_k;f_pool_{s,k};L_pool_{s,k};health_pool_pump_{s,k}",flow,executable,no,canonical,
V5_0190,tower_mill,1326,10. DCS 具体生成公式和代理防护 / 10.3 塔磨 DCS 具体公式,Q_sand_water_phys,"Cv_sand*u_sand*sqrt(max(water_pressure,0))","Q_sand_water_phys = Cv_sand*u_sand*sqrt(max(water_pressure,0))",Cv_sand;u_sand;water_pressure,physical_signal,executable,no,canonical,
V5_0191,magnetic,1252,10. DCS 具体生成公式和代理防护 / 10.2 磁选 DCS 具体公式,Q_tail,Q_tail_1+Q_tail_2,Q_tail = Q_tail_1+Q_tail_2,Q_tail_1;Q_tail_2,flow,executable,no,canonical,
V5_0192,magnetic,1250,10. DCS 具体生成公式和代理防护 / 10.2 磁选 DCS 具体公式,Q_tail_1,"Cv_tail1*u_tail*sqrt(max(L_mag,0)/max(specific_gravity,eps))","Q_tail_1 = Cv_tail1*u_tail*sqrt(max(L_mag,0)/max(specific_gravity,eps))",Cv_tail1;u_tail;L_mag;specific_gravity,flow,executable,no,canonical,
V5_0193,magnetic,1251,10. DCS 具体生成公式和代理防护 / 10.2 磁选 DCS 具体公式,Q_tail_2,"Cv_tail2*u_tail_2*sqrt(max(L_mag,0)/max(specific_gravity,eps))","Q_tail_2 = Cv_tail2*u_tail_2*sqrt(max(L_mag,0)/max(specific_gravity,eps))",Cv_tail2;u_tail_2;L_mag;specific_gravity,flow,executable,no,canonical,
V5_0194,tower_mill,1341,10. DCS 具体生成公式和代理防护 / 10.3 塔磨 DCS 具体公式,Q_tm_overflow,Q_overflow,Q_tm_overflow = Q_overflow,Q_overflow,flow,executable,no,canonical,
V5_0195,tower_mill,1321,10. DCS 具体生成公式和代理防护 / 10.3 塔磨 DCS 具体公式,Q_water_phys,"Cv_water*u_water*sqrt(max(water_pressure,0))","Q_water_phys = Cv_water*u_water*sqrt(max(water_pressure,0))",Cv_water;u_water;water_pressure,physical_signal,executable,no,canonical,
V5_0196,flotation,1500,10. DCS 具体生成公式和代理防护 / 10.4 浮选 DCS 具体公式,"Q_{s,j}_ml_s","max(k_pump_j*f_{s,j}*health_{s,j},0)","Q_{s,j}_ml_s = max(k_pump_j*f_{s,j}*health_{s,j},0)","k_pump_j;f_{s,j};health_{s,j}",flow,executable,no,canonical,
V5_0197,magnetic,1217,10. DCS 具体生成公式和代理防护 / 10.2 磁选 DCS 具体公式,R_coil,R0_coil*(1+alpha_Cu*(T_coil-T_ref)),R_coil = R0_coil*(1+alpha_Cu*(T_coil-T_ref)),R0_coil;alpha_Cu;T_coil;T_ref,derived,executable,no,canonical,
V5_0199,flotation,1588,10. DCS 具体生成公式和代理防护 / 10.4 浮选 DCS 具体公式,"R_froth_zone_{s,c}","clip( sigmoid(k_lip_c*lip_clearance_{s,c})*h_froth_{s,c}/max(h_froth_target_c,eps), 0,1)","R_froth_zone_{s,c}=clip( sigmoid(k_lip_c*lip_clearance_{s,c})*h_froth_{s,c}/max(h_froth_target_c,eps), 0,1)","k_lip_c;lip_clearance_{s,c};h_froth_{s,c};h_froth_target_c",derived,executable,no,canonical,
V5_0200,magnetic,533,5. 磁选因果模型 / 5.3 分选公式,R_hm_j,"clip(capture_j*E_pulse*E_ring*E_level,0,Rmax_j)","R_hm_j=clip(capture_j*E_pulse*E_ring*E_level,0,Rmax_j)",capture_j;E_pulse;E_ring;E_level;Rmax_j,derived,executable,no,manual_promoted,Manually promoted from concept/reference coverage review into executable formulas.
V5_0202,flotation,1611,10. DCS 具体生成公式和代理防护 / 10.4 浮选 DCS 具体公式,"R_j_{s,c}","clip(1-exp(-k_float_j_{s,c}*tau_stage_h_{s,c}),0,Rmax_j_c)*R_froth_zone_{s,c}","R_j_{s,c}=clip(1-exp(-k_float_j_{s,c}*tau_stage_h_{s,c}),0,Rmax_j_c)*R_froth_zone_{s,c}","k_float_j_{s,c};tau_stage_h_{s,c};Rmax_j_c;R_froth_zone_{s,c}",derived,executable,no,canonical,
V5_0203,global,159,2. 全局变量分类 / 2.2 隐藏物料状态,Stream,"{ M_solid, M_water, C, Fe_mag, Fe_hem, Fe_carb, Fe_sil, Gangue, FeO_proxy, TFe, F200, F325, f25, d80, Liberation_fe, Liberation_gangue, WI, clay, T_slurry, rho_solid_mix, mu_slurry, buffer_capacity, hydrophobic_potential","Stream = { M_solid, M_water, C, Fe_mag, Fe_hem, Fe_carb, Fe_sil, Gangue, FeO_proxy, TFe, F200, F325, f25, d80, Liberation_fe, Liberation_gangue, WI, clay, T_slurry, rho_solid_mix, mu_slurry, buffer_capacity, hydrophobic_potential",M_solid;M_water;Fe_mag;Fe_hem;Fe_carb;Fe_sil;Gangue;FeO_proxy;TFe;F200;F325;f25;d80;Liberation_fe;Liberation_gangue;clay;T_slurry;rho_solid_mix;mu_slurry;buffer_capacity;hydrophobic_potential,derived,definition,no,canonical,
V5_0204,global,179,2. 全局变量分类 / 2.2 隐藏物料状态,TFe,"Fe_total/max(M_solid,eps)","TFe = Fe_total/max(M_solid,eps)",Fe_total;M_solid,derived,definition,no,canonical,
V5_0205,boundary,320,4. 入口边界因果模型 / ,TFe_i,"clip(G_base_i+k_mag_G*(r_mag_i-r_mag_ref)-k_clay_G*clay_i+xi_G_i,G_min,G_max)","TFe_i = clip(G_base_i+k_mag_G*(r_mag_i-r_mag_ref)-k_clay_G*clay_i+xi_G_i,G_min,G_max)",G_base_i;k_mag_G;r_mag_i;r_mag_ref;k_clay_G;clay_i;xi_G_i;G_min;G_max,derived,executable,no,canonical,
V5_0206,boundary,395,4. 入口边界因果模型 / ,TFe_mixed,"(M_solid_1*TFe_1+M_solid_2*TFe_2+M_solid_3*TFe_3) / max(M_solid_mixed,eps)","TFe_mixed = (M_solid_1*TFe_1+M_solid_2*TFe_2+M_solid_3*TFe_3) / max(M_solid_mixed,eps)",M_solid_1;TFe_1;M_solid_2;TFe_2;M_solid_3;TFe_3;M_solid_mixed,derived,executable,no,canonical,
V5_0207,flotation,1449,10. DCS 具体生成公式和代理防护 / 10.4 浮选 DCS 具体公式,T_NT_in_s,"T_tm_overflow_delayed-k_cool_to_NT*max(T_tm_overflow_delayed-T_amb,0)","T_NT_in_s = T_tm_overflow_delayed-k_cool_to_NT*max(T_tm_overflow_delayed-T_amb,0)",T_tm_overflow_delayed;k_cool_to_NT;T_amb,state,executable,no,canonical,
V5_0208,tower_mill,1394,10. DCS 具体生成公式和代理防护 / 10.3 塔磨 DCS 具体公式,T_bearing1,T_amb+kbrg1*P_mech+kb_mu1*mu_feed+event_bearing1_fault*delta_fault,T_bearing1 = T_amb+kbrg1*P_mech+kb_mu1*mu_feed+event_bearing1_fault*delta_fault,T_amb;kbrg1;P_mech;kb_mu1;mu_feed;event_bearing1_fault;delta_fault,state,executable,no,canonical,
V5_0209,tower_mill,1395,10. DCS 具体生成公式和代理防护 / 10.3 塔磨 DCS 具体公式,T_bearing2,T_amb+kbrg2*P_mech+kb_mu2*mu_feed+event_bearing2_fault*delta_fault,T_bearing2 = T_amb+kbrg2*P_mech+kb_mu2*mu_feed+event_bearing2_fault*delta_fault,T_amb;kbrg2;P_mech;kb_mu2;mu_feed;event_bearing2_fault;delta_fault,state,executable,no,canonical,
V5_0210,magnetic,1222,10. DCS 具体生成公式和代理防护 / 10.2 磁选 DCS 具体公式,T_coil,T_coil_ss+(T_coil_prev-T_coil_ss)*exp(-dt/tau_coil),T_coil = T_coil_ss+(T_coil_prev-T_coil_ss)*exp(-dt/tau_coil),T_coil_ss;T_coil_prev;tau_coil,state,executable,no,canonical,
V5_0211,magnetic,1221,10. DCS 具体生成公式和代理防护 / 10.2 磁选 DCS 具体公式,T_coil_ss,T_amb + k_loss_coil*P_coil_loss - k_cool_coil*Q_cooling_water,T_coil_ss = T_amb + k_loss_coil*P_coil_loss - k_cool_coil*Q_cooling_water,T_amb;k_loss_coil;P_coil_loss;k_cool_coil;Q_cooling_water,state,executable,no,canonical,
V5_0212,tower_mill,1392,10. DCS 具体生成公式和代理防护 / 10.3 塔磨 DCS 具体公式,T_oil,T_oil_ss+(T_oil_prev-T_oil_ss)*exp(-dt/tau_oil),T_oil = T_oil_ss+(T_oil_prev-T_oil_ss)*exp(-dt/tau_oil),T_oil_ss;T_oil_prev;tau_oil,state,executable,no,canonical,
V5_0213,tower_mill,1393,10. DCS 具体生成公式和代理防护 / 10.3 塔磨 DCS 具体公式,T_oil_out,T_oil-k_oil_delta*oil_flow+k_oil_heat*P_mech,T_oil_out = T_oil-k_oil_delta*oil_flow+k_oil_heat*P_mech,T_oil;k_oil_delta;oil_flow;k_oil_heat;P_mech,state,executable,no,canonical,
V5_0214,tower_mill,1391,10. DCS 具体生成公式和代理防护 / 10.3 塔磨 DCS 具体公式,T_oil_ss,T_amb+kP_oil*P_mech-kcool_oil*oil_cooling_flow,T_oil_ss = T_amb+kP_oil*P_mech-kcool_oil*oil_cooling_flow,T_amb;kP_oil;P_mech;kcool_oil;oil_cooling_flow,state,executable,no,canonical,
V5_0215,tower_mill,1382,10. DCS 具体生成公式和代理防护 / 10.3 塔磨 DCS 具体公式,T_slurry_discharge,"T_slurry_discharge_prev+(dt/max(tau_mill_residence,eps))*(T_slurry_discharge_inst-T_slurry_discharge_prev)","T_slurry_discharge = T_slurry_discharge_prev+(dt/max(tau_mill_residence,eps))*(T_slurry_discharge_inst-T_slurry_discharge_prev)",T_slurry_discharge_prev;tau_mill_residence;T_slurry_discharge_inst,state,executable,no,canonical,
V5_0216,tower_mill,1378,10. DCS 具体生成公式和代理防护 / 10.3 塔磨 DCS 具体公式,T_slurry_discharge_inst,"T_slurry_sand+delta_T_mill-k_cool_pipe*max(T_slurry_sand-T_amb,0)","T_slurry_discharge_inst = T_slurry_sand+delta_T_mill-k_cool_pipe*max(T_slurry_sand-T_amb,0)",T_slurry_sand;delta_T_mill;k_cool_pipe;T_amb,state,executable,no,canonical,
V5_0217,tower_mill,1306,10. DCS 具体生成公式和代理防护 / 10.3 塔磨 DCS 具体公式,T_slurry_feed,"T_slurry_feed_prev+(dt/max(tau_cyc_pool,eps))*(T_slurry_feed_in-T_slurry_feed_prev)","T_slurry_feed = T_slurry_feed_prev+(dt/max(tau_cyc_pool,eps))*(T_slurry_feed_in-T_slurry_feed_prev)",T_slurry_feed_prev;tau_cyc_pool;T_slurry_feed_in,state,executable,no,canonical,
V5_0218,tower_mill,1296,10. DCS 具体生成公式和代理防护 / 10.3 塔磨 DCS 具体公式,T_slurry_feed_in,"(M_wet_mag_conc*Cp_slurry_mag*T_slurry_mag_conc + M_wet_tm_discharge*Cp_slurry_tm*T_slurry_discharge_prev) / max(M_wet_mag_conc*Cp_slurry_mag+M_wet_tm_discharge*Cp_slurry_tm,eps)","T_slurry_feed_in = (M_wet_mag_conc*Cp_slurry_mag*T_slurry_mag_conc + M_wet_tm_discharge*Cp_slurry_tm*T_slurry_discharge_prev) / max(M_wet_mag_conc*Cp_slurry_mag+M_wet_tm_discharge*Cp_slurry_tm,eps)",M_wet_mag_conc;Cp_slurry_mag;T_slurry_mag_conc;M_wet_tm_discharge;Cp_slurry_tm;T_slurry_discharge_prev,state,executable,no,canonical,
V5_0219,boundary,374,4. 入口边界因果模型 / ,T_slurry_i,T_amb+k_ore_temp*(T_ore_feed-T_amb)+k_water_temp*(T_process_water-T_amb),T_slurry_i = T_amb+k_ore_temp*(T_ore_feed-T_amb)+k_water_temp*(T_process_water-T_amb),T_amb;k_ore_temp;T_ore_feed;k_water_temp;T_process_water,state,executable,no,canonical,
V5_0220,boundary,411,4. 入口边界因果模型 / ,T_slurry_mixed,"sum_i(M_wet_i*Cp_slurry_i*T_slurry_i)/max(sum_i(M_wet_i*Cp_slurry_i),eps)","T_slurry_mixed = sum_i(M_wet_i*Cp_slurry_i*T_slurry_i)/max(sum_i(M_wet_i*Cp_slurry_i),eps)",M_wet_i;Cp_slurry_i;T_slurry_i,state,executable,no,canonical,
V5_0221,tower_mill,1351,10. DCS 具体生成公式和代理防护 / 10.3 塔磨 DCS 具体公式,T_slurry_overflow,"T_slurry_feed-k_cool_cyc*max(T_slurry_feed-T_amb,0)","T_slurry_overflow = T_slurry_feed-k_cool_cyc*max(T_slurry_feed-T_amb,0)",T_slurry_feed;k_cool_cyc;T_amb,state,executable,no,canonical,
V5_0222,tower_mill,1353,10. DCS 具体生成公式和代理防护 / 10.3 塔磨 DCS 具体公式,T_slurry_sand,"T_slurry_feed-k_cool_sand*max(T_slurry_feed-T_amb,0)","T_slurry_sand = T_slurry_feed-k_cool_sand*max(T_slurry_feed-T_amb,0)",T_slurry_feed;k_cool_sand;T_amb,state,executable,no,canonical,
V5_0223,tower_mill,1398,10. DCS 具体生成公式和代理防护 / 10.3 塔磨 DCS 具体公式,T_stator_A,"T_stator_A_prev+(dt/max(tau_thermal_A,eps))*(T_stator_A_ss-T_stator_A_prev)","T_stator_A = T_stator_A_prev+(dt/max(tau_thermal_A,eps))*(T_stator_A_ss-T_stator_A_prev)",T_stator_A_prev;tau_thermal_A;T_stator_A_ss,state,executable,no,canonical,
V5_0224,tower_mill,1396,10. DCS 具体生成公式和代理防护 / 10.3 塔磨 DCS 具体公式,T_stator_A_ss,T_amb+k_heat_A*I_tm_phys^2,T_stator_A_ss = T_amb+k_heat_A*I_tm_phys^2,T_amb;k_heat_A;I_tm_phys,state,executable,no,canonical,
V5_0225,tower_mill,1399,10. DCS 具体生成公式和代理防护 / 10.3 塔磨 DCS 具体公式,T_stator_B,"T_stator_B_prev+(dt/max(tau_thermal_B,eps))*(T_stator_B_ss-T_stator_B_prev)","T_stator_B = T_stator_B_prev+(dt/max(tau_thermal_B,eps))*(T_stator_B_ss-T_stator_B_prev)",T_stator_B_prev;tau_thermal_B;T_stator_B_ss,state,executable,no,canonical,
V5_0226,tower_mill,1397,10. DCS 具体生成公式和代理防护 / 10.3 塔磨 DCS 具体公式,T_stator_B_ss,T_amb+k_heat_B*I_tm_phys^2,T_stator_B_ss = T_amb+k_heat_B*I_tm_phys^2,T_amb;k_heat_B;I_tm_phys,state,executable,no,canonical,
V5_0227,flotation,1653,10. DCS 具体生成公式和代理防护 / 10.4 浮选 DCS 具体公式,"T_tank_ss_{s,k}","T_amb+ksteam_k*u_steam_fb_{s,k}+kreagent_k*reagent_heat_load_{s,k}+kmix_tank_k*mixer_power_{s,k}-kloss_tank_k*(T_tank_{s,k}-T_amb)","T_tank_ss_{s,k}=T_amb+ksteam_k*u_steam_fb_{s,k}+kreagent_k*reagent_heat_load_{s,k}+kmix_tank_k*mixer_power_{s,k}-kloss_tank_k*(T_tank_{s,k}-T_amb)","T_amb;ksteam_k;u_steam_fb_{s,k};kreagent_k;reagent_heat_load_{s,k};kmix_tank_k;mixer_power_{s,k};kloss_tank_k;T_tank_{s,k}",state,executable,no,canonical,
V5_0228,flotation,1654,10. DCS 具体生成公式和代理防护 / 10.4 浮选 DCS 具体公式,"T_tank_{s,k}","T_tank_ss_{s,k}+(T_tank_prev_{s,k}-T_tank_ss_{s,k})*exp(-dt/tau_tank_k)","T_tank_{s,k}=T_tank_ss_{s,k}+(T_tank_prev_{s,k}-T_tank_ss_{s,k})*exp(-dt/tau_tank_k)","T_tank_ss_{s,k};T_tank_prev_{s,k};tau_tank_k",state,executable,no,canonical,
V5_0229,tower_mill,1352,10. DCS 具体生成公式和代理防护 / 10.3 塔磨 DCS 具体公式,T_tm_overflow,T_slurry_overflow,T_tm_overflow = T_slurry_overflow,T_slurry_overflow,state,executable,no,canonical,
V5_0231,flotation,1458,10. DCS 具体生成公式和代理防护 / 10.4 浮选 DCS 具体公式,T_under_s,"T_NT_in_s-k_cool_NT*max(T_NT_in_s-T_amb,0)","T_under_s = T_NT_in_s-k_cool_NT*max(T_NT_in_s-T_amb,0)",T_NT_in_s;k_cool_NT;T_amb,state,executable,no,canonical,
V5_0232,magnetic,1218,10. DCS 具体生成公式和代理防护 / 10.2 磁选 DCS 具体公式,V_exc_phys,R_coil*I_exc,V_exc_phys = R_coil*I_exc,R_coil;I_exc,physical_signal,executable,no,canonical,
V5_0234,flotation,1585,10. DCS 具体生成公式和代理防护 / 10.4 浮选 DCS 具体公式,"V_pulp_actual_{s,c}","A_cell_c*max(L_cell_{s,c},0)","V_pulp_actual_{s,c}=A_cell_c*max(L_cell_{s,c},0)","A_cell_c;L_cell_{s,c}",derived,executable,no,canonical,
V5_0235,magnetic,1265,10. DCS 具体生成公式和代理防护 / 10.2 磁选 DCS 具体公式,V_ring_motor_phys,grid_voltage-k_drop_ring*I_ring_motor_phys,V_ring_motor_phys = grid_voltage-k_drop_ring*I_ring_motor_phys,grid_voltage;k_drop_ring;I_ring_motor_phys,physical_signal,executable,no,canonical,
V5_0236,global,200,2. 全局变量分类 / 2.2 隐藏物料状态,V_slurry,M_solid/rho_solid_mix + M_water/rho_water,V_slurry = M_solid/rho_solid_mix + M_water/rho_water,M_solid;rho_solid_mix;M_water;rho_water,derived,definition,no,canonical,
V5_0237,tower_mill,1383,10. DCS 具体生成公式和代理防护 / 10.3 塔磨 DCS 具体公式,WI_discharge,WI_mill,WI_discharge = WI_mill,WI_mill,derived,executable,no,canonical,
V5_0238,tower_mill,1305,10. DCS 具体生成公式和代理防护 / 10.3 塔磨 DCS 具体公式,WI_feed,"WI_feed_prev+(dt/max(tau_cyc_pool,eps))*(WI_feed_in-WI_feed_prev)","WI_feed = WI_feed_prev+(dt/max(tau_cyc_pool,eps))*(WI_feed_in-WI_feed_prev)",WI_feed_prev;tau_cyc_pool;WI_feed_in,derived,executable,no,canonical,
V5_0239,tower_mill,1295,10. DCS 具体生成公式和代理防护 / 10.3 塔磨 DCS 具体公式,WI_feed_in,"(M_mag_conc_solid*WI_mag_conc+M_tm_discharge_solid_prev*WI_discharge_prev)/max(M_mag_conc_solid+M_tm_discharge_solid_prev,eps)","WI_feed_in = (M_mag_conc_solid*WI_mag_conc+M_tm_discharge_solid_prev*WI_discharge_prev)/max(M_mag_conc_solid+M_tm_discharge_solid_prev,eps)",M_mag_conc_solid;WI_mag_conc;M_tm_discharge_solid_prev;WI_discharge_prev,derived,executable,no,canonical,
V5_0240,tower_mill,1360,10. DCS 具体生成公式和代理防护 / 10.3 塔磨 DCS 具体公式,WI_mill,WI_sand,WI_mill = WI_sand,WI_sand,derived,executable,no,canonical,
V5_0241,tower_mill,1354,10. DCS 具体生成公式和代理防护 / 10.3 塔磨 DCS 具体公式,WI_sand,WI_feed,WI_sand = WI_feed,WI_feed,derived,executable,no,canonical,
V5_0242,boundary,388,4. 入口边界因果模型 / ,_x_clay_mixed,"(M_solid_1*clay_1+M_solid_2*clay_2+M_solid_3*clay_3) / max(M_solid_mixed,eps)","_x_clay_mixed = (M_solid_1*clay_1+M_solid_2*clay_2+M_solid_3*clay_3) / max(M_solid_mixed,eps)",M_solid_1;clay_1;M_solid_2;clay_2;M_solid_3;clay_3;M_solid_mixed,derived,executable,no,canonical,
V5_0243,boundary,417,4. 入口边界因果模型 / ,_x_d1,TFe_mixed,_x_d1=TFe_mixed,TFe_mixed,derived,executable,no,canonical,
V5_0244,boundary,419,4. 入口边界因果模型 / ,_x_d3,_x_d3_WI_mixed,_x_d3=_x_d3_WI_mixed,_x_d3_WI_mixed,derived,executable,no,canonical,
V5_0245,boundary,385,4. 入口边界因果模型 / ,_x_d3_WI_mixed,"(M_solid_1*WI_1+M_solid_2*WI_2+M_solid_3*WI_3) / max(M_solid_mixed,eps)","_x_d3_WI_mixed = (M_solid_1*WI_1+M_solid_2*WI_2+M_solid_3*WI_3) / max(M_solid_mixed,eps)",M_solid_1;WI_1;M_solid_2;WI_2;M_solid_3;WI_3;M_solid_mixed,derived,executable,no,canonical,
V5_0246,boundary,420,4. 入口边界因果模型 / ,_x_d4,water_pressure,_x_d4=water_pressure,water_pressure,derived,executable,no,canonical,
V5_0247,boundary,421,4. 入口边界因果模型 / ,_x_m_ball,M_wet_mixed,_x_m_ball=M_wet_mixed,M_wet_mixed,derived,executable,no,canonical,
V5_0248,boundary,391,4. 入口边界因果模型 / ,_x_r_carb_mixed,"(M_solid_1*r_carb_1+M_solid_2*r_carb_2+M_solid_3*r_carb_3) / max(M_solid_mixed,eps)","_x_r_carb_mixed = (M_solid_1*r_carb_1+M_solid_2*r_carb_2+M_solid_3*r_carb_3) / max(M_solid_mixed,eps)",M_solid_1;r_carb_1;M_solid_2;r_carb_2;M_solid_3;r_carb_3;M_solid_mixed,derived,executable,no,canonical,
V5_0249,boundary,422,4. 入口边界因果模型 / ,_x_rho_ball,C_mixed,_x_rho_ball=C_mixed,C_mixed,derived,executable,no,canonical,
V5_0250,magnetic,1279,10. DCS 具体生成公式和代理防护 / 10.2 磁选 DCS 具体公式,agg_mag_blowdown_valve,meas(u_blowdown_phys),agg_mag_blowdown_valve = meas(u_blowdown_phys),meas;u_blowdown_phys,dcs,executable,yes,canonical,
V5_0251,magnetic,1273,10. DCS 具体生成公式和代理防护 / 10.2 磁选 DCS 具体公式,agg_mag_coil_temp,meas(T_coil),agg_mag_coil_temp = meas(T_coil),meas;T_coil,dcs,executable,yes,canonical,
V5_0252,magnetic,1271,10. DCS 具体生成公式和代理防护 / 10.2 磁选 DCS 具体公式,agg_mag_excit_current,meas(I_exc),agg_mag_excit_current = meas(I_exc),meas;I_exc,dcs,executable,yes,canonical,
V5_0253,magnetic,1272,10. DCS 具体生成公式和代理防护 / 10.2 磁选 DCS 具体公式,agg_mag_excit_voltage,meas(V_exc_phys),agg_mag_excit_voltage = meas(V_exc_phys),meas;V_exc_phys,dcs,executable,yes,canonical,
V5_0254,magnetic,1280,10. DCS 具体生成公式和代理防护 / 10.2 磁选 DCS 具体公式,agg_mag_flush_water_pressure,meas(P_flush_phys),agg_mag_flush_water_pressure = meas(P_flush_phys),meas;P_flush_phys,dcs,executable,yes,canonical,
V5_0255,magnetic,1276,10. DCS 具体生成公式和代理防护 / 10.2 磁选 DCS 具体公式,agg_mag_level,meas(L_mag),agg_mag_level = meas(L_mag),meas;L_mag,dcs,executable,yes,canonical,
V5_0256,magnetic,1281,10. DCS 具体生成公式和代理防护 / 10.2 磁选 DCS 具体公式,agg_mag_motor_current_rc,meas(I_ring_motor_phys),agg_mag_motor_current_rc = meas(I_ring_motor_phys),meas;I_ring_motor_phys,dcs,executable,yes,canonical,
V5_0257,magnetic,1282,10. DCS 具体生成公式和代理防护 / 10.2 磁选 DCS 具体公式,agg_mag_motor_voltage_rc,meas(V_ring_motor_phys),agg_mag_motor_voltage_rc = meas(V_ring_motor_phys),meas;V_ring_motor_phys,dcs,executable,yes,canonical,
V5_0258,magnetic,1274,10. DCS 具体生成公式和代理防护 / 10.2 磁选 DCS 具体公式,agg_mag_pulsation_freq,meas(f_pul),agg_mag_pulsation_freq = meas(f_pul),meas;f_pul,dcs,executable,yes,canonical,
V5_0259,magnetic,1275,10. DCS 具体生成公式和代理防护 / 10.2 磁选 DCS 具体公式,agg_mag_ring_freq,meas(f_ring),agg_mag_ring_freq = meas(f_ring),meas;f_ring,dcs,executable,yes,canonical,
V5_0260,magnetic,1277,10. DCS 具体生成公式和代理防护 / 10.2 磁选 DCS 具体公式,agg_mag_tailings_valve1,meas(u_tail),agg_mag_tailings_valve1 = meas(u_tail),meas;u_tail,dcs,executable,yes,canonical,
V5_0261,magnetic,1278,10. DCS 具体生成公式和代理防护 / 10.2 磁选 DCS 具体公式,agg_mag_tailings_valve2,meas(u_tail_2),agg_mag_tailings_valve2 = meas(u_tail_2),meas;u_tail_2,dcs,executable,yes,canonical,
V5_0262,tower_mill,1411,10. DCS 具体生成公式和代理防护 / 10.3 塔磨 DCS 具体公式,agg_tm_cyclone_feed_flow,meas(Q_pump),agg_tm_cyclone_feed_flow = meas(Q_pump),meas;Q_pump,dcs,executable,yes,canonical,
V5_0263,tower_mill,1410,10. DCS 具体生成公式和代理防护 / 10.3 塔磨 DCS 具体公式,agg_tm_cyclone_feed_pressure,meas(P_cyc),agg_tm_cyclone_feed_pressure = meas(P_cyc),meas;P_cyc,dcs,executable,yes,canonical,
V5_0264,tower_mill,1427,10. DCS 具体生成公式和代理防护 / 10.3 塔磨 DCS 具体公式,agg_tm_cyclone_overflow_pool_level,meas(L_ov_pool),agg_tm_cyclone_overflow_pool_level = meas(L_ov_pool),meas;L_ov_pool,dcs,executable,yes,canonical,
V5_0265,tower_mill,1414,10. DCS 具体生成公式和代理防护 / 10.3 塔磨 DCS 具体公式,agg_tm_cyclone_pool_level,meas(L_pool),agg_tm_cyclone_pool_level = meas(L_pool),meas;L_pool,dcs,executable,yes,canonical,
V5_0266,tower_mill,1415,10. DCS 具体生成公式和代理防护 / 10.3 塔磨 DCS 具体公式,agg_tm_cyclone_pool_valve_setpoint,meas(u_water_sp),agg_tm_cyclone_pool_valve_setpoint = meas(u_water_sp),meas;u_water_sp,dcs,executable,yes,canonical,
V5_0267,tower_mill,1413,10. DCS 具体生成公式和代理防护 / 10.3 塔磨 DCS 具体公式,agg_tm_cyclone_pump_current,meas(I_pump_phys),agg_tm_cyclone_pump_current = meas(I_pump_phys),meas;I_pump_phys,dcs,executable,yes,canonical,
V5_0268,tower_mill,1412,10. DCS 具体生成公式和代理防护 / 10.3 塔磨 DCS 具体公式,agg_tm_cyclone_pump_freq,meas(f_pump),agg_tm_cyclone_pump_freq = meas(f_pump),meas;f_pump,dcs,executable,yes,canonical,
V5_0269,tower_mill,1418,10. DCS 具体生成公式和代理防护 / 10.3 塔磨 DCS 具体公式,agg_tm_cyclone_sand_valve_feedback,meas(u_sand),agg_tm_cyclone_sand_valve_feedback = meas(u_sand),meas;u_sand,dcs,executable,yes,canonical,
V5_0270,tower_mill,1417,10. DCS 具体生成公式和代理防护 / 10.3 塔磨 DCS 具体公式,agg_tm_cyclone_sand_valve_setpoint,meas(u_sand_sp),agg_tm_cyclone_sand_valve_setpoint = meas(u_sand_sp),meas;u_sand_sp,dcs,executable,yes,canonical,
V5_0271,tower_mill,1419,10. DCS 具体生成公式和代理防护 / 10.3 塔磨 DCS 具体公式,agg_tm_cyclone_sand_water_flow,meas(Q_sand_water_phys),agg_tm_cyclone_sand_water_flow = meas(Q_sand_water_phys),meas;Q_sand_water_phys,dcs,executable,yes,canonical,
V5_0272,tower_mill,1420,10. DCS 具体生成公式和代理防护 / 10.3 塔磨 DCS 具体公式,agg_tm_motor_current,meas(I_tm_phys),agg_tm_motor_current = meas(I_tm_phys),meas;I_tm_phys,dcs,executable,yes,canonical,
V5_0273,tower_mill,1428,10. DCS 具体生成公式和代理防护 / 10.3 塔磨 DCS 具体公式,agg_tm_overflow_pump_current,meas(I_ov_pump_phys),agg_tm_overflow_pump_current = meas(I_ov_pump_phys),meas;I_ov_pump_phys,dcs,executable,yes,canonical,
V5_0274,tower_mill,1421,10. DCS 具体生成公式和代理防护 / 10.3 塔磨 DCS 具体公式,agg_tm_reducer_oil_temp,meas(T_oil),agg_tm_reducer_oil_temp = meas(T_oil),meas;T_oil,dcs,executable,yes,canonical,
V5_0275,tower_mill,1422,10. DCS 具体生成公式和代理防护 / 10.3 塔磨 DCS 具体公式,agg_tm_reducer_outlet_temp,meas(T_oil_out),agg_tm_reducer_outlet_temp = meas(T_oil_out),meas;T_oil_out,dcs,executable,yes,canonical,
V5_0276,flotation,1540,10. DCS 具体生成公式和代理防护 / 10.4 浮选 DCS 具体公式,air_filter_fouling,"clip(air_filter_fouling_prev+dt*d(air_filter_fouling)/dt,0,1)","air_filter_fouling = clip(air_filter_fouling_prev+dt*d(air_filter_fouling)/dt,0,1)",air_filter_fouling_prev;d,derived,executable,no,canonical,
V5_0277,tower_mill,1329,10. DCS 具体生成公式和代理防护 / 10.3 塔磨 DCS 具体公式,alpha_ov,"clip( sigmoid(kF*(F325_feed-F325_ref)+kP*(P_cyc-P_ref)-kC*(C_feed-C_ref)-kmu*(mu_feed-mu_ref)), 0,1)","alpha_ov = clip( sigmoid(kF*(F325_feed-F325_ref)+kP*(P_cyc-P_ref)-kC*(C_feed-C_ref)-kmu*(mu_feed-mu_ref)), 0,1)",kF;F325_feed;F325_ref;kP;P_cyc;P_ref;kC;C_feed;C_ref;kmu;mu_feed;mu_ref,derived,executable,no,canonical,
V5_0278,tower_mill,1336,10. DCS 具体生成公式和代理防护 / 10.3 塔磨 DCS 具体公式,alpha_ov_water,"clip(alpha_ov*k_water_split,0,1)","alpha_ov_water = clip(alpha_ov*k_water_split,0,1)",alpha_ov;k_water_split,derived,executable,no,canonical,
V5_0279,boundary,315,4. 入口边界因果模型 / ,"availability_iin{0,1},i","1,2,3","availability_i in {0,1}, i=1,2,3",,derived,executable,no,canonical,
V5_0280,flotation,1464,10. DCS 具体生成公式和代理防护 / 10.4 浮选 DCS 具体公式,bed_mass_s,M_NT_solid_s-M_NT_solid_ref,bed_mass_s = M_NT_solid_s-M_NT_solid_ref,M_NT_solid_s;M_NT_solid_ref,derived,executable,no,canonical,
V5_0281,flotation,1542,10. DCS 具体生成公式和代理防护 / 10.4 浮选 DCS 具体公式,blower_load_share_b,"blower_on_b*blower_capacity_b/max(sum_b(blower_on_b*blower_capacity_b),eps)","blower_load_share_b = blower_on_b*blower_capacity_b/max(sum_b(blower_on_b*blower_capacity_b),eps)",blower_on_b;blower_capacity_b;sum_b,derived,executable,no,canonical,
V5_0282,flotation,1662,10. DCS 具体生成公式和代理防护 / 10.4 浮选 DCS 具体公式,blower_power_share1,"P_blower_power_total*Q_air_total_s1/max(Q_air_total,eps)","blower_power_share1 = P_blower_power_total*Q_air_total_s1/max(Q_air_total,eps)",P_blower_power_total;Q_air_total_s1;Q_air_total,derived,executable,no,canonical,
V5_0283,flotation,1663,10. DCS 具体生成公式和代理防护 / 10.4 浮选 DCS 具体公式,blower_power_share2,"P_blower_power_total*Q_air_total_s2/max(Q_air_total,eps)","blower_power_share2 = P_blower_power_total*Q_air_total_s2/max(Q_air_total,eps)",P_blower_power_total;Q_air_total_s2;Q_air_total,derived,executable,no,canonical,
V5_0284,flotation,1545,10. DCS 具体生成公式和代理防护 / 10.4 浮选 DCS 具体公式,blower_speed_b,blower_speed_sp_b+(blower_speed_prev_b-blower_speed_sp_b)*exp(-dt/tau_blower_speed_b),blower_speed_b = blower_speed_sp_b+(blower_speed_prev_b-blower_speed_sp_b)*exp(-dt/tau_blower_speed_b),blower_speed_sp_b;blower_speed_prev_b;tau_blower_speed_b,derived,executable,no,canonical,
V5_0285,flotation,1544,10. DCS 具体生成公式和代理防护 / 10.4 浮选 DCS 具体公式,blower_speed_sp_b,"clip(speed_nom_b+KP_header_b*(P_header_sp-P_header)+KQ_blower_b*(Q_blower_b-Q_blower_ref_b),speed_min_b,speed_max_b)","blower_speed_sp_b = clip(speed_nom_b+KP_header_b*(P_header_sp-P_header)+KQ_blower_b*(Q_blower_b-Q_blower_ref_b),speed_min_b,speed_max_b)",speed_nom_b;KP_header_b;P_header_sp;P_header;KQ_blower_b;Q_blower_b;Q_blower_ref_b;speed_min_b;speed_max_b,derived,executable,no,canonical,
V5_0286,global,238,2. 全局变量分类 / 2.2 隐藏物料状态,buffer_capacity,b0 + b_carb*r_carb + b_sil*r_sil + b_clay*clay + b_C*C + b_flow*M_solid,buffer_capacity = b0 + b_carb*r_carb + b_sil*r_sil + b_clay*clay + b_C*C + b_flow*M_solid,b0;b_carb;r_carb;b_sil;r_sil;b_clay;clay;b_C;b_flow;M_solid,derived,definition,no,canonical,
V5_0287,flotation,1519,10. DCS 具体生成公式和代理防护 / 10.4 浮选 DCS 具体公式,buffer_capacity_s,b0+b_carb*r_carb_s+b_sil*r_sil_s+b_clay*clay_s+b_C*C_s+b_flow*M_feed_solid_s,buffer_capacity_s=b0+b_carb*r_carb_s+b_sil*r_sil_s+b_clay*clay_s+b_C*C_s+b_flow*M_feed_solid_s,b0;b_carb;r_carb_s;b_sil;r_sil_s;b_clay;clay_s;b_C;C_s;b_flow;M_feed_solid_s,derived,executable,no,canonical,
V5_0288,magnetic,518,5. 磁选因果模型 / 5.3 分选公式,capture_j,sigmoid(a0_j+aB_j*log(B_eff/B_ref)+aL_j*log(Liberation_j/L_ref) +aSize_j*(F200-F200_ref)+aC_j*(C-C_ref)-aQ_j*(Q_feed-Q_ref)),capture_j=sigmoid(a0_j+aB_j*log(B_eff/B_ref)+aL_j*log(Liberation_j/L_ref) +aSize_j*(F200-F200_ref)+aC_j*(C-C_ref)-aQ_j*(Q_feed-Q_ref)),a0_j;aB_j;B_eff;B_ref;aL_j;Liberation_j;L_ref;aSize_j;F200;F200_ref;aC_j;C_ref;aQ_j;Q_feed;Q_ref,derived,executable,no,manual_promoted,Manually promoted from concept/reference coverage review into executable formulas.
V5_0289,tower_mill,1357,10. DCS 具体生成公式和代理防护 / 10.3 塔磨 DCS 具体公式,circulating_load,"clip(inst_circ_load,0.0,5.0)","circulating_load = clip(inst_circ_load,0.0,5.0)",inst_circ_load,derived,executable,no,canonical,
V5_0290,tower_mill,1323,10. DCS 具体生成公式和代理防护 / 10.3 塔磨 DCS 具体公式,circulating_load_lag,"delay(circulating_load,L_sand_control)","circulating_load_lag = delay(circulating_load,L_sand_control)",circulating_load;L_sand_control,derived,executable,no,canonical,
V5_0291,magnetic,1224,10. DCS 具体生成公式和代理防护 / 10.2 磁选 DCS 具体公式,clog_buildup,"c0 + c_clay*clay + c_f25*f25 + c_C*C + c_load*Q_feed/max(Q_ref,eps)","clog_buildup = c0 + c_clay*clay + c_f25*f25 + c_C*C + c_load*Q_feed/max(Q_ref,eps)",c0;c_clay;clay;c_f25;f25;c_C;c_load;Q_feed;Q_ref,derived,executable,no,canonical,
V5_0292,magnetic,1230,10. DCS 具体生成公式和代理防护 / 10.2 磁选 DCS 具体公式,clog_wash,"c_flush_Q*Q_flush_prev/max(Q_flush_ref,eps) + c_pul_clog*f_pul_prev/max(f_pul_ref,eps)","clog_wash = c_flush_Q*Q_flush_prev/max(Q_flush_ref,eps) + c_pul_clog*f_pul_prev/max(f_pul_ref,eps)",c_flush_Q;Q_flush_prev;Q_flush_ref;c_pul_clog;f_pul_prev;f_pul_ref,derived,executable,no,canonical,
V5_0293,magnetic,534,5. 磁选因果模型 / 5.3 分选公式,conc_j,R_hm_j*feed_j+Entr*Gangue*entr_share_j,conc_j=R_hm_j*feed_j+Entr*Gangue*entr_share_j,R_hm_j;feed_j;Entr;Gangue;entr_share_j,derived,executable,no,manual_promoted,Manually promoted from concept/reference coverage review into executable formulas.
V5_0294,flotation,1539,10. DCS 具体生成公式和代理防护 / 10.4 浮选 DCS 具体公式,d(air_filter_fouling)/dt,k_dust*Q_air_total-event_filter_clean*cleaning_rate_filter,d(air_filter_fouling)/dt = k_dust*Q_air_total-event_filter_clean*cleaning_rate_filter,k_dust;Q_air_total;event_filter_clean;cleaning_rate_filter,derivative,executable,no,canonical,
V5_0295,tower_mill,1328,10. DCS 具体生成公式和代理防护 / 10.3 塔磨 DCS 具体公式,d50,"d50_ref*(P_ref/max(P_cyc,eps))^aP*(C_feed/C_ref)^aC*(mu_feed/mu_ref)^amu","d50 = d50_ref*(P_ref/max(P_cyc,eps))^aP*(C_feed/C_ref)^aC*(mu_feed/mu_ref)^amu",d50_ref;P_ref;P_cyc;aP;C_feed;C_ref;aC;mu_feed;mu_ref;amu,derived,executable,no,canonical,
V5_0297,flotation,1620,10. DCS 具体生成公式和代理防护 / 10.4 浮选 DCS 具体公式,"dL_cell_{s,c}/dt","(Q_in_cell_{s,c}-Q_out_cell_{s,c}-Q_froth_cell_{s,c})/A_cell_c","dL_cell_{s,c}/dt=(Q_in_cell_{s,c}-Q_out_cell_{s,c}-Q_froth_cell_{s,c})/A_cell_c","Q_in_cell_{s,c};Q_out_cell_{s,c};Q_froth_cell_{s,c};A_cell_c",derivative,executable,no,canonical,
V5_0298,flotation,1510,10. DCS 具体生成公式和代理防护 / 10.4 浮选 DCS 具体公式,dL_k6_s/dt,(Q_k6_refill_s-Q_k6_consumption_s)/A_k6,dL_k6_s/dt = (Q_k6_refill_s-Q_k6_consumption_s)/A_k6,Q_k6_refill_s;Q_k6_consumption_s;A_k6,derivative,executable,no,canonical,
V5_0299,magnetic,1242,10. DCS 具体生成公式和代理防护 / 10.2 磁选 DCS 具体公式,dL_mag/dt,(Q_feed-Q_tail-Q_conc)/A_mag,dL_mag/dt = (Q_feed-Q_tail-Q_conc)/A_mag,Q_feed;Q_tail;Q_conc;A_mag,derivative,executable,no,canonical,
V5_0300,tower_mill,1401,10. DCS 具体生成公式和代理防护 / 10.3 塔磨 DCS 具体公式,dL_ov_pool/dt,(Q_overflow-Q_ov_pump)/A_ov_pool,dL_ov_pool/dt = (Q_overflow-Q_ov_pump)/A_ov_pool,Q_overflow;Q_ov_pump;A_ov_pool,derivative,executable,no,canonical,
V5_0301,tower_mill,1311,10. DCS 具体生成公式和代理防护 / 10.3 塔磨 DCS 具体公式,dL_pool/dt,(Q_in+Q_return_sand+Q_water-Q_pump)/A_pool,dL_pool/dt = (Q_in+Q_return_sand+Q_water-Q_pump)/A_pool,Q_in;Q_return_sand;Q_water;Q_pump;A_pool,derivative,executable,no,canonical,
V5_0302,flotation,1637,10. DCS 具体生成公式和代理防护 / 10.4 浮选 DCS 具体公式,"dL_pool_{s,k}/dt","(Q_in_pool_{s,k}-Q_pump_pool_{s,k})/A_pool_k","dL_pool_{s,k}/dt=(Q_in_pool_{s,k}-Q_pump_pool_{s,k})/A_pool_k","Q_in_pool_{s,k};Q_pump_pool_{s,k};A_pool_k",derivative,executable,no,canonical,
V5_0304,flotation,1451,10. DCS 具体生成公式和代理防护 / 10.4 浮选 DCS 具体公式,dM_NT_solid_s/dt,M_NT_in_solid_s-M_NT_under_solid_s-M_NT_over_solid_s,dM_NT_solid_s/dt = M_NT_in_solid_s-M_NT_under_solid_s-M_NT_over_solid_s,M_NT_in_solid_s;M_NT_under_solid_s;M_NT_over_solid_s,derivative,executable,no,canonical,
V5_0306,flotation,1614,10. DCS 具体生成公式和代理防护 / 10.4 浮选 DCS 具体公式,"dM_cell_j_{s,c}/dt","feed_j_rate_{s,c}-froth_j_rate_{s,c}-tail_j_rate_{s,c}","dM_cell_j_{s,c}/dt=feed_j_rate_{s,c}-froth_j_rate_{s,c}-tail_j_rate_{s,c}","feed_j_rate_{s,c};froth_j_rate_{s,c};tail_j_rate_{s,c}",derivative,executable,no,canonical,
V5_0308,flotation,1452,10. DCS 具体生成公式和代理防护 / 10.4 浮选 DCS 具体公式,dV_NT_water_s/dt,Q_NT_in_water_s-Q_NT_under_water_s-Q_NT_over_water_s,dV_NT_water_s/dt = Q_NT_in_water_s-Q_NT_under_water_s-Q_NT_over_water_s,Q_NT_in_water_s;Q_NT_under_water_s;Q_NT_over_water_s,derivative,executable,no,canonical,
V5_0309,global,144,2. 全局变量分类 / 2.1 外生变量,dWI_i,theta_WI*(WI_target_i-WI_i)*dt + sigma_WI*dW_WI_i,dWI_i = theta_WI*(WI_target_i-WI_i)*dt + sigma_WI*dW_WI_i,theta_WI;WI_target_i;WI_i;sigma_WI;dW_WI_i,derived,definition,no,canonical,
V5_0310,global,145,2. 全局变量分类 / 2.1 外生变量,dclay_i,theta_clay*(clay_target_i-clay_i)*dt + sigma_clay*dW_clay_i,dclay_i = theta_clay*(clay_target_i-clay_i)*dt + sigma_clay*dW_clay_i,theta_clay;clay_target_i;clay_i;sigma_clay;dW_clay_i,derived,definition,no,canonical,
V5_0311,tower_mill,1377,10. DCS 具体生成公式和代理防护 / 10.3 塔磨 DCS 具体公式,delta_T_mill,"P_mech*k_heat_conv/max(Q_pump*rho_feed*Cp_slurry,eps)","delta_T_mill = P_mech*k_heat_conv/max(Q_pump*rho_feed*Cp_slurry,eps)",P_mech;k_heat_conv;Q_pump;rho_feed;Cp_slurry,derived,executable,no,canonical,
V5_0313,flotation,1504,10. DCS 具体生成公式和代理防护 / 10.4 浮选 DCS 具体公式,dose_DF_K6_effective_s,"dose_DF_K6_effective_prev_s+(dt/max(tau_adsorption_K6_s,eps))*(dose_DF_K6_s-dose_DF_K6_effective_prev_s)","dose_DF_K6_effective_s = dose_DF_K6_effective_prev_s+(dt/max(tau_adsorption_K6_s,eps))*(dose_DF_K6_s-dose_DF_K6_effective_prev_s)",dose_DF_K6_effective_prev_s;tau_adsorption_K6_s;dose_DF_K6_s,derived,executable,no,canonical,
V5_0315,flotation,1503,10. DCS 具体生成公式和代理防护 / 10.4 浮选 DCS 具体公式,dose_TD_effective_s,"dose_TD_effective_prev_s+(dt/max(tau_adsorption_TD_s,eps))*(dose_TD_s-dose_TD_effective_prev_s)","dose_TD_effective_s = dose_TD_effective_prev_s+(dt/max(tau_adsorption_TD_s,eps))*(dose_TD_s-dose_TD_effective_prev_s)",dose_TD_effective_prev_s;tau_adsorption_TD_s;dose_TD_s,derived,executable,no,canonical,
V5_0318,flotation,1493,10. DCS 具体生成公式和代理防护 / 10.4 浮选 DCS 具体公式,dose_need_DF_K6_s,d0_k6+Kslime_k6*f25_s+Ksil_k6*r_sil_s+Kcarb_k6*r_carb_s+Kselect_k6*(selectivity_ref-selectivity_proxy_s),dose_need_DF_K6_s = d0_k6+Kslime_k6*f25_s+Ksil_k6*r_sil_s+Kcarb_k6*r_carb_s+Kselect_k6*(selectivity_ref-selectivity_proxy_s),d0_k6;Kslime_k6;f25_s;Ksil_k6;r_sil_s;Kcarb_k6;r_carb_s;Kselect_k6;selectivity_ref;selectivity_proxy_s,derived,executable,no,canonical,
V5_0320,flotation,1492,10. DCS 具体生成公式和代理防护 / 10.4 浮选 DCS 具体公式,dose_need_TD_clean_s,d0_td_c+Kproxy_td*(quality_proxy_ref-quality_proxy_s)+Kdiff_clean*floatability_difficulty_s+operator_trim_td_clean_s,dose_need_TD_clean_s = d0_td_c+Kproxy_td*(quality_proxy_ref-quality_proxy_s)+Kdiff_clean*floatability_difficulty_s+operator_trim_td_clean_s,d0_td_c;Kproxy_td;quality_proxy_ref;quality_proxy_s;Kdiff_clean;floatability_difficulty_s;operator_trim_td_clean_s,derived,executable,no,canonical,
V5_0322,flotation,1491,10. DCS 具体生成公式和代理防护 / 10.4 浮选 DCS 具体公式,dose_need_TD_rough_s,"d0_td_r+Kload_td*M_feed_solid_s+Kdiff_td*floatability_difficulty_s+Kfroth_td*(h_ref-mean_c(h_froth_lag_{s,c}))+operator_trim_td_s+PRBS_TD_s","dose_need_TD_rough_s = d0_td_r+Kload_td*M_feed_solid_s+Kdiff_td*floatability_difficulty_s+Kfroth_td*(h_ref-mean_c(h_froth_lag_{s,c}))+operator_trim_td_s+PRBS_TD_s","d0_td_r;Kload_td;M_feed_solid_s;Kdiff_td;floatability_difficulty_s;Kfroth_td;h_ref;mean_c;h_froth_lag_{s,c};operator_trim_td_s;PRBS_TD_s",derived,executable,no,canonical,
V5_0324,flotation,1522,10. DCS 具体生成公式和代理防护 / 10.4 浮选 DCS 具体公式,dose_need_cao_s,d0_cao+Kcarb_cao*r_carb_s+Ksil_cao*r_sil_s+Kbuf_cao*buffer_capacity_s,dose_need_cao_s=d0_cao+Kcarb_cao*r_carb_s+Ksil_cao*r_sil_s+Kbuf_cao*buffer_capacity_s,d0_cao;Kcarb_cao;r_carb_s;Ksil_cao;r_sil_s;Kbuf_cao;buffer_capacity_s,derived,executable,no,canonical,
V5_0326,flotation,1521,10. DCS 具体生成公式和代理防护 / 10.4 浮选 DCS 具体公式,dose_need_naoh_s,d0_naoh+Kp_pH*(pH_sp_s-pH_lag_s)+Kbuf_naoh*buffer_capacity_s+Kflow_naoh*M_feed_solid_s,dose_need_naoh_s=d0_naoh+Kp_pH*(pH_sp_s-pH_lag_s)+Kbuf_naoh*buffer_capacity_s+Kflow_naoh*M_feed_solid_s,d0_naoh;Kp_pH;pH_sp_s;pH_lag_s;Kbuf_naoh;buffer_capacity_s;Kflow_naoh;M_feed_solid_s,derived,executable,no,canonical,
V5_0327,flotation,1524,10. DCS 具体生成公式和代理防护 / 10.4 浮选 DCS 具体公式,"dose_need_{s,cao}",dose_need_cao_s,"dose_need_{s,cao}=dose_need_cao_s",dose_need_cao_s,derived,executable,no,canonical,
V5_0328,flotation,1497,10. DCS 具体生成公式和代理防护 / 10.4 浮选 DCS 具体公式,"dose_need_{s,k6_rough}",dose_need_DF_K6_s,"dose_need_{s,k6_rough}=dose_need_DF_K6_s",dose_need_DF_K6_s,derived,executable,no,canonical,
V5_0329,flotation,1523,10. DCS 具体生成公式和代理防护 / 10.4 浮选 DCS 具体公式,"dose_need_{s,naoh}",dose_need_naoh_s,"dose_need_{s,naoh}=dose_need_naoh_s",dose_need_naoh_s,derived,executable,no,canonical,
V5_0330,flotation,1496,10. DCS 具体生成公式和代理防护 / 10.4 浮选 DCS 具体公式,"dose_need_{s,td_clean}",dose_need_TD_clean_s,"dose_need_{s,td_clean}=dose_need_TD_clean_s",dose_need_TD_clean_s,derived,executable,no,canonical,
V5_0331,flotation,1495,10. DCS 具体生成公式和代理防护 / 10.4 浮选 DCS 具体公式,"dose_need_{s,td_rough}",dose_need_TD_rough_s,"dose_need_{s,td_rough}=dose_need_TD_rough_s",dose_need_TD_rough_s,derived,executable,no,canonical,
V5_0332,global,146,2. 全局变量分类 / 2.1 外生变量,dr_carb_i,theta_carb*(r_carb_target_i-r_carb_i)*dt + sigma_carb*dW_carb_i,dr_carb_i = theta_carb*(r_carb_target_i-r_carb_i)*dt + sigma_carb*dW_carb_i,theta_carb;r_carb_target_i;r_carb_i;sigma_carb;dW_carb_i,derived,definition,no,canonical,
V5_0334,flotation,1600,10. DCS 具体生成公式和代理防护 / 10.4 浮选 DCS 具体公式,"entrainment_factor_{s,c}","e0_c+e_f25_c*f25_s+e_clay_c*clay_s+e_C_c*C_s+e_mu_c*max(mu_slurry_s-mu_ref,0)","entrainment_factor_{s,c}=e0_c+e_f25_c*f25_s+e_clay_c*clay_s+e_C_c*C_s+e_mu_c*max(mu_slurry_s-mu_ref,0)",e0_c;e_f25_c;f25_s;e_clay_c;clay_s;e_C_c;C_s;e_mu_c;mu_slurry_s;mu_ref,derived,executable,no,canonical,
V5_0335,flotation,1512,10. DCS 具体生成公式和代理防护 / 10.4 浮选 DCS 具体公式,event_k6_refill_s,1 if L_k6_s<L_refill_low else 0,event_k6_refill_s = 1 if L_k6_s<L_refill_low else 0,L_k6_s;L_refill_low,derived,executable,no,canonical,
V5_0336,boundary,334,4. 入口边界因果模型 / ,f25_i,"F(25e-6;d80_i,n_rr)","f25_i=F(25e-6;d80_i,n_rr)",e;d80_i;n_rr,derived,executable,no,canonical,
V5_0337,boundary,408,4. 入口边界因果模型 / ,f25_mixed,"sum_i(M_solid_i*f25_i)/max(M_solid_mixed,eps)","f25_mixed = sum_i(M_solid_i*f25_i)/max(M_solid_mixed,eps)",M_solid_i;f25_i;M_solid_mixed,derived,executable,no,canonical,
V5_0340,tower_mill,1386,10. DCS 具体生成公式和代理防护 / 10.3 塔磨 DCS 具体公式,f_oil_pump,f_oil_pump_sp+(f_oil_pump_prev-f_oil_pump_sp)*exp(-dt/tau_oil_pump),f_oil_pump = f_oil_pump_sp+(f_oil_pump_prev-f_oil_pump_sp)*exp(-dt/tau_oil_pump),f_oil_pump_sp;f_oil_pump_prev;tau_oil_pump,derived,executable,no,canonical,
V5_0341,tower_mill,1385,10. DCS 具体生成公式和代理防护 / 10.3 塔磨 DCS 具体公式,f_oil_pump_sp,"clip(f_oil_nom+K_oil_T*max(T_oil-T_oil_sp,0)+K_oil_P*(P_mech-P_ref)/max(P_ref,eps),f_oil_min,f_oil_max)","f_oil_pump_sp = clip(f_oil_nom+K_oil_T*max(T_oil-T_oil_sp,0)+K_oil_P*(P_mech-P_ref)/max(P_ref,eps),f_oil_min,f_oil_max)",f_oil_nom;K_oil_T;T_oil;T_oil_sp;K_oil_P;P_mech;P_ref;f_oil_min;f_oil_max,setpoint,executable,no,canonical,
V5_0342,tower_mill,1402,10. DCS 具体生成公式和代理防护 / 10.3 塔磨 DCS 具体公式,f_ov_pump_sp,"clip(f_ov_nom+K_ov_L*(L_ov_pool-L_ov_sp),f_ov_min,f_ov_max)","f_ov_pump_sp = clip(f_ov_nom+K_ov_L*(L_ov_pool-L_ov_sp),f_ov_min,f_ov_max)",f_ov_nom;K_ov_L;L_ov_pool;L_ov_sp;f_ov_min;f_ov_max,setpoint,executable,no,canonical,
V5_0343,flotation,1638,10. DCS 具体生成公式和代理防护 / 10.4 浮选 DCS 具体公式,"f_pool_sp_{s,k}","clip(f_pool_nom_k+Kpool_L_k*(L_pool_{s,k}-L_pool_sp_k),f_pool_min_k,f_pool_max_k)","f_pool_sp_{s,k}=clip(f_pool_nom_k+Kpool_L_k*(L_pool_{s,k}-L_pool_sp_k),f_pool_min_k,f_pool_max_k)","f_pool_nom_k;Kpool_L_k;L_pool_{s,k};L_pool_sp_k;f_pool_min_k;f_pool_max_k",derived,executable,no,canonical,
V5_0344,flotation,1639,10. DCS 具体生成公式和代理防护 / 10.4 浮选 DCS 具体公式,"f_pool_{s,k}","f_pool_sp_{s,k}+(f_pool_prev_{s,k}-f_pool_sp_{s,k})*exp(-dt/tau_pool_pump_k)","f_pool_{s,k}=f_pool_sp_{s,k}+(f_pool_prev_{s,k}-f_pool_sp_{s,k})*exp(-dt/tau_pool_pump_k)","f_pool_sp_{s,k};f_pool_prev_{s,k};tau_pool_pump_k",derived,executable,no,canonical,
V5_0345,magnetic,1236,10. DCS 具体生成公式和代理防护 / 10.2 磁选 DCS 具体公式,f_pul,f_pul_sp+(f_pul_prev-f_pul_sp)*exp(-dt/tau_pul_act),f_pul = f_pul_sp+(f_pul_prev-f_pul_sp)*exp(-dt/tau_pul_act),f_pul_sp;f_pul_prev;tau_pul_act,derived,executable,no,canonical,
V5_0346,magnetic,1234,10. DCS 具体生成公式和代理防护 / 10.2 磁选 DCS 具体公式,f_pul_sp,"clip(f_pul_nom+Kcoarse_pul*(1-F325)+Kclay_pul*clay+Kslime_pul*f25+Kload_pul*(Q_feed-Q_ref)/max(Q_ref,eps),f_pul_min,f_pul_max)","f_pul_sp = clip(f_pul_nom+Kcoarse_pul*(1-F325)+Kclay_pul*clay+Kslime_pul*f25+Kload_pul*(Q_feed-Q_ref)/max(Q_ref,eps),f_pul_min,f_pul_max)",f_pul_nom;Kcoarse_pul;F325;Kclay_pul;clay;Kslime_pul;f25;Kload_pul;Q_feed;Q_ref;f_pul_min;f_pul_max,setpoint,executable,no,canonical,
V5_0347,tower_mill,1314,10. DCS 具体生成公式和代理防护 / 10.3 塔磨 DCS 具体公式,f_pump,f_pump_sp+(f_pump_prev-f_pump_sp)*exp(-dt/tau_pump_act),f_pump = f_pump_sp+(f_pump_prev-f_pump_sp)*exp(-dt/tau_pump_act),f_pump_sp;f_pump_prev;tau_pump_act,derived,executable,no,canonical,
V5_0348,tower_mill,1313,10. DCS 具体生成公式和代理防护 / 10.3 塔磨 DCS 具体公式,f_pump_sp,"clip(f0+K_L*(L_pool-L_sp)+K_P*(P_sp-P_cyc_lag)+K_Qff*Q_in,f_min,f_max)","f_pump_sp = clip(f0+K_L*(L_pool-L_sp)+K_P*(P_sp-P_cyc_lag)+K_Qff*Q_in,f_min,f_max)",f0;L_pool;L_sp;P_sp;P_cyc_lag;K_Qff;Q_in;f_min;f_max,setpoint,executable,no,canonical,
V5_0349,magnetic,1237,10. DCS 具体生成公式和代理防护 / 10.2 磁选 DCS 具体公式,f_ring,f_ring_sp+(f_ring_prev-f_ring_sp)*exp(-dt/tau_ring_act),f_ring = f_ring_sp+(f_ring_prev-f_ring_sp)*exp(-dt/tau_ring_act),f_ring_sp;f_ring_prev;tau_ring_act,derived,executable,no,canonical,
V5_0350,magnetic,1235,10. DCS 具体生成公式和代理防护 / 10.2 磁选 DCS 具体公式,f_ring_sp,"clip(f_ring_nom+Kclog_ring*matrix_clog+Kcoarse_ring*(1-F200),f_ring_min,f_ring_max)","f_ring_sp = clip(f_ring_nom+Kclog_ring*matrix_clog+Kcoarse_ring*(1-F200),f_ring_min,f_ring_max)",f_ring_nom;Kclog_ring;matrix_clog;Kcoarse_ring;F200;f_ring_min;f_ring_max,setpoint,executable,no,canonical,
V5_0351,flotation,1499,10. DCS 具体生成公式和代理防护 / 10.4 浮选 DCS 具体公式,"f_{s,j}","f_{s,j}_sp+(f_{s,j}_prev-f_{s,j}_sp)*exp(-dt/tau_j_act)","f_{s,j} = f_{s,j}_sp+(f_{s,j}_prev-f_{s,j}_sp)*exp(-dt/tau_j_act)",_sp;_prev;tau_j_act,derived,executable,no,canonical,
V5_0352,flotation,1498,10. DCS 具体生成公式和代理防护 / 10.4 浮选 DCS 具体公式,"f_{s,j}_sp","clip(a_freq_j+b_freq_j*dose_need_{s,j}*M_feed_solid_s,f_min_j,f_max_j)","f_{s,j}_sp = clip(a_freq_j+b_freq_j*dose_need_{s,j}*M_feed_solid_s,f_min_j,f_max_j)","a_freq_j;b_freq_j;dose_need_{s,j};M_feed_solid_s;f_min_j;f_max_j",setpoint,executable,no,canonical,
V5_0353,flotation,1478,10. DCS 具体生成公式和代理防护 / 10.4 浮选 DCS 具体公式,floatability_difficulty,w_carb*r_carb + w_sil*r_sil + w_fine*f25 + w_coarse*(1-F325) + w_low_lib*(1-Liberation_gangue) + w_density*abs(C-C_opt) + w_clay*clay,floatability_difficulty = w_carb*r_carb + w_sil*r_sil + w_fine*f25 + w_coarse*(1-F325) + w_low_lib*(1-Liberation_gangue) + w_density*abs(C-C_opt) + w_clay*clay,w_carb;r_carb;w_sil;r_sil;w_fine;f25;w_coarse;F325;w_low_lib;Liberation_gangue;w_density;abs;C_opt;w_clay;clay,derived,executable,no,canonical,
V5_0357,flotation,1612,10. DCS 具体生成公式和代理防护 / 10.4 浮选 DCS 具体公式,"froth_j_rate_{s,c}","R_j_{s,c}*M_cell_j_prev_{s,c}/max(tau_stage_h_{s,c},eps)+entrainment_j_rate_{s,c}","froth_j_rate_{s,c}=R_j_{s,c}*M_cell_j_prev_{s,c}/max(tau_stage_h_{s,c},eps)+entrainment_j_rate_{s,c}","R_j_{s,c};M_cell_j_prev_{s,c};tau_stage_h_{s,c};entrainment_j_rate_{s,c}",derived,executable,no,canonical,
V5_0358,flotation,1616,10. DCS 具体生成公式和代理防护 / 10.4 浮选 DCS 具体公式,"froth_j_{s,c}","froth_j_rate_{s,c}*dt","froth_j_{s,c}=froth_j_rate_{s,c}*dt","froth_j_rate_{s,c}",derived,executable,no,canonical,
V5_0360,flotation,1566,10. DCS 具体生成公式和代理防护 / 10.4 浮选 DCS 具体公式,"froth_stability_{s,c}",s0_c+s_TD_c*dose_TD_effective_s+s_K6_c*dose_DF_K6_effective_s+s_f25_c*f25_s+s_C_c*C_s+s_Ca_c*Ca2_effect_s+s_lib_c*Liberation_gangue_s+s_clay_c*clay_s,"froth_stability_{s,c}=s0_c+s_TD_c*dose_TD_effective_s+s_K6_c*dose_DF_K6_effective_s+s_f25_c*f25_s+s_C_c*C_s+s_Ca_c*Ca2_effect_s+s_lib_c*Liberation_gangue_s+s_clay_c*clay_s",s0_c;s_TD_c;dose_TD_effective_s;s_K6_c;dose_DF_K6_effective_s;s_f25_c;f25_s;s_C_c;C_s;s_Ca_c;Ca2_effect_s;s_lib_c;Liberation_gangue_s;s_clay_c;clay_s,derived,executable,no,canonical,
V5_0361,flotation,1705,10. DCS 具体生成公式和代理防护 / 10.4 浮选 DCS 具体公式,fx_ah5_power,meas(P_series1),fx_ah5_power=meas(P_series1),meas;P_series1,dcs,executable,yes,canonical,
V5_0362,flotation,1706,10. DCS 具体生成公式和代理防护 / 10.4 浮选 DCS 具体公式,fx_ah6_power,meas(P_series2),fx_ah6_power=meas(P_series2),meas;P_series2,dcs,executable,yes,canonical,
V5_0363,flotation,1693,10. DCS 具体生成公式和代理防护 / 10.4 浮选 DCS 具体公式,fx_blower{b}_pressure,meas(P_blower_pressure_b),fx_blower{b}_pressure=meas(P_blower_pressure_b),meas;P_blower_pressure_b,dcs,executable,yes,canonical,
V5_0364,flotation,1692,10. DCS 具体生成公式和代理防护 / 10.4 浮选 DCS 具体公式,fx_nt{s}_motor_current,meas(I_NT_s),fx_nt{s}_motor_current=meas(I_NT_s),meas;I_NT_s,dcs,executable,yes,canonical,
V5_0365,flotation,1691,10. DCS 具体生成公式和代理防护 / 10.4 浮选 DCS 具体公式,fx_nt{s}_underflow_density,meas(rho_under_s),fx_nt{s}_underflow_density=meas(rho_under_s),meas;rho_under_s,dcs,executable,yes,canonical,
V5_0366,flotation,1694,10. DCS 具体生成公式和代理防护 / 10.4 浮选 DCS 具体公式,fx_s1_ft1701,meas(Q_ft_s1_1701_phys),fx_s1_ft1701=meas(Q_ft_s1_1701_phys),meas;Q_ft_s1_1701_phys,dcs,executable,yes,canonical,
V5_0367,flotation,1695,10. DCS 具体生成公式和代理防护 / 10.4 浮选 DCS 具体公式,fx_s1_ft1702,meas(Q_ft_s1_1702_phys),fx_s1_ft1702=meas(Q_ft_s1_1702_phys),meas;Q_ft_s1_1702_phys,dcs,executable,yes,canonical,
V5_0368,flotation,1696,10. DCS 具体生成公式和代理防护 / 10.4 浮选 DCS 具体公式,fx_s2_ft2701,meas(Q_ft_s2_2701_phys),fx_s2_ft2701=meas(Q_ft_s2_2701_phys),meas;Q_ft_s2_2701_phys,dcs,executable,yes,canonical,
V5_0369,flotation,1697,10. DCS 具体生成公式和代理防护 / 10.4 浮选 DCS 具体公式,fx_s2_ft2702,meas(Q_ft_s2_2702_phys),fx_s2_ft2702=meas(Q_ft_s2_2702_phys),meas;Q_ft_s2_2702_phys,dcs,executable,yes,canonical,
V5_0370,flotation,1690,10. DCS 具体生成公式和代理防护 / 10.4 浮选 DCS 具体公式,fx_s{s}_k6_level,meas(L_k6_s),fx_s{s}_k6_level=meas(L_k6_s),meas;L_k6_s,dcs,executable,yes,canonical,
V5_0371,flotation,1689,10. DCS 具体生成公式和代理防护 / 10.4 浮选 DCS 具体公式,fx_s{s}_ph,meas(pH_s),fx_s{s}_ph=meas(pH_s),meas;pH_s,dcs,executable,yes,canonical,
V5_0372,flotation,1698,10. DCS 具体生成公式和代理防护 / 10.4 浮选 DCS 具体公式,fx_s{s}_pool{k}_level,"meas(L_pool_{s,k})","fx_s{s}_pool{k}_level=meas(L_pool_{s,k})","meas;L_pool_{s,k}",dcs,executable,yes,canonical,
V5_0373,flotation,1700,10. DCS 具体生成公式和代理防护 / 10.4 浮选 DCS 具体公式,fx_s{s}_pool{k}_pump_curr,"meas(I_pool_phys_{s,k})","fx_s{s}_pool{k}_pump_curr=meas(I_pool_phys_{s,k})","meas;I_pool_phys_{s,k}",dcs,executable,yes,canonical,
V5_0374,flotation,1699,10. DCS 具体生成公式和代理防护 / 10.4 浮选 DCS 具体公式,fx_s{s}_pool{k}_pump_freq,"meas(f_pool_{s,k})","fx_s{s}_pool{k}_pump_freq=meas(f_pool_{s,k})","meas;f_pool_{s,k}",dcs,executable,yes,canonical,
V5_0375,flotation,1702,10. DCS 具体生成公式和代理防护 / 10.4 浮选 DCS 具体公式,fx_s{s}_tk{k}_mixer_curr,"meas(I_mixer_phys_{s,k})","fx_s{s}_tk{k}_mixer_curr=meas(I_mixer_phys_{s,k})","meas;I_mixer_phys_{s,k}",dcs,executable,yes,canonical,
V5_0376,flotation,1704,10. DCS 具体生成公式和代理防护 / 10.4 浮选 DCS 具体公式,fx_s{s}_tk{k}_steam_fb,"meas(u_steam_fb_{s,k})","fx_s{s}_tk{k}_steam_fb=meas(u_steam_fb_{s,k})","meas;u_steam_fb_{s,k}",dcs,executable,yes,canonical,
V5_0377,flotation,1703,10. DCS 具体生成公式和代理防护 / 10.4 浮选 DCS 具体公式,fx_s{s}_tk{k}_steam_sp,"meas(u_steam_sp_{s,k})","fx_s{s}_tk{k}_steam_sp=meas(u_steam_sp_{s,k})","meas;u_steam_sp_{s,k}",dcs,executable,yes,canonical,
V5_0378,flotation,1701,10. DCS 具体生成公式和代理防护 / 10.4 浮选 DCS 具体公式,fx_s{s}_tk{k}_temp,"meas(T_tank_{s,k})","fx_s{s}_tk{k}_temp=meas(T_tank_{s,k})","meas;T_tank_{s,k}",dcs,executable,yes,canonical,
V5_0379,flotation,1683,10. DCS 具体生成公式和代理防护 / 10.4 浮选 DCS 具体公式,fx_s{s}_{c}_air_flow,"meas(Q_air_{s,c})","fx_s{s}_{c}_air_flow=meas(Q_air_{s,c})","meas;Q_air_{s,c}",dcs,executable,yes,canonical,
V5_0380,flotation,1684,10. DCS 具体生成公式和代理防护 / 10.4 浮选 DCS 具体公式,fx_s{s}_{c}_air_sp,"meas(Q_air_sp_{s,c})","fx_s{s}_{c}_air_sp=meas(Q_air_sp_{s,c})","meas;Q_air_sp_{s,c}",dcs,executable,yes,canonical,
V5_0381,flotation,1685,10. DCS 具体生成公式和代理防护 / 10.4 浮选 DCS 具体公式,fx_s{s}_{c}_bv_pos,"meas(u_bv_{s,c})","fx_s{s}_{c}_bv_pos=meas(u_bv_{s,c})","meas;u_bv_{s,c}",dcs,executable,yes,canonical,
V5_0382,flotation,1680,10. DCS 具体生成公式和代理防护 / 10.4 浮选 DCS 具体公式,fx_s{s}_{c}_level,"meas(L_cell_aerated_{s,c})","fx_s{s}_{c}_level=meas(L_cell_aerated_{s,c})","meas;L_cell_aerated_{s,c}",dcs,executable,yes,canonical,
V5_0383,flotation,1682,10. DCS 具体生成公式和代理防护 / 10.4 浮选 DCS 具体公式,fx_s{s}_{c}_level_valve_fb,"meas(u_lv_fb_{s,c})","fx_s{s}_{c}_level_valve_fb=meas(u_lv_fb_{s,c})","meas;u_lv_fb_{s,c}",dcs,executable,yes,canonical,
V5_0384,flotation,1681,10. DCS 具体生成公式和代理防护 / 10.4 浮选 DCS 具体公式,fx_s{s}_{c}_level_valve_sp,"meas(u_lv_sp_{s,c})","fx_s{s}_{c}_level_valve_sp=meas(u_lv_sp_{s,c})","meas;u_lv_sp_{s,c}",dcs,executable,yes,canonical,
V5_0385,flotation,1686,10. DCS 具体生成公式和代理防护 / 10.4 浮选 DCS 具体公式,fx_s{s}_{c}_motor_curr,"meas(I_cell_motor_phys_{s,c})","fx_s{s}_{c}_motor_curr=meas(I_cell_motor_phys_{s,c})","meas;I_cell_motor_phys_{s,c}",dcs,executable,yes,canonical,
V5_0386,flotation,1688,10. DCS 具体生成公式和代理防护 / 10.4 浮选 DCS 具体公式,fx_s{s}_{drug}_curr,"meas(I_drug_j_phys_{s,drug})","fx_s{s}_{drug}_curr=meas(I_drug_j_phys_{s,drug})","meas;I_drug_j_phys_{s,drug}",dcs,executable,yes,canonical,
V5_0387,flotation,1687,10. DCS 具体生成公式和代理防护 / 10.4 浮选 DCS 具体公式,fx_s{s}_{drug}_freq,"meas(f_{s,drug})","fx_s{s}_{drug}_freq=meas(f_{s,drug})","meas;f_{s,drug}",dcs,executable,yes,canonical,
V5_0389,flotation,1558,10. DCS 具体生成公式和代理防护 / 10.4 浮选 DCS 具体公式,"gas_holdup_{s,c}","clip( k_gas_c*Q_air_{s,c}*(1+k_mu_gas_c*max(mu_slurry_s-mu_ref,0)), 0,gas_holdup_max_c)","gas_holdup_{s,c}=clip( k_gas_c*Q_air_{s,c}*(1+k_mu_gas_c*max(mu_slurry_s-mu_ref,0)), 0,gas_holdup_max_c)","k_gas_c;Q_air_{s,c};k_mu_gas_c;mu_slurry_s;mu_ref;gas_holdup_max_c",derived,executable,no,canonical,
V5_0391,flotation,1609,10. DCS 具体生成公式和代理防护 / 10.4 浮选 DCS 具体公式,"grade_cell_j_{s,c}","M_cell_j_prev_{s,c}/max(M_cell_solid_prev_{s,c},eps)","grade_cell_j_{s,c}=M_cell_j_prev_{s,c}/max(M_cell_solid_prev_{s,c},eps)","M_cell_j_prev_{s,c};M_cell_solid_prev_{s,c}",derived,executable,no,canonical,
V5_0392,tower_mill,1363,10. DCS 具体生成公式和代理防护 / 10.3 塔磨 DCS 具体公式,grind_difficulty,kWI*(WI_mill-WI_ref) + kcoarse*(1-F325_sand) + kC*(C_mill-C_opt)^2 + kmu*(mu_feed-mu_ref) + kCL*(circulating_load-CL_ref),grind_difficulty = kWI*(WI_mill-WI_ref) + kcoarse*(1-F325_sand) + kC*(C_mill-C_opt)^2 + kmu*(mu_feed-mu_ref) + kCL*(circulating_load-CL_ref),kWI;WI_mill;WI_ref;kcoarse;F325_sand;kC;C_mill;C_opt;kmu;mu_feed;mu_ref;kCL;circulating_load;CL_ref,derived,executable,no,canonical,
V5_0394,flotation,1568,10. DCS 具体生成公式和代理防护 / 10.4 浮选 DCS 具体公式,"h_froth_{s,c}","h_ss_{s,c}+(h_froth_prev_{s,c}-h_ss_{s,c})*exp(-dt/tau_froth_c)","h_froth_{s,c}=h_ss_{s,c}+(h_froth_prev_{s,c}-h_ss_{s,c})*exp(-dt/tau_froth_c)","h_ss_{s,c};h_froth_prev_{s,c};tau_froth_c",derived,executable,no,canonical,
V5_0396,flotation,1567,10. DCS 具体生成公式和代理防护 / 10.4 浮选 DCS 具体公式,"h_ss_{s,c}","k_h_c*Q_air_{s,c}*hydrophobic_load_{s,c}*froth_stability_{s,c}/max(k_collapse_c+k_scrape_c*scraper_speed_{s,c},eps)","h_ss_{s,c}=k_h_c*Q_air_{s,c}*hydrophobic_load_{s,c}*froth_stability_{s,c}/max(k_collapse_c+k_scrape_c*scraper_speed_{s,c},eps)","k_h_c;Q_air_{s,c};hydrophobic_load_{s,c};froth_stability_{s,c};k_collapse_c;k_scrape_c;scraper_speed_{s,c}",derived,executable,no,canonical,
V5_0397,flotation,1541,10. DCS 具体生成公式和代理防护 / 10.4 浮选 DCS 具体公式,header_resistance,R_header0*(1+k_header_dust*air_filter_fouling+k_header_valve*mean(1-u_bv)),header_resistance = R_header0*(1+k_header_dust*air_filter_fouling+k_header_valve*mean(1-u_bv)),R_header0;k_header_dust;air_filter_fouling;k_header_valve;u_bv,derived,executable,no,canonical,
V5_0399,flotation,1534,10. DCS 具体生成公式和代理防护 / 10.4 浮选 DCS 具体公式,"hydrophobic_load_{s,c}","M_froth_gangue_lag_{s,c}+M_froth_fe_sil_lag_{s,c}+M_froth_fe_carb_lag_{s,c}+k_fe_froth*(M_froth_fe_mag_lag_{s,c}+M_froth_fe_hem_lag_{s,c})","hydrophobic_load_{s,c}=M_froth_gangue_lag_{s,c}+M_froth_fe_sil_lag_{s,c}+M_froth_fe_carb_lag_{s,c}+k_fe_froth*(M_froth_fe_mag_lag_{s,c}+M_froth_fe_hem_lag_{s,c})","M_froth_gangue_lag_{s,c};M_froth_fe_sil_lag_{s,c};M_froth_fe_carb_lag_{s,c};k_fe_froth;M_froth_fe_mag_lag_{s,c};M_froth_fe_hem_lag_{s,c}",derived,executable,no,canonical,
V5_0400,global,250,2. 全局变量分类 / 2.2 隐藏物料状态,hydrophobic_potential,h0 + h_lib*Liberation_gangue + h_sil*r_sil + h_carb*r_carb + h_fine*f25 - h_k6*dose_DF_K6 + h_ca*Ca2_effect,hydrophobic_potential = h0 + h_lib*Liberation_gangue + h_sil*r_sil + h_carb*r_carb + h_fine*f25 - h_k6*dose_DF_K6 + h_ca*Ca2_effect,h0;h_lib;Liberation_gangue;h_sil;r_sil;h_carb;r_carb;h_fine;f25;h_k6;dose_DF_K6;h_ca;Ca2_effect,derived,definition,no,canonical,
V5_0401,tower_mill,1356,10. DCS 具体生成公式和代理防护 / 10.3 塔磨 DCS 具体公式,inst_circ_load,"M_sand/max(M_overflow,eps)","inst_circ_load = M_sand/max(M_overflow,eps)",M_sand;M_overflow,derived,executable,no,canonical,
V5_0403,flotation,1604,10. DCS 具体生成公式和代理防护 / 10.4 浮选 DCS 具体公式,"k_float_carb_{s,c}","k_float_gangue_{s,c}*(1+a_carb_c*r_carb_s)*E_Ca2_carb_s","k_float_carb_{s,c}=k_float_gangue_{s,c}*(1+a_carb_c*r_carb_s)*E_Ca2_carb_s","k_float_gangue_{s,c};a_carb_c;r_carb_s;E_Ca2_carb_s",derived,executable,no,canonical,
V5_0405,flotation,1606,10. DCS 具体生成公式和代理防护 / 10.4 浮选 DCS 具体公式,"k_float_fe_hem_{s,c}","k0_hem_c*(1-E_depressant_{s,c})*entrainment_factor_{s,c}","k_float_fe_hem_{s,c}=k0_hem_c*(1-E_depressant_{s,c})*entrainment_factor_{s,c}","k0_hem_c;E_depressant_{s,c};entrainment_factor_{s,c}",derived,executable,no,canonical,
V5_0407,flotation,1605,10. DCS 具体生成公式和代理防护 / 10.4 浮选 DCS 具体公式,"k_float_fe_mag_{s,c}","k0_mag_c*(1-E_depressant_{s,c})*entrainment_factor_{s,c}","k_float_fe_mag_{s,c}=k0_mag_c*(1-E_depressant_{s,c})*entrainment_factor_{s,c}","k0_mag_c;E_depressant_{s,c};entrainment_factor_{s,c}",derived,executable,no,canonical,
V5_0409,flotation,1602,10. DCS 具体生成公式和代理防护 / 10.4 浮选 DCS 具体公式,"k_float_gangue_{s,c}","k0_g_c*E_collector_{s,c}*E_pH_{s,c}*E_air_{s,c}*E_density_{s,c}*E_size_{s,c}*E_lib_g_{s,c}*E_mu_{s,c}","k_float_gangue_{s,c}=k0_g_c*E_collector_{s,c}*E_pH_{s,c}*E_air_{s,c}*E_density_{s,c}*E_size_{s,c}*E_lib_g_{s,c}*E_mu_{s,c}","k0_g_c;E_collector_{s,c};E_pH_{s,c};E_air_{s,c};E_density_{s,c};E_size_{s,c};E_lib_g_{s,c};E_mu_{s,c}",derived,executable,no,canonical,
V5_0411,flotation,1603,10. DCS 具体生成公式和代理防护 / 10.4 浮选 DCS 具体公式,"k_float_sil_{s,c}","k_float_gangue_{s,c}*(1+a_sil_c*r_sil_s)*E_Ca2_sil_s","k_float_sil_{s,c}=k_float_gangue_{s,c}*(1+a_sil_c*r_sil_s)*E_Ca2_sil_s","k_float_gangue_{s,c};a_sil_c;r_sil_s;E_Ca2_sil_s",derived,executable,no,canonical,
V5_0412,lab,1038,8. 过程化验设计 / ,lab_sample,"100*true_value_at_sample_point+N(0,sigma_sampling)+N(0,sigma_assay)","lab_sample=100*true_value_at_sample_point+N(0,sigma_sampling)+N(0,sigma_assay)",true_value_at_sample_point;sigma_sampling;sigma_assay,derived,executable,no,canonical,
V5_0413,lab,1041,8. 过程化验设计 / ,lab_var,NaN,lab_var=NaN,NaN,derived,executable,no,canonical,
V5_0414,boundary,433,4. 入口边界因果模型 / ,lab_{i}_eryi_f200,"100*_x_eryi_line{i}_f200+N(0,sigma_f200_pct)","lab_{i}_eryi_f200=100*_x_eryi_line{i}_f200+N(0,sigma_f200_pct)",_x_eryi_line;i;_f200;sigma_f200_pct,derived,executable,no,canonical,
V5_0415,boundary,432,4. 入口边界因果模型 / ,lab_{i}_eryi_tfe,"100*_x_eryi_line{i}_tfe+N(0,sigma_tfe_pct)","lab_{i}_eryi_tfe=100*_x_eryi_line{i}_tfe+N(0,sigma_tfe_pct)",_x_eryi_line;i;_tfe;sigma_tfe_pct,derived,executable,no,canonical,
V5_0417,flotation,1587,10. DCS 具体生成公式和代理防护 / 10.4 浮选 DCS 具体公式,"lip_clearance_{s,c}","L_cell_{s,c}+h_froth_{s,c}-H_lip_reference_c","lip_clearance_{s,c}=L_cell_{s,c}+h_froth_{s,c}-H_lip_reference_c","L_cell_{s,c};h_froth_{s,c};H_lip_reference_c",derived,executable,no,canonical,
V5_0418,magnetic,1207,10. DCS 具体生成公式和代理防护 / 10.2 磁选 DCS 具体公式,magnetic_difficulty,"w_low_mag*clip(r_mag_ref-r_mag,0,1) + w_low_lib*(1-Liberation_fe) + w_coarse*(1-F200) + w_load*(Q_feed-Q_ref)/max(Q_ref,eps) + w_harmful*(r_carb+r_sil)","magnetic_difficulty = w_low_mag*clip(r_mag_ref-r_mag,0,1) + w_low_lib*(1-Liberation_fe) + w_coarse*(1-F200) + w_load*(Q_feed-Q_ref)/max(Q_ref,eps) + w_harmful*(r_carb+r_sil)",w_low_mag;r_mag_ref;r_mag;w_low_lib;Liberation_fe;w_coarse;F200;w_load;Q_feed;Q_ref;w_harmful;r_carb;r_sil,derived,executable,no,canonical,
V5_0419,magnetic,1233,10. DCS 具体生成公式和代理防护 / 10.2 磁选 DCS 具体公式,matrix_clog,"clip(matrix_clog_prev+dt*(clog_buildup-clog_wash),0,1)","matrix_clog = clip(matrix_clog_prev+dt*(clog_buildup-clog_wash),0,1)",matrix_clog_prev;clog_buildup;clog_wash,derived,executable,no,canonical,
V5_0420,flotation,1652,10. DCS 具体生成公式和代理防护 / 10.4 浮选 DCS 具体公式,"mixer_power_{s,k}","sqrt(3)*V_mixer_k*I_mixer_phys_{s,k}*pf_mixer_k*eta_mixer_k/1000","mixer_power_{s,k}=sqrt(3)*V_mixer_k*I_mixer_phys_{s,k}*pf_mixer_k*eta_mixer_k/1000","V_mixer_k;I_mixer_phys_{s,k};pf_mixer_k;eta_mixer_k",derived,executable,no,canonical,
V5_0421,tower_mill,1309,10. DCS 具体生成公式和代理防护 / 10.3 塔磨 DCS 具体公式,mu_feed,"mu_slurry(C_feed,clay,f25,r_sil,T_slurry_feed)","mu_feed = mu_slurry(C_feed,clay,f25,r_sil,T_slurry_feed)",mu_slurry;C_feed;clay;f25;r_sil;T_slurry_feed,derived,executable,no,canonical,
V5_0422,global,207,2. 全局变量分类 / 2.2 隐藏物料状态,mu_slurry,mu_water * exp(k_C_mu*C/(1-C+eps)) * (1+k_clay_mu*clay) * (1+k_f25_mu*f25) * (1+k_sil_mu*r_sil) * exp(k_temp_mu*(T_ref-T_slurry)),mu_slurry = mu_water * exp(k_C_mu*C/(1-C+eps)) * (1+k_clay_mu*clay) * (1+k_f25_mu*f25) * (1+k_sil_mu*r_sil) * exp(k_temp_mu*(T_ref-T_slurry)),mu_water;k_C_mu;k_clay_mu;clay;k_f25_mu;f25;k_sil_mu;r_sil;k_temp_mu;T_ref;T_slurry,derived,definition,no,canonical,
V5_0424,flotation,1459,10. DCS 具体生成公式和代理防护 / 10.4 浮选 DCS 具体公式,mu_under_s,"mu_slurry(C_under_s,clay_s,f25_s,r_sil_s,T_under_s)","mu_under_s = mu_slurry(C_under_s,clay_s,f25_s,r_sil_s,T_under_s)",mu_slurry;C_under_s;clay_s;f25_s;r_sil_s;T_under_s,derived,executable,no,canonical,
V5_0425,tower_mill,1390,10. DCS 具体生成公式和代理防护 / 10.3 塔磨 DCS 具体公式,oil_cooling_flow,"k_oil_cooler*u_oil_cooler*sqrt(max(cooling_water_pressure,0))","oil_cooling_flow = k_oil_cooler*u_oil_cooler*sqrt(max(cooling_water_pressure,0))",k_oil_cooler;u_oil_cooler;cooling_water_pressure,derived,executable,no,canonical,
V5_0426,tower_mill,1387,10. DCS 具体生成公式和代理防护 / 10.3 塔磨 DCS 具体公式,oil_flow,k_oil_pump*f_oil_pump*health_oil_pump,oil_flow = k_oil_pump*f_oil_pump*health_oil_pump,k_oil_pump;f_oil_pump;health_oil_pump,derived,executable,no,canonical,
V5_0427,dcs,1186,10. DCS 具体生成公式和代理防护 / 10.1 显著目标代理禁止规则,online_froth_proxy,"standardized(froth_h_lag, air_flow_lag, reagent_freq_lag)","online_froth_proxy = standardized(froth_h_lag, air_flow_lag, reagent_freq_lag)",standardized;froth_h_lag;air_flow_lag;reagent_freq_lag,derived,executable,no,canonical,
V5_0428,dcs,1185,10. DCS 具体生成公式和代理防护 / 10.1 显著目标代理禁止规则,online_load_proxy,"standardized(tm_motor_current_lag, cyclone_pressure_lag, feed_flow_lag)","online_load_proxy = standardized(tm_motor_current_lag, cyclone_pressure_lag, feed_flow_lag)",standardized;tm_motor_current_lag;cyclone_pressure_lag;feed_flow_lag,derived,executable,no,canonical,
V5_0429,tower_mill,600,6. 塔磨与旋流器因果模型 / 6.2 泵池与旋流器,overflow_j,"feed_j*partition_fine_j(d50,alpha_ov)","overflow_j=feed_j*partition_fine_j(d50,alpha_ov)",feed_j;partition_fine_j;d50;alpha_ov,derived,executable,no,manual_promoted,Manually promoted from concept/reference coverage review into executable formulas.
V5_0431,flotation,1528,10. DCS 具体生成公式和代理防护 / 10.4 浮选 DCS 具体公式,pH_s,pH_ss_s+(pH_prev_s-pH_ss_s)*exp(-dt/tau_pH),pH_s=pH_ss_s+(pH_prev_s-pH_ss_s)*exp(-dt/tau_pH),pH_ss_s;pH_prev_s;tau_pH,derived,executable,no,canonical,
V5_0433,flotation,1520,10. DCS 具体生成公式和代理防护 / 10.4 浮选 DCS 具体公式,pH_sp_s,"clip(pH_nom+Kcarb_sp*(r_carb_s-r_carb_ref)+Ksil_sp*(r_sil_s-r_sil_ref)+operator_trim_pH_s+PRBS_pH_s,pH_min,pH_max)","pH_sp_s=clip(pH_nom+Kcarb_sp*(r_carb_s-r_carb_ref)+Ksil_sp*(r_sil_s-r_sil_ref)+operator_trim_pH_s+PRBS_pH_s,pH_min,pH_max)",pH_nom;Kcarb_sp;r_carb_s;r_carb_ref;Ksil_sp;r_sil_s;r_sil_ref;operator_trim_pH_s;PRBS_pH_s;pH_min;pH_max,derived,executable,no,canonical,
V5_0435,flotation,1527,10. DCS 具体生成公式和代理防护 / 10.4 浮选 DCS 具体公式,pH_ss_s,"pH_base+k_pH*log1p(OH_effect_s/max(buffer_capacity_s,eps))","pH_ss_s=pH_base+k_pH*log1p(OH_effect_s/max(buffer_capacity_s,eps))",pH_base;k_pH;OH_effect_s;buffer_capacity_s,derived,executable,no,canonical,
V5_0436,flotation,1471,10. DCS 具体生成公式和代理防护 / 10.4 浮选 DCS 具体公式,quality_proxy_s,w_tm_lab*ffill_reported(lab_tm_overflow_tfe)+w_mag_lab*ffill_reported(lab_mag_mixed_conc_tfe)+w_load*standardize(agg_tm_motor_current_lag)+w_pressure*standardize(agg_tm_cyclone_feed_pressure_lag)+w_froth*standardize(mean_froth_h_lag),quality_proxy_s = w_tm_lab*ffill_reported(lab_tm_overflow_tfe)+w_mag_lab*ffill_reported(lab_mag_mixed_conc_tfe)+w_load*standardize(agg_tm_motor_current_lag)+w_pressure*standardize(agg_tm_cyclone_feed_pressure_lag)+w_froth*standardize(mean_froth_h_lag),w_tm_lab;ffill_reported;lab_tm_overflow_tfe;w_mag_lab;lab_mag_mixed_conc_tfe;w_load;standardize;agg_tm_motor_current_lag;w_pressure;agg_tm_cyclone_feed_pressure_lag;w_froth;mean_froth_h_lag,derived,executable,no,manual_override,Manual override: V4 rhs_excerpt was truncated at standardize(mean_froth_h_lag).
V5_0437,flotation,1650,10. DCS 具体生成公式和代理防护 / 10.4 浮选 DCS 具体公式,"reagent_heat_load_{s,k}","sum_j(tank_map_{k,j}*Q_{s,j}_ml_s*Cp_reagent_j*(T_reagent_in_j-T_tank_{s,k}))","reagent_heat_load_{s,k}=sum_j(tank_map_{k,j}*Q_{s,j}_ml_s*Cp_reagent_j*(T_reagent_in_j-T_tank_{s,k}))","tank_map_{k,j};Q_{s,j};_ml_s;Cp_reagent_j;T_reagent_in_j;T_tank_{s,k}",derived,executable,no,canonical,
V5_0438,flotation,1647,10. DCS 具体生成公式和代理防护 / 10.4 浮选 DCS 具体公式,"reagent_viscosity_{s,j}","mu_reagent0_j*exp(kT_reagent_j*(T_ref-T_tank_{s,tank_of(j)}))","reagent_viscosity_{s,j}=mu_reagent0_j*exp(kT_reagent_j*(T_ref-T_tank_{s,tank_of(j)}))","mu_reagent0_j;kT_reagent_j;T_ref;T_tank_{s,tank_of(j)}",derived,executable,no,canonical,
V5_0439,lab,1039,8. 过程化验设计 / ,report_time,sample_time+report_delay,report_time=sample_time+report_delay,sample_time;report_delay,derived,executable,no,canonical,
V5_0440,tower_mill,1308,10. DCS 具体生成公式和代理防护 / 10.3 塔磨 DCS 具体公式,rho_feed,"rho_slurry(C_feed,rho_solid_mix)","rho_feed = rho_slurry(C_feed,rho_solid_mix)",rho_slurry;C_feed;rho_solid_mix,derived,executable,no,canonical,
V5_0441,tower_mill,1340,10. DCS 具体生成公式和代理防护 / 10.3 塔磨 DCS 具体公式,rho_overflow,"(M_tm_overflow_solid+M_tm_overflow_water)/max(Q_overflow,eps)","rho_overflow = (M_tm_overflow_solid+M_tm_overflow_water)/max(Q_overflow,eps)",M_tm_overflow_solid;M_tm_overflow_water;Q_overflow,derived,executable,no,canonical,
V5_0442,global,201,2. 全局变量分类 / 2.2 隐藏物料状态,rho_slurry,"M_wet/max(V_slurry,eps)","rho_slurry = M_wet/max(V_slurry,eps)",M_wet;V_slurry,derived,definition,no,canonical,
V5_0443,global,185,2. 全局变量分类 / 2.2 隐藏物料状态,rho_solid_mix,"M_solid / max( Fe_mag/rho_fe_mag + Fe_hem/rho_fe_hem + Fe_carb/rho_fe_carb + Fe_sil/rho_fe_sil + Gangue/rho_gangue, eps)","rho_solid_mix = M_solid / max( Fe_mag/rho_fe_mag + Fe_hem/rho_fe_hem + Fe_carb/rho_fe_carb + Fe_sil/rho_fe_sil + Gangue/rho_gangue, eps)",M_solid;Fe_mag;rho_fe_mag;Fe_hem;rho_fe_hem;Fe_carb;rho_fe_carb;Fe_sil;rho_fe_sil;Gangue;rho_gangue,derived,definition,no,canonical,
V5_0444,boundary,348,4. 入口边界因果模型 / ,rho_solid_mix_i,"M_solid_i / max( Fe_mag_i/rho_fe_mag + Fe_hem_i/rho_fe_hem + Fe_carb_i/rho_fe_carb + Fe_sil_i/rho_fe_sil + Gangue_i/rho_gangue, eps)","rho_solid_mix_i = M_solid_i / max( Fe_mag_i/rho_fe_mag + Fe_hem_i/rho_fe_hem + Fe_carb_i/rho_fe_carb + Fe_sil_i/rho_fe_sil + Gangue_i/rho_gangue, eps)",M_solid_i;Fe_mag_i;rho_fe_mag;Fe_hem_i;rho_fe_hem;Fe_carb_i;rho_fe_carb;Fe_sil_i;rho_fe_sil;Gangue_i;rho_gangue,derived,executable,no,canonical,
V5_0445,boundary,398,4. 入口边界因果模型 / ,rho_solid_mix_mixed,"M_solid_mixed / max( sum_i(Fe_mag_i/rho_fe_mag) + sum_i(Fe_hem_i/rho_fe_hem) + sum_i(Fe_carb_i/rho_fe_carb) + sum_i(Fe_sil_i/rho_fe_sil) + sum_i(Gangue_i/rho_gangue), eps)","rho_solid_mix_mixed = M_solid_mixed / max( sum_i(Fe_mag_i/rho_fe_mag) + sum_i(Fe_hem_i/rho_fe_hem) + sum_i(Fe_carb_i/rho_fe_carb) + sum_i(Fe_sil_i/rho_fe_sil) + sum_i(Gangue_i/rho_gangue), eps)",M_solid_mixed;Fe_mag_i;rho_fe_mag;Fe_hem_i;rho_fe_hem;Fe_carb_i;rho_fe_carb;Fe_sil_i;rho_fe_sil;Gangue_i;rho_gangue,derived,executable,no,canonical,
V5_0446,tower_mill,1342,10. DCS 具体生成公式和代理防护 / 10.3 塔磨 DCS 具体公式,rho_tm_overflow,rho_overflow,rho_tm_overflow = rho_overflow,rho_overflow,derived,executable,no,canonical,
V5_0448,flotation,1457,10. DCS 具体生成公式和代理防护 / 10.4 浮选 DCS 具体公式,rho_under_s,"rho_slurry(C_under_s,rho_solid_mix_s)","rho_under_s = rho_slurry(C_under_s,rho_solid_mix_s)",rho_slurry;C_under_s;rho_solid_mix_s,derived,executable,no,canonical,
V5_0450,tower_mill,601,6. 塔磨与旋流器因果模型 / 6.2 泵池与旋流器,sand_j,feed_j-overflow_j,sand_j=feed_j-overflow_j,feed_j;overflow_j,derived,executable,no,manual_promoted,Manually promoted from concept/reference coverage review into executable formulas.
V5_0452,flotation,1563,10. DCS 具体生成公式和代理防护 / 10.4 浮选 DCS 具体公式,"scraper_speed_{s,c}","clip( scraper_nom_c+K_scrape_P_c*max(h_froth_{s,c}-h_scrape_ref_c,0), speed_min_c,speed_max_c)","scraper_speed_{s,c}=clip( scraper_nom_c+K_scrape_P_c*max(h_froth_{s,c}-h_scrape_ref_c,0), speed_min_c,speed_max_c)","scraper_nom_c;K_scrape_P_c;h_froth_{s,c};h_scrape_ref_c;speed_min_c;speed_max_c",derived,executable,no,canonical,
V5_0454,magnetic,1249,10. DCS 具体生成公式和代理防护 / 10.2 磁选 DCS 具体公式,specific_gravity,"rho_slurry/max(rho_water,eps)","specific_gravity = rho_slurry/max(rho_water,eps)",rho_slurry;rho_water,derived,executable,no,canonical,
V5_0455,flotation,1627,10. DCS 具体生成公式和代理防护 / 10.4 浮选 DCS 具体公式,split_s1_meter1,"clip(split_meter_nom+Kpipe_s1*(pipe_resistance_s1_2-pipe_resistance_s1_1)+N(0,sigma_split_meter),0.40,0.60)","split_s1_meter1 = clip(split_meter_nom+Kpipe_s1*(pipe_resistance_s1_2-pipe_resistance_s1_1)+N(0,sigma_split_meter),0.40,0.60)",split_meter_nom;Kpipe_s1;pipe_resistance_s1_2;pipe_resistance_s1_1;sigma_split_meter,derived,executable,no,canonical,
V5_0456,flotation,1624,10. DCS 具体生成公式和代理防护 / 10.4 浮选 DCS 具体公式,split_s1_total,"clip(split_s1_nom+Ksplit_s1*(L_pool_s2-L_pool_s1)+operator_trim_split_s1,0.35,0.65)","split_s1_total = clip(split_s1_nom+Ksplit_s1*(L_pool_s2-L_pool_s1)+operator_trim_split_s1,0.35,0.65)",split_s1_nom;Ksplit_s1;L_pool_s2;L_pool_s1;operator_trim_split_s1,derived,executable,no,canonical,
V5_0457,flotation,1628,10. DCS 具体生成公式和代理防护 / 10.4 浮选 DCS 具体公式,split_s2_meter1,"clip(split_meter_nom+Kpipe_s2*(pipe_resistance_s2_2-pipe_resistance_s2_1)+N(0,sigma_split_meter),0.40,0.60)","split_s2_meter1 = clip(split_meter_nom+Kpipe_s2*(pipe_resistance_s2_2-pipe_resistance_s2_1)+N(0,sigma_split_meter),0.40,0.60)",split_meter_nom;Kpipe_s2;pipe_resistance_s2_2;pipe_resistance_s2_1;sigma_split_meter,derived,executable,no,canonical,
V5_0458,magnetic,1244,10. DCS 具体生成公式和代理防护 / 10.2 磁选 DCS 具体公式,split_tail_1,"clip(split_tail_1_nom+K_asym_tail*(matrix_clog-matrix_clog_ref)+operator_trim_tail_split,0.25,0.75)","split_tail_1 = clip(split_tail_1_nom+K_asym_tail*(matrix_clog-matrix_clog_ref)+operator_trim_tail_split,0.25,0.75)",split_tail_1_nom;K_asym_tail;matrix_clog;matrix_clog_ref;operator_trim_tail_split,derived,executable,no,canonical,
V5_0459,flotation,1664,10. DCS 具体生成公式和代理防护 / 10.4 浮选 DCS 具体公式,sum_cell_power_s1,"sum_c(P_cell_motor_{1,c})","sum_cell_power_s1=sum_c(P_cell_motor_{1,c})","sum_c;P_cell_motor_{1,c}",derived,executable,no,canonical,
V5_0460,flotation,1665,10. DCS 具体生成公式和代理防护 / 10.4 浮选 DCS 具体公式,sum_cell_power_s2,"sum_c(P_cell_motor_{2,c})","sum_cell_power_s2=sum_c(P_cell_motor_{2,c})","sum_c;P_cell_motor_{2,c}",derived,executable,no,canonical,
V5_0461,flotation,1668,10. DCS 具体生成公式和代理防护 / 10.4 浮选 DCS 具体公式,sum_drug_power_s1,"sum_j(P_drug_pump_{1,j})","sum_drug_power_s1=sum_j(P_drug_pump_{1,j})","P_drug_pump_{1,j}",derived,executable,no,canonical,
V5_0462,flotation,1669,10. DCS 具体生成公式和代理防护 / 10.4 浮选 DCS 具体公式,sum_drug_power_s2,"sum_j(P_drug_pump_{2,j})","sum_drug_power_s2=sum_j(P_drug_pump_{2,j})","P_drug_pump_{2,j}",derived,executable,no,canonical,
V5_0463,flotation,1666,10. DCS 具体生成公式和代理防护 / 10.4 浮选 DCS 具体公式,sum_pool_power_s1,"sum_k(P_pool_pump_{1,k})","sum_pool_power_s1=sum_k(P_pool_pump_{1,k})","sum_k;P_pool_pump_{1,k}",derived,executable,no,canonical,
V5_0464,flotation,1667,10. DCS 具体生成公式和代理防护 / 10.4 浮选 DCS 具体公式,sum_pool_power_s2,"sum_k(P_pool_pump_{2,k})","sum_pool_power_s2=sum_k(P_pool_pump_{2,k})","sum_k;P_pool_pump_{2,k}",derived,executable,no,canonical,
V5_0465,magnetic,535,5. 磁选因果模型 / 5.3 分选公式,tail_j,feed_j-conc_j,tail_j=feed_j-conc_j,feed_j;conc_j,derived,executable,no,manual_promoted,Manually promoted from concept/reference coverage review into executable formulas.
V5_0467,flotation,1613,10. DCS 具体生成公式和代理防护 / 10.4 浮选 DCS 具体公式,"tail_j_rate_{s,c}","Q_out_solid_{s,c}*grade_cell_j_{s,c}","tail_j_rate_{s,c}=Q_out_solid_{s,c}*grade_cell_j_{s,c}","Q_out_solid_{s,c};grade_cell_j_{s,c}",derived,executable,no,canonical,
V5_0468,flotation,1617,10. DCS 具体生成公式和代理防护 / 10.4 浮选 DCS 具体公式,"tail_j_{s,c}","tail_j_rate_{s,c}*dt","tail_j_{s,c}=tail_j_rate_{s,c}*dt","tail_j_rate_{s,c}",derived,executable,no,canonical,
V5_0470,tower_mill,1290,10. DCS 具体生成公式和代理防护 / 10.3 塔磨 DCS 具体公式,tau_cyc_pool,"max(L_pool*A_pool/max(Q_pump_prev,eps),min_tau_cyc_pool)","tau_cyc_pool = max(L_pool*A_pool/max(Q_pump_prev,eps),min_tau_cyc_pool)",L_pool;A_pool;Q_pump_prev;min_tau_cyc_pool,derived,executable,no,canonical,
V5_0472,flotation,1586,10. DCS 具体生成公式和代理防护 / 10.4 浮选 DCS 具体公式,"tau_stage_h_{s,c}","V_pulp_actual_{s,c}/max(Q_out_cell_{s,c},eps)","tau_stage_h_{s,c}=V_pulp_actual_{s,c}/max(Q_out_cell_{s,c},eps)","V_pulp_actual_{s,c};Q_out_cell_{s,c}",derived,executable,no,canonical,
V5_0473,global,290,3. 基础动态函数 / ,u_actual,"sat_act(u_sp,u_min,u_max,tau_act)","u_actual = sat_act(u_sp,u_min,u_max,tau_act)",u_sp;u_min;u_max;tau_act,derived,definition,no,canonical,
V5_0474,magnetic,1254,10. DCS 具体生成公式和代理防护 / 10.2 磁选 DCS 具体公式,u_blowdown_phys,"clip(u_bd_nom+Kclog_bd*matrix_clog+Ktimer_bd*event_bd_timer,0,1)","u_blowdown_phys = clip(u_bd_nom+Kclog_bd*matrix_clog+Ktimer_bd*event_bd_timer,0,1)",u_bd_nom;Kclog_bd;matrix_clog;Ktimer_bd;event_bd_timer,physical_signal,executable,no,canonical,
V5_0476,flotation,1555,10. DCS 具体生成公式和代理防护 / 10.4 浮选 DCS 具体公式,"u_bv_sp_{s,c}","clip(k_air_valve_c*Q_air_sp_{s,c}/sqrt(max(P_header-P_cell_{s,c},eps)),0.1,0.9)","u_bv_sp_{s,c}=clip(k_air_valve_c*Q_air_sp_{s,c}/sqrt(max(P_header-P_cell_{s,c},eps)),0.1,0.9)","k_air_valve_c;Q_air_sp_{s,c};P_header;P_cell_{s,c}",derived,executable,no,canonical,
V5_0477,flotation,1556,10. DCS 具体生成公式和代理防护 / 10.4 浮选 DCS 具体公式,"u_bv_{s,c}","u_bv_sp_{s,c}+(u_bv_prev_{s,c}-u_bv_sp_{s,c})*exp(-dt/tau_bv_c)","u_bv_{s,c}=u_bv_sp_{s,c}+(u_bv_prev_{s,c}-u_bv_sp_{s,c})*exp(-dt/tau_bv_c)","u_bv_sp_{s,c};u_bv_prev_{s,c};tau_bv_c",derived,executable,no,canonical,
V5_0478,magnetic,1261,10. DCS 具体生成公式和代理防护 / 10.2 磁选 DCS 具体公式,u_flush,u_flush_sp+(u_flush_prev-u_flush_sp)*exp(-dt/tau_flush_valve),u_flush = u_flush_sp+(u_flush_prev-u_flush_sp)*exp(-dt/tau_flush_valve),u_flush_sp;u_flush_prev;tau_flush_valve,derived,executable,no,canonical,
V5_0479,magnetic,1256,10. DCS 具体生成公式和代理防护 / 10.2 磁选 DCS 具体公式,u_flush_sp,"clip( u_flush_nom + Kclog_flush_u*matrix_clog + Kload_flush_u*(Q_feed-Q_ref)/max(Q_ref,eps), 0,1)","u_flush_sp = clip( u_flush_nom + Kclog_flush_u*matrix_clog + Kload_flush_u*(Q_feed-Q_ref)/max(Q_ref,eps), 0,1)",u_flush_nom;Kclog_flush_u;matrix_clog;Kload_flush_u;Q_feed;Q_ref,setpoint,executable,no,canonical,
V5_0481,flotation,1583,10. DCS 具体生成公式和代理防护 / 10.4 浮选 DCS 具体公式,"u_lv_fb_{s,c}","u_lv_sp_{s,c}+(u_lv_fb_prev_{s,c}-u_lv_sp_{s,c})*exp(-dt/tau_lv_c)","u_lv_fb_{s,c}=u_lv_sp_{s,c}+(u_lv_fb_prev_{s,c}-u_lv_sp_{s,c})*exp(-dt/tau_lv_c)","u_lv_sp_{s,c};u_lv_fb_prev_{s,c};tau_lv_c",derived,executable,no,canonical,
V5_0483,flotation,1582,10. DCS 具体生成公式和代理防护 / 10.4 浮选 DCS 具体公式,"u_lv_sp_{s,c}","clip(u0_c+Kp_L_c*(L_sp_c-L_cell_aerated_lag_{s,c})+Ki_L_c*int_L_error_{s,c},0,1)","u_lv_sp_{s,c}=clip(u0_c+Kp_L_c*(L_sp_c-L_cell_aerated_lag_{s,c})+Ki_L_c*int_L_error_{s,c},0,1)","u0_c;Kp_L_c;L_sp_c;L_cell_aerated_lag_{s,c};Ki_L_c;int_L_error_{s,c}",derived,executable,no,canonical,
V5_0484,tower_mill,1389,10. DCS 具体生成公式和代理防护 / 10.3 塔磨 DCS 具体公式,u_oil_cooler,u_oil_cooler_sp+(u_oil_cooler_prev-u_oil_cooler_sp)*exp(-dt/tau_oil_cooler),u_oil_cooler = u_oil_cooler_sp+(u_oil_cooler_prev-u_oil_cooler_sp)*exp(-dt/tau_oil_cooler),u_oil_cooler_sp;u_oil_cooler_prev;tau_oil_cooler,derived,executable,no,canonical,
V5_0485,tower_mill,1388,10. DCS 具体生成公式和代理防护 / 10.3 塔磨 DCS 具体公式,u_oil_cooler_sp,"clip(u_oil_cooler_nom+K_cool_T*(T_oil-T_oil_sp),0,1)","u_oil_cooler_sp = clip(u_oil_cooler_nom+K_cool_T*(T_oil-T_oil_sp),0,1)",u_oil_cooler_nom;K_cool_T;T_oil;T_oil_sp,setpoint,executable,no,canonical,
V5_0486,tower_mill,1325,10. DCS 具体生成公式和代理防护 / 10.3 塔磨 DCS 具体公式,u_sand,u_sand_sp+(u_sand_prev-u_sand_sp)*exp(-dt/tau_sand_valve),u_sand = u_sand_sp+(u_sand_prev-u_sand_sp)*exp(-dt/tau_sand_valve),u_sand_sp;u_sand_prev;tau_sand_valve,derived,executable,no,canonical,
V5_0487,tower_mill,1324,10. DCS 具体生成公式和代理防护 / 10.3 塔磨 DCS 具体公式,u_sand_sp,"clip(u_sand_nom+K_C_sand*(C_sand-C_sand_sp)+K_CL_sand*(circulating_load_lag-CL_ref)+PRBS_sand,0,1)","u_sand_sp = clip(u_sand_nom+K_C_sand*(C_sand-C_sand_sp)+K_CL_sand*(circulating_load_lag-CL_ref)+PRBS_sand,0,1)",u_sand_nom;K_C_sand;C_sand;C_sand_sp;K_CL_sand;circulating_load_lag;CL_ref;PRBS_sand,setpoint,executable,no,canonical,
V5_0488,global,282,3. 基础动态函数 / ,u_sp,"clip( u_nom + Kp*error + Ki*integral(error) + Kff*feedforward_state + operator_trim + intervention, u_min,u_max)","u_sp = clip( u_nom + Kp*error + Ki*integral(error) + Kff*feedforward_state + operator_trim + intervention, u_min,u_max)",u_nom;Kp;error;Ki;integral;Kff;feedforward_state;operator_trim;intervention;u_min;u_max,setpoint,definition,no,canonical,
V5_0489,flotation,1649,10. DCS 具体生成公式和代理防护 / 10.4 浮选 DCS 具体公式,"u_steam_fb_{s,k}","u_steam_sp_{s,k}+(u_steam_fb_prev_{s,k}-u_steam_sp_{s,k})*exp(-dt/tau_steam_k)","u_steam_fb_{s,k}=u_steam_sp_{s,k}+(u_steam_fb_prev_{s,k}-u_steam_sp_{s,k})*exp(-dt/tau_steam_k)","u_steam_sp_{s,k};u_steam_fb_prev_{s,k};tau_steam_k",derived,executable,no,canonical,
V5_0490,flotation,1648,10. DCS 具体生成公式和代理防护 / 10.4 浮选 DCS 具体公式,"u_steam_sp_{s,k}","clip(u_steam_nom_k+KT_steam_k*(T_tank_sp_k-T_tank_{s,k}),0,1)","u_steam_sp_{s,k}=clip(u_steam_nom_k+KT_steam_k*(T_tank_sp_k-T_tank_{s,k}),0,1)","u_steam_nom_k;KT_steam_k;T_tank_sp_k;T_tank_{s,k}",derived,executable,no,canonical,
V5_0491,magnetic,1247,10. DCS 具体生成公式和代理防护 / 10.2 磁选 DCS 具体公式,u_tail,u_tail_1_sp+(u_tail_prev-u_tail_1_sp)*exp(-dt/tau_tail_valve),u_tail = u_tail_1_sp+(u_tail_prev-u_tail_1_sp)*exp(-dt/tau_tail_valve),u_tail_1_sp;u_tail_prev;tau_tail_valve,derived,executable,no,canonical,
V5_0492,magnetic,1245,10. DCS 具体生成公式和代理防护 / 10.2 磁选 DCS 具体公式,u_tail_1_sp,"clip(u_tail_total_sp*split_tail_1/split_tail_1_nom,0,1)","u_tail_1_sp = clip(u_tail_total_sp*split_tail_1/split_tail_1_nom,0,1)",u_tail_total_sp;split_tail_1;split_tail_1_nom,setpoint,executable,no,canonical,
V5_0493,magnetic,1248,10. DCS 具体生成公式和代理防护 / 10.2 磁选 DCS 具体公式,u_tail_2,u_tail_2_sp+(u_tail_2_prev-u_tail_2_sp)*exp(-dt/tau_tail_valve),u_tail_2 = u_tail_2_sp+(u_tail_2_prev-u_tail_2_sp)*exp(-dt/tau_tail_valve),u_tail_2_sp;u_tail_2_prev;tau_tail_valve,derived,executable,no,canonical,
V5_0494,magnetic,1246,10. DCS 具体生成公式和代理防护 / 10.2 磁选 DCS 具体公式,u_tail_2_sp,"clip(u_tail_total_sp*(1-split_tail_1)/(1-split_tail_1_nom),0,1)","u_tail_2_sp = clip(u_tail_total_sp*(1-split_tail_1)/(1-split_tail_1_nom),0,1)",u_tail_total_sp;split_tail_1;split_tail_1_nom,setpoint,executable,no,canonical,
V5_0495,magnetic,1243,10. DCS 具体生成公式和代理防护 / 10.2 磁选 DCS 具体公式,u_tail_total_sp,"clip(u_tail_nom+K_L_tail*(L_mag-L_mag_sp),0,1)","u_tail_total_sp = clip(u_tail_nom+K_L_tail*(L_mag-L_mag_sp),0,1)",u_tail_nom;K_L_tail;L_mag;L_mag_sp,setpoint,executable,no,canonical,
V5_0496,tower_mill,1320,10. DCS 具体生成公式和代理防护 / 10.3 塔磨 DCS 具体公式,u_water,u_water_sp+(u_water_prev-u_water_sp)*exp(-dt/tau_water_valve),u_water = u_water_sp+(u_water_prev-u_water_sp)*exp(-dt/tau_water_valve),u_water_sp;u_water_prev;tau_water_valve,derived,executable,no,canonical,
V5_0497,tower_mill,1319,10. DCS 具体生成公式和代理防护 / 10.3 塔磨 DCS 具体公式,u_water_sp,"clip(u_water_nom+K_C_water*(C_sp-C_feed)+K_L_water*(L_sp-L_pool),0,1)","u_water_sp = clip(u_water_nom+K_C_water*(C_sp-C_feed)+K_L_water*(L_sp-L_pool),0,1)",u_water_nom;K_C_water;C_sp;C_feed;K_L_water;L_sp;L_pool,setpoint,executable,no,canonical,
V5_0500,flotation,974,7. 浮选因果模型 / 7.7 浮选速率和组分分流,y_fx_xin_s,"clip(y_fx_xin_s_true+N(0,sigma_y),0,1)","y_fx_xin_s=clip(y_fx_xin_s_true+N(0,sigma_y),0,1)",y_fx_xin_s_true;sigma_y,derived,executable,no,manual_promoted,Manually promoted from concept/reference coverage review into executable formulas.
V5_0501,flotation,973,7. 浮选因果模型 / 7.7 浮选速率和组分分流,y_fx_xin_s_true,TFe(final_conc_s),y_fx_xin_s_true=TFe(final_conc_s),TFe;final_conc_s,derived,executable,no,manual_promoted,Manually promoted from concept/reference coverage review into executable formulas.
V5M_0502,flotation,manual,manual V5 closure,dose_TD_s,"(Q_{s,td_rough}_ml_s+Q_{s,td_clean}_ml_s)*3.6*rho_td_kg_L*active_td/max(M_feed_solid_tph_s,eps)","dose_TD_s = (Q_{s,td_rough}_ml_s+Q_{s,td_clean}_ml_s)*3.6*rho_td_kg_L*active_td/max(M_feed_solid_tph_s,eps)","Q_{s,td_rough}_ml_s;Q_{s,td_clean}_ml_s;rho_td_kg_L;active_td;M_feed_solid_tph_s",derived,executable,no,manual_closure,Actual TD dose from metering pump flow; added in V5 to close dose -> effect chain.
V5M_0503,flotation,manual,manual V5 closure,dose_DF_K6_s,"Q_{s,k6_rough}_ml_s*3.6*rho_k6_kg_L*active_k6/max(M_feed_solid_tph_s,eps)","dose_DF_K6_s = Q_{s,k6_rough}_ml_s*3.6*rho_k6_kg_L*active_k6/max(M_feed_solid_tph_s,eps)","Q_{s,k6_rough}_ml_s;rho_k6_kg_L;active_k6;M_feed_solid_tph_s",derived,executable,no,manual_closure,Actual K6/DF dose from pump flow. L_k6_s remains inventory sink unless starvation mode is enabled.
V5M_0504,flotation,manual,manual V5 closure,dose_naoh_kg_t_s,"Q_{s,naoh}_ml_s*3.6*rho_naoh_kg_L*active_naoh/max(M_feed_solid_tph_s,eps)","dose_naoh_kg_t_s = Q_{s,naoh}_ml_s*3.6*rho_naoh_kg_L*active_naoh/max(M_feed_solid_tph_s,eps)","Q_{s,naoh}_ml_s;rho_naoh_kg_L;active_naoh;M_feed_solid_tph_s",derived,executable,no,manual_closure,Actual NaOH dose from pump flow.
V5M_0505,flotation,manual,manual V5 closure,dose_cao_kg_t_s,"Q_{s,cao}_ml_s*3.6*rho_cao_kg_L*active_cao/max(M_feed_solid_tph_s,eps)","dose_cao_kg_t_s = Q_{s,cao}_ml_s*3.6*rho_cao_kg_L*active_cao/max(M_feed_solid_tph_s,eps)","Q_{s,cao}_ml_s;rho_cao_kg_L;active_cao;M_feed_solid_tph_s",derived,executable,no,manual_closure,Actual CaO dose from pump flow.
V5M_0506,flotation,manual,manual V5 closure,Q_feed_s,Q_NT_under_s,Q_feed_s = Q_NT_under_s,Q_NT_under_s,flow,executable,no,manual_closure,Connect thickener underflow volumetric flow to the real flotation feed for each series.
V5M_0507,flotation,manual,manual V5 closure,M_feed_solid_s,M_NT_under_solid_s,M_feed_solid_s = M_NT_under_solid_s,M_NT_under_solid_s,flow,executable,no,manual_closure,Connect thickener underflow solid flow to flotation reagent/load controllers.
V5M_0508,flotation,manual,manual V5 closure,M_feed_water_s,M_NT_under_water_s,M_feed_water_s = M_NT_under_water_s,M_NT_under_water_s,flow,executable,no,manual_closure,Connect thickener underflow water flow to flotation feed stream.
V5M_0509,flotation,manual,manual V5 closure,C_s,"M_feed_solid_s/max(M_feed_solid_s+M_feed_water_s,eps)","C_s = M_feed_solid_s/max(M_feed_solid_s+M_feed_water_s,eps)",M_feed_solid_s;M_feed_water_s,derived,executable,no,manual_closure,Series flotation feed concentration from the actual thickener underflow stream.
V5M_0510,flotation,manual,manual V5 closure,M_feed_j_s,M_feed_solid_s*grade_NT_under_j_s,M_feed_j_s = M_feed_solid_s*grade_NT_under_j_s,M_feed_solid_s;grade_NT_under_j_s,flow,executable,no,manual_closure,Component feed rate entering the first flotation cell from thickener underflow.
V5M_0511,flotation,manual,manual V5 closure,feed_grade_j_s,"M_feed_j_s/max(M_feed_solid_s,eps)","feed_grade_j_s = M_feed_j_s/max(M_feed_solid_s,eps)",M_feed_j_s;M_feed_solid_s,derived,executable,no,manual_closure,Component grade of the actual flotation feed stream.
V5M_0512,flotation,manual,manual V5 closure,floatability_difficulty_s,w_carb*r_carb_s+w_sil*r_sil_s+w_fine*f25_s+w_coarse*(1-F325_s)+w_low_lib*(1-Liberation_gangue_s)+w_density*abs(C_s-C_opt)+w_clay*clay_s,floatability_difficulty_s = w_carb*r_carb_s+w_sil*r_sil_s+w_fine*f25_s+w_coarse*(1-F325_s)+w_low_lib*(1-Liberation_gangue_s)+w_density*abs(C_s-C_opt)+w_clay*clay_s,r_carb_s;r_sil_s;f25_s;F325_s;Liberation_gangue_s;C_s;clay_s,derived,executable,no,manual_closure,Series-specific difficult-floatability score used by reagent controllers.
V5M_0513,flotation,manual,manual V5 closure,selectivity_proxy_s,q_pH*pH_s+q_Ca*Ca2_effect_s+q_slime*(1-f25_s)+q_lib*Liberation_gangue_s,selectivity_proxy_s = q_pH*pH_s+q_Ca*Ca2_effect_s+q_slime*(1-f25_s)+q_lib*Liberation_gangue_s,pH_s;Ca2_effect_s;f25_s;Liberation_gangue_s,derived,executable,no,manual_closure,Series-specific selectivity proxy used by K6 demand.
V5M_0514,flotation,manual,manual V5 closure,E_Ca2_sil_s,1+a_Ca_sil*sigmoid((Ca2_effect_s-Ca_sil0)/s_Ca_sil),E_Ca2_sil_s = 1+a_Ca_sil*sigmoid((Ca2_effect_s-Ca_sil0)/s_Ca_sil),Ca2_effect_s;Ca_sil0;s_Ca_sil,derived,executable,no,manual_closure,Series-specific Ca2+ effect for silicate flotation kinetics.
V5M_0515,flotation,manual,manual V5 closure,E_Ca2_carb_s,1+a_Ca_carb*sigmoid((Ca2_effect_s-Ca_carb0)/s_Ca_carb),E_Ca2_carb_s = 1+a_Ca_carb*sigmoid((Ca2_effect_s-Ca_carb0)/s_Ca_carb),Ca2_effect_s;Ca_carb0;s_Ca_carb,derived,executable,no,manual_closure,Series-specific Ca2+ effect for carbonate flotation kinetics.
V5M_0516,flotation,manual,manual V5 closure,"M_cell_solid_prev_{s,c}","sum_j(M_cell_j_prev_{s,c})","M_cell_solid_prev_{s,c} = sum_j(M_cell_j_prev_{s,c})","M_cell_j_prev_{s,c}",state_reference,executable,no,manual_closure,Total previous solid inventory inside flotation cell CSTR.
V5M_0517,flotation,manual,manual V5 closure,"feed_j_rate_{s,c}","topology_feed_j_rate(stage=c,series=s,Q_feed_s=Q_feed_s,feed_grade_j_s=feed_grade_j_s,Q_pump_pool_1=Q_pump_pool_{s,1},Q_pump_pool_2=Q_pump_pool_{s,2},Q_pump_pool_3=Q_pump_pool_{s,3},recycle_grade_j_1=recycle_grade_j_{s,1},recycle_grade_j_2=recycle_grade_j_{s,2},recycle_grade_j_3=recycle_grade_j_{s,3})","feed_j_rate_{s,c} = topology_feed_j_rate(stage=c,series=s,Q_feed_s=Q_feed_s,feed_grade_j_s=feed_grade_j_s,Q_pump_pool_1=Q_pump_pool_{s,1},Q_pump_pool_2=Q_pump_pool_{s,2},Q_pump_pool_3=Q_pump_pool_{s,3},recycle_grade_j_1=recycle_grade_j_{s,1},recycle_grade_j_2=recycle_grade_j_{s,2},recycle_grade_j_3=recycle_grade_j_{s,3})","topology_feed_j_rate;Q_feed_s;feed_grade_j_s;Q_pump_pool_{s,1};Q_pump_pool_{s,2};Q_pump_pool_{s,3};recycle_grade_j_{s,1};recycle_grade_j_{s,2};recycle_grade_j_{s,3}",flow,executable,no,manual_closure,Resolved by flotation topology and explicitly consumes middling return pump outputs.
V5M_0518,flotation,manual,manual V5 closure,"entrainment_j_rate_{s,c}","entrainment_factor_{s,c}*Q_out_solid_{s,c}*entr_share_j_c","entrainment_j_rate_{s,c} = entrainment_factor_{s,c}*Q_out_solid_{s,c}*entr_share_j_c","entrainment_factor_{s,c};Q_out_solid_{s,c};entr_share_j_c",flow,executable,no,manual_closure,Mechanical entrainment rate from CSTR pulp discharge and slime/clay entrainment factor.
V5M_0519,flotation,manual,manual V5 closure,"rho_froth_mix_{s,c}","sum_j(froth_j_rate_{s,c})/max(sum_j(froth_j_rate_{s,c}/rho_j),eps)","rho_froth_mix_{s,c} = sum_j(froth_j_rate_{s,c})/max(sum_j(froth_j_rate_{s,c}/rho_j),eps)","froth_j_rate_{s,c};rho_j",derived,executable,no,manual_closure,Froth mixture density for Q_froth_cell conversion.
V5M_0520,tower_mill,manual,manual V5 closure,rho_solid_mix_feed,rho_solid_mix,rho_solid_mix_feed = rho_solid_mix,rho_solid_mix,derived,executable,no,manual_closure,Alias for tower mill feed solid density until component-specific feed density is expanded.
V5M_0521,dcs,manual,manual V5 closure,fx_s{s}_{c}_froth_h,"ifelse(event_froth_fault_{s,c},fault_value,meas(h_froth_{s,c}))","fx_s{s}_{c}_froth_h = ifelse(event_froth_fault_{s,c},fault_value,meas(h_froth_{s,c}))","event_froth_fault_{s,c};fault_value;meas;h_froth_{s,c}",dcs,executable,no,manual_closure,Froth height DCS output with explicit fault injection edge.
V5M_0522,lab,manual,manual V5 closure,lab_tm_overflow_tfe,"lab_sample_template(_x_tm_overflow_tfe,sample_time_tm_overflow_tfe,report_time_tm_overflow_tfe,sigma_sampling_tm,sigma_assay_tfe)","lab_tm_overflow_tfe = lab_sample_template(_x_tm_overflow_tfe,sample_time_tm_overflow_tfe,report_time_tm_overflow_tfe,sigma_sampling_tm,sigma_assay_tfe)",lab_sample_template;_x_tm_overflow_tfe;sample_time_tm_overflow_tfe;report_time_tm_overflow_tfe;sigma_sampling_tm;sigma_assay_tfe,lab,executable,no,manual_closure,Concrete instance of the lab sampling template for tower-mill overflow TFe.
V5M_0523,lab,manual,manual V5 closure,lab_mag_mixed_conc_tfe,"lab_sample_template(_x_mag_mixed_conc_tfe,sample_time_mag_mixed_conc_tfe,report_time_mag_mixed_conc_tfe,sigma_sampling_mag,sigma_assay_tfe)","lab_mag_mixed_conc_tfe = lab_sample_template(_x_mag_mixed_conc_tfe,sample_time_mag_mixed_conc_tfe,report_time_mag_mixed_conc_tfe,sigma_sampling_mag,sigma_assay_tfe)",lab_sample_template;_x_mag_mixed_conc_tfe;sample_time_mag_mixed_conc_tfe;report_time_mag_mixed_conc_tfe;sigma_sampling_mag;sigma_assay_tfe,lab,executable,no,manual_closure,Concrete instance of the lab sampling template for magnetic mixed concentrate TFe.
