parent,classification,used_by_lhs,stages,source_v4_lines,notes
A_NT_s,parameter,L_NT_s,flotation,1453,"Calibration, geometry, or tuning parameter; not generated by process equations."
A_cell_c,parameter,"V_pulp_actual_{s,c};dL_cell_{s,c}/dt",flotation,1585;1620,"Calibration, geometry, or tuning parameter; not generated by process equations."
A_k6,parameter,dL_k6_s/dt,flotation,1510,"Calibration, geometry, or tuning parameter; not generated by process equations."
A_mag,parameter,dL_mag/dt,magnetic,1242,"Calibration, geometry, or tuning parameter; not generated by process equations."
A_ov_pool,parameter,dL_ov_pool/dt,tower_mill,1401,"Calibration, geometry, or tuning parameter; not generated by process equations."
A_pool,parameter,dL_pool/dt;tau_cyc_pool,tower_mill,1290;1311,"Calibration, geometry, or tuning parameter; not generated by process equations."
A_pool_k,parameter,"dL_pool_{s,k}/dt",flotation,1637,"Calibration, geometry, or tuning parameter; not generated by process equations."
B_max,parameter,B_eff,magnetic,477,"Calibration, geometry, or tuning parameter; not generated by process equations."
B_ref,parameter,capture_j,magnetic,518,"Calibration, geometry, or tuning parameter; not generated by process equations."
CL_ref,parameter,grind_difficulty;u_sand_sp,tower_mill,1324;1363,"Calibration, geometry, or tuning parameter; not generated by process equations."
C_NT_max,parameter,C_under_sp_s,flotation,1455,"Calibration, geometry, or tuning parameter; not generated by process equations."
C_NT_min,parameter,C_under_sp_s,flotation,1455,"Calibration, geometry, or tuning parameter; not generated by process equations."
C_NT_nom,parameter,C_under_sp_s,flotation,1455,"Calibration, geometry, or tuning parameter; not generated by process equations."
C_feed_prev,previous_state_reference,C_feed,tower_mill,1301,Lagged state supplied by the simulator state store.
C_max,parameter,C_i,boundary,317,"Calibration, geometry, or tuning parameter; not generated by process equations."
C_min,parameter,C_i,boundary,317,"Calibration, geometry, or tuning parameter; not generated by process equations."
C_nom,parameter,C_i,boundary,317,"Calibration, geometry, or tuning parameter; not generated by process equations."
C_opt,parameter,floatability_difficulty;grind_difficulty,flotation;tower_mill,1363;1478,"Calibration, geometry, or tuning parameter; not generated by process equations."
C_opt_c,stream_or_state_input,"E_density_{s,c}",flotation,1596,Upstream stream or dynamic state entering this formula from process topology.
C_orifice_c,stream_or_state_input,"Q_air_{s,c}",flotation,1557,Upstream stream or dynamic state entering this formula from process topology.
C_ref,known_global,"Q_air_sp_{s,c};alpha_ov;capture_j;d50",flotation;magnetic;tower_mill,1328;1329;1535;518,Shared simulation constant or helper function.
C_sand,stream_or_state_input,u_sand_sp,tower_mill,1324,Upstream stream or dynamic state entering this formula from process topology.
C_sand_sp,stream_or_state_input,u_sand_sp,tower_mill,1324,Upstream stream or dynamic state entering this formula from process topology.
C_sp,stream_or_state_input,u_water_sp,tower_mill,1319,Upstream stream or dynamic state entering this formula from process topology.
C_under_s_prev,previous_state_reference,C_under_s,flotation,1456,Lagged state supplied by the simulator state store.
Ca2_effect,ore_or_process_state,hydrophobic_potential,global,250,Ore property or process state carried by streams or generated at boundary.
Ca_carb0,parameter,E_Ca2_carb_s,flotation,manual,"Calibration, geometry, or tuning parameter; not generated by process equations."
Ca_sil0,parameter,E_Ca2_sil_s,flotation,manual,"Calibration, geometry, or tuning parameter; not generated by process equations."
Cp_reagent_j,parameter,"reagent_heat_load_{s,k}",flotation,1650,"Calibration, geometry, or tuning parameter; not generated by process equations."
Cp_slurry,parameter,delta_T_mill,tower_mill,1377,"Calibration, geometry, or tuning parameter; not generated by process equations."
Cp_slurry_i,parameter,T_slurry_mixed,boundary,411,"Calibration, geometry, or tuning parameter; not generated by process equations."
Cp_slurry_mag,parameter,T_slurry_feed_in,tower_mill,1296,"Calibration, geometry, or tuning parameter; not generated by process equations."
Cp_slurry_tm,parameter,T_slurry_feed_in,tower_mill,1296,"Calibration, geometry, or tuning parameter; not generated by process equations."
Cv_flush,parameter,Q_flush,magnetic,1262,"Calibration, geometry, or tuning parameter; not generated by process equations."
Cv_lv_c,parameter,"Q_out_cell_{s,c}",flotation,1584,"Calibration, geometry, or tuning parameter; not generated by process equations."
Cv_sand,parameter,Q_sand_water_phys,tower_mill,1326,"Calibration, geometry, or tuning parameter; not generated by process equations."
Cv_tail1,parameter,Q_tail_1,magnetic,1250,"Calibration, geometry, or tuning parameter; not generated by process equations."
Cv_tail2,parameter,Q_tail_2,magnetic,1251,"Calibration, geometry, or tuning parameter; not generated by process equations."
Cv_water,parameter,Q_water_phys,tower_mill,1321,"Calibration, geometry, or tuning parameter; not generated by process equations."
F200,stream_or_state_input,Stream;capture_j;f_ring_sp;magnetic_difficulty,global;magnetic,1207;1235;159;518,Upstream stream or dynamic state entering this formula from process topology.
F200_ref,parameter,capture_j,magnetic,518,"Calibration, geometry, or tuning parameter; not generated by process equations."
F325,stream_or_state_input,Stream;f_pul_sp;floatability_difficulty,flotation;global;magnetic,1234;1478;159,Upstream stream or dynamic state entering this formula from process topology.
F325_discharge_prev,previous_state_reference,F325_discharge;F325_feed_in,tower_mill,1292;1379,Lagged state supplied by the simulator state store.
F325_feed_prev,previous_state_reference,F325_feed,tower_mill,1302,Lagged state supplied by the simulator state store.
F325_mag_conc,stream_or_state_input,F325_feed_in,tower_mill,1292,Upstream stream or dynamic state entering this formula from process topology.
F325_min_c,stream_or_state_input,"E_size_{s,c}",flotation,1597,Upstream stream or dynamic state entering this formula from process topology.
F325_ref,parameter,alpha_ov,tower_mill,1329,"Calibration, geometry, or tuning parameter; not generated by process equations."
F325_s,stream_or_state_input,"E_size_{s,c};floatability_difficulty_s",flotation,1597;manual,Upstream stream or dynamic state entering this formula from process topology.
FeO_proxy,stream_or_state_input,Stream,global,159,Upstream stream or dynamic state entering this formula from process topology.
Fe_carb,stream_or_state_input,Fe_total;Stream;rho_solid_mix,global,159;177;185,Upstream stream or dynamic state entering this formula from process topology.
Fe_hem,stream_or_state_input,Fe_total;Stream;rho_solid_mix,global,159;177;185,Upstream stream or dynamic state entering this formula from process topology.
Fe_mag,stream_or_state_input,Fe_total;Stream;rho_solid_mix,global,159;177;185,Upstream stream or dynamic state entering this formula from process topology.
Fe_sil,stream_or_state_input,Fe_total;Stream;rho_solid_mix,global,159;177;185,Upstream stream or dynamic state entering this formula from process topology.
G_base_i,parameter,TFe_i,boundary,320,"Calibration, geometry, or tuning parameter; not generated by process equations."
G_max,parameter,TFe_i,boundary,320,"Calibration, geometry, or tuning parameter; not generated by process equations."
G_min,parameter,TFe_i,boundary,320,"Calibration, geometry, or tuning parameter; not generated by process equations."
Gangue,known_global,M_solid;Stream;conc_j;rho_solid_mix,global;magnetic,159;178;185;534,Shared simulation constant or helper function.
H_lip_reference_c,parameter,"lip_clearance_{s,c}",flotation,1587,"Calibration, geometry, or tuning parameter; not generated by process equations."
H_pool_k,parameter,"I_pool_phys_{s,k}",flotation,1641,"Calibration, geometry, or tuning parameter; not generated by process equations."
I0_NT,parameter,I_NT_s,flotation,1465,"Calibration, geometry, or tuning parameter; not generated by process equations."
I0_cell_c,parameter,"I_cell_motor_phys_{s,c}",flotation,1656,"Calibration, geometry, or tuning parameter; not generated by process equations."
I0_j,parameter,"I_drug_j_phys_{s,j}",flotation,1501,"Calibration, geometry, or tuning parameter; not generated by process equations."
I0_ov,parameter,I_ov_pump_phys,tower_mill,1404,"Calibration, geometry, or tuning parameter; not generated by process equations."
I0_pool_k,parameter,"I_pool_phys_{s,k}",flotation,1641,"Calibration, geometry, or tuning parameter; not generated by process equations."
I0_pump,parameter,I_pump_phys,tower_mill,1317,"Calibration, geometry, or tuning parameter; not generated by process equations."
I0_ring,parameter,I_ring_motor_phys,magnetic,1264,"Calibration, geometry, or tuning parameter; not generated by process equations."
"I_drug_j_phys_{s,drug}",equipment_or_control_state,fx_s{s}_{drug}_curr,flotation,1688,Equipment state or actuator signal generated by another execution block.
I_exc_prev,previous_state_reference,I_exc,magnetic,1215,Lagged state supplied by the simulator state store.
I_idle_mixer_k,equipment_or_control_state,"I_mixer_phys_{s,k}",flotation,1651,Equipment state or actuator signal generated by another execution block.
I_max,parameter,I_exc_sp,magnetic,1214,"Calibration, geometry, or tuning parameter; not generated by process equations."
I_min,parameter,I_exc_sp,magnetic,1214,"Calibration, geometry, or tuning parameter; not generated by process equations."
I_nom,parameter,I_exc_sp,magnetic,1214,"Calibration, geometry, or tuning parameter; not generated by process equations."
I_ref,parameter,B_eff,magnetic,477,"Calibration, geometry, or tuning parameter; not generated by process equations."
I_tm_ref,parameter,M_feed_sp,flotation,1622,"Calibration, geometry, or tuning parameter; not generated by process equations."
KP_header_b,parameter,blower_speed_sp_b,flotation,1544,"Calibration, geometry, or tuning parameter; not generated by process equations."
KQ_blower_b,parameter,blower_speed_sp_b,flotation,1544,"Calibration, geometry, or tuning parameter; not generated by process equations."
KT_steam_k,parameter,"u_steam_sp_{s,k}",flotation,1648,"Calibration, geometry, or tuning parameter; not generated by process equations."
KWI_feed,parameter,M_feed_sp,flotation,1622,"Calibration, geometry, or tuning parameter; not generated by process equations."
K_CL_sand,parameter,u_sand_sp,tower_mill,1324,"Calibration, geometry, or tuning parameter; not generated by process equations."
K_C_sand,parameter,u_sand_sp,tower_mill,1324,"Calibration, geometry, or tuning parameter; not generated by process equations."
K_C_water,parameter,u_water_sp,tower_mill,1319,"Calibration, geometry, or tuning parameter; not generated by process equations."
K_L_tail,parameter,u_tail_total_sp,magnetic,1243,"Calibration, geometry, or tuning parameter; not generated by process equations."
K_L_water,parameter,u_water_sp,tower_mill,1319,"Calibration, geometry, or tuning parameter; not generated by process equations."
K_Qff,parameter,f_pump_sp,tower_mill,1313,"Calibration, geometry, or tuning parameter; not generated by process equations."
K_asym_tail,parameter,split_tail_1,magnetic,1244,"Calibration, geometry, or tuning parameter; not generated by process equations."
K_cool_T,parameter,u_oil_cooler_sp,tower_mill,1388,"Calibration, geometry, or tuning parameter; not generated by process equations."
K_oil_P,parameter,f_oil_pump_sp,tower_mill,1385,"Calibration, geometry, or tuning parameter; not generated by process equations."
K_oil_T,parameter,f_oil_pump_sp,tower_mill,1385,"Calibration, geometry, or tuning parameter; not generated by process equations."
K_ov_L,parameter,f_ov_pump_sp,tower_mill,1402,"Calibration, geometry, or tuning parameter; not generated by process equations."
K_scrape_P_c,parameter,"scraper_speed_{s,c}",flotation,1563,"Calibration, geometry, or tuning parameter; not generated by process equations."
Kair_header,parameter,P_header_sp,flotation,1537,"Calibration, geometry, or tuning parameter; not generated by process equations."
Kbed_NT,parameter,C_under_sp_s,flotation,1455,"Calibration, geometry, or tuning parameter; not generated by process equations."
Kbuf_cao,parameter,dose_need_cao_s,flotation,1522,"Calibration, geometry, or tuning parameter; not generated by process equations."
Kbuf_naoh,parameter,dose_need_naoh_s,flotation,1521,"Calibration, geometry, or tuning parameter; not generated by process equations."
Kcarb_cao,parameter,dose_need_cao_s,flotation,1522,"Calibration, geometry, or tuning parameter; not generated by process equations."
Kcarb_k6,parameter,dose_need_DF_K6_s,flotation,1493,"Calibration, geometry, or tuning parameter; not generated by process equations."
Kcarb_sp,parameter,pH_sp_s,flotation,1520,"Calibration, geometry, or tuning parameter; not generated by process equations."
Kclay_pul,parameter,f_pul_sp,magnetic,1234,"Calibration, geometry, or tuning parameter; not generated by process equations."
Kclog_bd,parameter,u_blowdown_phys,magnetic,1254,"Calibration, geometry, or tuning parameter; not generated by process equations."
Kclog_flush_N,parameter,N_flush_open,magnetic,1255,"Calibration, geometry, or tuning parameter; not generated by process equations."
Kclog_flush_u,parameter,u_flush_sp,magnetic,1256,"Calibration, geometry, or tuning parameter; not generated by process equations."
Kclog_ring,parameter,f_ring_sp,magnetic,1235,"Calibration, geometry, or tuning parameter; not generated by process equations."
Kcoarse_pul,parameter,f_pul_sp,magnetic,1234,"Calibration, geometry, or tuning parameter; not generated by process equations."
Kcoarse_ring,parameter,f_ring_sp,magnetic,1235,"Calibration, geometry, or tuning parameter; not generated by process equations."
Kdensity_c,parameter,"Q_air_sp_{s,c}",flotation,1535,"Calibration, geometry, or tuning parameter; not generated by process equations."
Kdiff_I,parameter,I_exc_sp,magnetic,1214,"Calibration, geometry, or tuning parameter; not generated by process equations."
Kdiff_clean,parameter,dose_need_TD_clean_s,flotation,1492,"Calibration, geometry, or tuning parameter; not generated by process equations."
Kdiff_td,parameter,dose_need_TD_rough_s,flotation,1491,"Calibration, geometry, or tuning parameter; not generated by process equations."
Kff,parameter,u_sp,global,282,"Calibration, geometry, or tuning parameter; not generated by process equations."
Kflow_naoh,parameter,dose_need_naoh_s,flotation,1521,"Calibration, geometry, or tuning parameter; not generated by process equations."
Kfroth_feed,parameter,M_feed_sp,flotation,1622,"Calibration, geometry, or tuning parameter; not generated by process equations."
Kfroth_td,parameter,dose_need_TD_rough_s,flotation,1491,"Calibration, geometry, or tuning parameter; not generated by process equations."
Kh_c,parameter,"Q_air_sp_{s,c}",flotation,1535,"Calibration, geometry, or tuning parameter; not generated by process equations."
Khydro_c,parameter,"Q_air_sp_{s,c}",flotation,1535,"Calibration, geometry, or tuning parameter; not generated by process equations."
Ki,template_index,u_sp,global,282,Short template index resolved during code generation.
Ki_L_c,parameter,"u_lv_sp_{s,c}",flotation,1582,"Calibration, geometry, or tuning parameter; not generated by process equations."
Kload_NT,parameter,C_under_sp_s,flotation,1455,"Calibration, geometry, or tuning parameter; not generated by process equations."
Kload_c,parameter,"Q_air_sp_{s,c}",flotation,1535,"Calibration, geometry, or tuning parameter; not generated by process equations."
Kload_flush_N,parameter,N_flush_open,magnetic,1255,"Calibration, geometry, or tuning parameter; not generated by process equations."
Kload_flush_u,parameter,u_flush_sp,magnetic,1256,"Calibration, geometry, or tuning parameter; not generated by process equations."
Kload_pul,parameter,f_pul_sp,magnetic,1234,"Calibration, geometry, or tuning parameter; not generated by process equations."
Kload_td,parameter,dose_need_TD_rough_s,flotation,1491,"Calibration, geometry, or tuning parameter; not generated by process equations."
Kmag_I,parameter,I_exc_sp,magnetic,1214,"Calibration, geometry, or tuning parameter; not generated by process equations."
Kp,template_index,u_sp,global,282,Short template index resolved during code generation.
Kp_L_c,parameter,"u_lv_sp_{s,c}",flotation,1582,"Calibration, geometry, or tuning parameter; not generated by process equations."
Kp_pH,parameter,dose_need_naoh_s,flotation,1521,"Calibration, geometry, or tuning parameter; not generated by process equations."
Kpipe_s1,parameter,split_s1_meter1,flotation,1627,"Calibration, geometry, or tuning parameter; not generated by process equations."
Kpipe_s2,parameter,split_s2_meter1,flotation,1628,"Calibration, geometry, or tuning parameter; not generated by process equations."
Kpool_L_k,parameter,"f_pool_sp_{s,k}",flotation,1638,"Calibration, geometry, or tuning parameter; not generated by process equations."
Kpool_feed,parameter,M_feed_sp,flotation,1622,"Calibration, geometry, or tuning parameter; not generated by process equations."
Kproxy_td,parameter,dose_need_TD_clean_s,flotation,1492,"Calibration, geometry, or tuning parameter; not generated by process equations."
Kselect_k6,parameter,dose_need_DF_K6_s,flotation,1493,"Calibration, geometry, or tuning parameter; not generated by process equations."
Ksil_cao,parameter,dose_need_cao_s,flotation,1522,"Calibration, geometry, or tuning parameter; not generated by process equations."
Ksil_k6,parameter,dose_need_DF_K6_s,flotation,1493,"Calibration, geometry, or tuning parameter; not generated by process equations."
Ksil_sp,parameter,pH_sp_s,flotation,1520,"Calibration, geometry, or tuning parameter; not generated by process equations."
Kslime_k6,parameter,dose_need_DF_K6_s,flotation,1493,"Calibration, geometry, or tuning parameter; not generated by process equations."
Kslime_pul,parameter,f_pul_sp,magnetic,1234,"Calibration, geometry, or tuning parameter; not generated by process equations."
Ksplit_s1,parameter,split_s1_total,flotation,1624,"Calibration, geometry, or tuning parameter; not generated by process equations."
Ktimer_bd,parameter,u_blowdown_phys,magnetic,1254,"Calibration, geometry, or tuning parameter; not generated by process equations."
Ktm_feed,parameter,M_feed_sp,flotation,1622,"Calibration, geometry, or tuning parameter; not generated by process equations."
Kvalve_header,parameter,P_header_sp,flotation,1537,"Calibration, geometry, or tuning parameter; not generated by process equations."
L0_fe,parameter,Liberation_fe_i,boundary,361,"Calibration, geometry, or tuning parameter; not generated by process equations."
L0_gangue,parameter,Liberation_gangue_i,boundary,368,"Calibration, geometry, or tuning parameter; not generated by process equations."
L_NT_ref,parameter,C_under_sp_s,flotation,1455,"Calibration, geometry, or tuning parameter; not generated by process equations."
"L_cell_aerated_lag_{s,c}",equipment_or_control_state,"u_lv_sp_{s,c}",flotation,1582,Equipment state or actuator signal generated by another execution block.
"L_cell_{s,c}",equipment_or_control_state,"L_cell_aerated_{s,c};P_cell_{s,c};Q_out_cell_{s,c};V_pulp_actual_{s,c};lip_clearance_{s,c}",flotation,1554;1561;1584;1585;1587,Equipment state or actuator signal generated by another execution block.
L_high,parameter,M_feed_sp,flotation,1622,"Calibration, geometry, or tuning parameter; not generated by process equations."
L_k6_s,equipment_or_control_state,event_k6_refill_s;fx_s{s}_k6_level,flotation,1512;1690,Equipment state or actuator signal generated by another execution block.
L_mag,equipment_or_control_state,E_level;Entr;Q_tail_1;Q_tail_2;agg_mag_level;u_tail_total_sp,magnetic,1243;1250;1251;1276;523;524,Equipment state or actuator signal generated by another execution block.
L_mag_sp,equipment_or_control_state,u_tail_total_sp,magnetic,1243,Equipment state or actuator signal generated by another execution block.
L_min_safe,equipment_or_control_state,Q_pump,tower_mill,1315,Equipment state or actuator signal generated by another execution block.
L_ov_pool,equipment_or_control_state,Q_ov_pump;agg_tm_cyclone_overflow_pool_level;f_ov_pump_sp,tower_mill,1402;1403;1427,Equipment state or actuator signal generated by another execution block.
L_ov_sp,equipment_or_control_state,f_ov_pump_sp,tower_mill,1402,Equipment state or actuator signal generated by another execution block.
L_pool,equipment_or_control_state,M_feed_sp;Q_pump;agg_tm_cyclone_pool_level;f_pump_sp;tau_cyc_pool;u_water_sp,flotation;tower_mill,1290;1313;1315;1319;1414;1622,Equipment state or actuator signal generated by another execution block.
L_pool_s1,equipment_or_control_state,split_s1_total,flotation,1624,Equipment state or actuator signal generated by another execution block.
L_pool_s2,equipment_or_control_state,split_s1_total,flotation,1624,Equipment state or actuator signal generated by another execution block.
L_pool_sp_k,equipment_or_control_state,"f_pool_sp_{s,k}",flotation,1638,Equipment state or actuator signal generated by another execution block.
"L_pool_{s,k}",equipment_or_control_state,"Q_pump_pool_{s,k};f_pool_sp_{s,k};fx_s{s}_pool{k}_level",flotation,1638;1640;1698,Equipment state or actuator signal generated by another execution block.
L_pump_pressure,equipment_or_control_state,P_cyc_lag,tower_mill,1312,Equipment state or actuator signal generated by another execution block.
L_ref,parameter,E_level;Entr;capture_j,magnetic,518;523;524,"Calibration, geometry, or tuning parameter; not generated by process equations."
L_refill_low,parameter,event_k6_refill_s,flotation,1512,"Calibration, geometry, or tuning parameter; not generated by process equations."
L_sand_control,equipment_or_control_state,circulating_load_lag,tower_mill,1323,Equipment state or actuator signal generated by another execution block.
L_sp,equipment_or_control_state,f_pump_sp;u_water_sp,tower_mill,1313;1319,Equipment state or actuator signal generated by another execution block.
L_sp_c,equipment_or_control_state,"u_lv_sp_{s,c}",flotation,1582,Equipment state or actuator signal generated by another execution block.
Liberation_fe,stream_or_state_input,Stream;magnetic_difficulty,global;magnetic,1207;159,Upstream stream or dynamic state entering this formula from process topology.
Liberation_fe_discharge_prev,previous_state_reference,Liberation_fe_discharge;Liberation_fe_feed_in,tower_mill,1293;1380,Lagged state supplied by the simulator state store.
Liberation_fe_feed_prev,previous_state_reference,Liberation_fe_feed,tower_mill,1303,Lagged state supplied by the simulator state store.
Liberation_fe_mag_conc,stream_or_state_input,Liberation_fe_feed_in,tower_mill,1293,Upstream stream or dynamic state entering this formula from process topology.
Liberation_gangue,stream_or_state_input,Stream;floatability_difficulty;hydrophobic_potential,flotation;global,1478;159;250,Upstream stream or dynamic state entering this formula from process topology.
Liberation_gangue_discharge_prev,previous_state_reference,Liberation_gangue_discharge;Liberation_gangue_feed_in,tower_mill,1294;1381,Lagged state supplied by the simulator state store.
Liberation_gangue_feed_prev,previous_state_reference,Liberation_gangue_feed,tower_mill,1304,Lagged state supplied by the simulator state store.
Liberation_gangue_mag_conc,stream_or_state_input,Liberation_gangue_feed_in,tower_mill,1294,Upstream stream or dynamic state entering this formula from process topology.
Liberation_gangue_s,stream_or_state_input,"E_lib_g_{s,c};floatability_difficulty_s;froth_stability_{s,c};selectivity_proxy_s",flotation,1566;1598;manual,Upstream stream or dynamic state entering this formula from process topology.
Liberation_j,stream_or_state_input,capture_j,magnetic,518,Upstream stream or dynamic state entering this formula from process topology.
M_NT_over_solid_s,stream_or_state_input,dM_NT_solid_s/dt,flotation,1451,Upstream stream or dynamic state entering this formula from process topology.
M_NT_ref,parameter,C_under_sp_s,flotation,1455,"Calibration, geometry, or tuning parameter; not generated by process equations."
M_NT_solid_ref,parameter,bed_mass_s,flotation,1464,"Calibration, geometry, or tuning parameter; not generated by process equations."
M_NT_solid_s,stream_or_state_input,L_NT_s;bed_mass_s,flotation,1453;1464,Upstream stream or dynamic state entering this formula from process topology.
"M_cell_j_prev_{s,c}",stream_or_state_input,"M_cell_j_{s,c};M_cell_solid_prev_{s,c};froth_j_rate_{s,c};grade_cell_j_{s,c}",flotation,1609;1612;1615;manual,Upstream stream or dynamic state entering this formula from process topology.
M_feed_max,parameter,M_feed_sp,flotation,1622,"Calibration, geometry, or tuning parameter; not generated by process equations."
M_feed_min,parameter,M_feed_sp,flotation,1622,"Calibration, geometry, or tuning parameter; not generated by process equations."
M_feed_nom,parameter,M_feed_sp,flotation,1622,"Calibration, geometry, or tuning parameter; not generated by process equations."
M_feed_solid_tph_s,stream_or_state_input,dose_DF_K6_s;dose_TD_s;dose_cao_kg_t_s;dose_naoh_kg_t_s,flotation,manual,Upstream stream or dynamic state entering this formula from process topology.
"M_froth_fe_carb_lag_{s,c}",stream_or_state_input,"hydrophobic_load_{s,c}",flotation,1534,Upstream stream or dynamic state entering this formula from process topology.
"M_froth_fe_hem_lag_{s,c}",stream_or_state_input,"hydrophobic_load_{s,c}",flotation,1534,Upstream stream or dynamic state entering this formula from process topology.
"M_froth_fe_mag_lag_{s,c}",stream_or_state_input,"hydrophobic_load_{s,c}",flotation,1534,Upstream stream or dynamic state entering this formula from process topology.
"M_froth_fe_sil_lag_{s,c}",stream_or_state_input,"hydrophobic_load_{s,c}",flotation,1534,Upstream stream or dynamic state entering this formula from process topology.
"M_froth_gangue_lag_{s,c}",stream_or_state_input,"hydrophobic_load_{s,c}",flotation,1534,Upstream stream or dynamic state entering this formula from process topology.
M_mag_conc_solid,stream_or_state_input,C_feed_in;F325_feed_in;Liberation_fe_feed_in;Liberation_gangue_feed_in;WI_feed_in,tower_mill,1291;1292;1293;1294;1295,Upstream stream or dynamic state entering this formula from process topology.
M_mag_conc_wet,stream_or_state_input,C_feed_in,tower_mill,1291,Upstream stream or dynamic state entering this formula from process topology.
M_max_i,stream_or_state_input,M_wet_i,boundary,316,Upstream stream or dynamic state entering this formula from process topology.
M_min_i,stream_or_state_input,M_wet_i,boundary,316,Upstream stream or dynamic state entering this formula from process topology.
M_nom_i,stream_or_state_input,C_i;M_wet_i,boundary,316;317,Upstream stream or dynamic state entering this formula from process topology.
M_ref,parameter,"Q_air_sp_{s,c}",flotation,1535,"Calibration, geometry, or tuning parameter; not generated by process equations."
M_solid_1,stream_or_state_input,TFe_mixed;_x_clay_mixed;_x_d3_WI_mixed;_x_r_carb_mixed,boundary,385;388;391;395,Upstream stream or dynamic state entering this formula from process topology.
M_solid_2,stream_or_state_input,TFe_mixed;_x_clay_mixed;_x_d3_WI_mixed;_x_r_carb_mixed,boundary,385;388;391;395,Upstream stream or dynamic state entering this formula from process topology.
M_solid_3,stream_or_state_input,TFe_mixed;_x_clay_mixed;_x_d3_WI_mixed;_x_r_carb_mixed,boundary,385;388;391;395,Upstream stream or dynamic state entering this formula from process topology.
M_solid_s,stream_or_state_input,"I_cell_motor_phys_{s,c}",flotation,1656,Upstream stream or dynamic state entering this formula from process topology.
M_tm_discharge_solid_prev,previous_state_reference,C_feed_in;F325_feed_in;Liberation_fe_feed_in;Liberation_gangue_feed_in;WI_feed_in,tower_mill,1291;1292;1293;1294;1295,Lagged state supplied by the simulator state store.
M_tm_discharge_wet_prev,previous_state_reference,C_feed_in,tower_mill,1291,Lagged state supplied by the simulator state store.
M_tm_overflow_solid_delayed,previous_state_reference,M_NT_in_solid_s,flotation,1447,Lagged state supplied by the simulator state store.
M_tm_overflow_water_delayed,previous_state_reference,M_NT_in_water_s,flotation,1448,Lagged state supplied by the simulator state store.
M_water_1,stream_or_state_input,M_water_mixed,boundary,381,Upstream stream or dynamic state entering this formula from process topology.
M_water_2,stream_or_state_input,M_water_mixed,boundary,381,Upstream stream or dynamic state entering this formula from process topology.
M_water_3,stream_or_state_input,M_water_mixed,boundary,381,Upstream stream or dynamic state entering this formula from process topology.
M_water_add,stream_or_state_input,C_feed_in,tower_mill,1291,Upstream stream or dynamic state entering this formula from process topology.
M_wet_1,stream_or_state_input,M_solid_mixed,boundary,380,Upstream stream or dynamic state entering this formula from process topology.
M_wet_2,stream_or_state_input,M_solid_mixed,boundary,380,Upstream stream or dynamic state entering this formula from process topology.
M_wet_3,stream_or_state_input,M_solid_mixed,boundary,380,Upstream stream or dynamic state entering this formula from process topology.
M_wet_mag_conc,stream_or_state_input,T_slurry_feed_in,tower_mill,1296,Upstream stream or dynamic state entering this formula from process topology.
M_wet_tm_discharge,stream_or_state_input,T_slurry_feed_in,tower_mill,1296,Upstream stream or dynamic state entering this formula from process topology.
N_cyc_on,parameter,P_cyc,tower_mill,1316,"Calibration, geometry, or tuning parameter; not generated by process equations."
N_flush_base,parameter,N_flush_open,magnetic,1255,"Calibration, geometry, or tuning parameter; not generated by process equations."
N_flush_max,parameter,N_flush_open,magnetic,1255,"Calibration, geometry, or tuning parameter; not generated by process equations."
N_flush_min,parameter,N_flush_open,magnetic,1255,"Calibration, geometry, or tuning parameter; not generated by process equations."
NaN,parameter,lab_var,lab,1041,"Calibration, geometry, or tuning parameter; not generated by process equations."
PRBS_TD_s,parameter,dose_need_TD_rough_s,flotation,1491,"Calibration, geometry, or tuning parameter; not generated by process equations."
"PRBS_air_{s,c}",parameter,"Q_air_sp_{s,c}",flotation,1535,"Calibration, geometry, or tuning parameter; not generated by process equations."
PRBS_feed_rate,parameter,M_feed_sp,flotation,1622,"Calibration, geometry, or tuning parameter; not generated by process equations."
PRBS_mag_I,parameter,I_exc_sp,magnetic,1214,"Calibration, geometry, or tuning parameter; not generated by process equations."
PRBS_pH_s,parameter,pH_sp_s,flotation,1520,"Calibration, geometry, or tuning parameter; not generated by process equations."
PRBS_sand,parameter,u_sand_sp,tower_mill,1324,"Calibration, geometry, or tuning parameter; not generated by process equations."
P_amb_pressure,equipment_or_control_state,"DeltaP_blower_Pa_b;P_cell_{s,c}",flotation,1550;1554,Equipment state or actuator signal generated by another execution block.
P_blower_pressure_max_b,equipment_or_control_state,P_blower_curve_b;P_blower_pressure_b,flotation,1546;1549,Equipment state or actuator signal generated by another execution block.
P_blower_pressure_min_b,equipment_or_control_state,P_blower_curve_b;P_blower_pressure_b,flotation,1546;1549,Equipment state or actuator signal generated by another execution block.
"P_cell_motor_{1,c}",equipment_or_control_state,sum_cell_power_s1,flotation,1664,Equipment state or actuator signal generated by another execution block.
"P_cell_motor_{2,c}",equipment_or_control_state,sum_cell_power_s2,flotation,1665,Equipment state or actuator signal generated by another execution block.
"P_drug_pump_{1,j}",equipment_or_control_state,sum_drug_power_s1,flotation,1668,Equipment state or actuator signal generated by another execution block.
"P_drug_pump_{2,j}",equipment_or_control_state,sum_drug_power_s2,flotation,1669,Equipment state or actuator signal generated by another execution block.
P_header_max,parameter,P_header_sp;P_header_ss,flotation,1537;1547,"Calibration, geometry, or tuning parameter; not generated by process equations."
P_header_min,parameter,P_header_sp;P_header_ss,flotation,1537;1547,"Calibration, geometry, or tuning parameter; not generated by process equations."
P_header_nom,parameter,P_header_sp,flotation,1537,"Calibration, geometry, or tuning parameter; not generated by process equations."
P_header_prev,previous_state_reference,P_header,flotation,1548,Lagged state supplied by the simulator state store.
P_idle,equipment_or_control_state,P_mech_ss,tower_mill,1369,Equipment state or actuator signal generated by another execution block.
P_max,parameter,P_cyc,tower_mill,1316,"Calibration, geometry, or tuning parameter; not generated by process equations."
P_mech_prev,previous_state_reference,P_mech,tower_mill,1370,Lagged state supplied by the simulator state store.
P_media,equipment_or_control_state,P_mech_ss,tower_mill,1369,Equipment state or actuator signal generated by another execution block.
P_min,parameter,P_cyc,tower_mill,1316,"Calibration, geometry, or tuning parameter; not generated by process equations."
"P_pool_pump_{1,k}",equipment_or_control_state,sum_pool_power_s1,flotation,1666,Equipment state or actuator signal generated by another execution block.
"P_pool_pump_{2,k}",equipment_or_control_state,sum_pool_power_s2,flotation,1667,Equipment state or actuator signal generated by another execution block.
P_ref,known_global,alpha_ov;d50;f_oil_pump_sp,tower_mill,1328;1329;1385,Shared simulation constant or helper function.
P_sp,equipment_or_control_state,f_pump_sp,tower_mill,1313,Equipment state or actuator signal generated by another execution block.
Q_NT_in_water_s,stream_or_state_input,dV_NT_water_s/dt,flotation,1452,Upstream stream or dynamic state entering this formula from process topology.
Q_NT_over_water_s,stream_or_state_input,dV_NT_water_s/dt,flotation,1452,Upstream stream or dynamic state entering this formula from process topology.
Q_NT_under_s1,stream_or_state_input,Q_feed_s1_total,flotation,1625,Upstream stream or dynamic state entering this formula from process topology.
Q_NT_under_s2,stream_or_state_input,Q_feed_s2_total,flotation,1626,Upstream stream or dynamic state entering this formula from process topology.
Q_NT_under_water_s,stream_or_state_input,dV_NT_water_s/dt,flotation,1452,Upstream stream or dynamic state entering this formula from process topology.
Q_air_high_c,stream_or_state_input,"E_air_{s,c}",flotation,1595,Upstream stream or dynamic state entering this formula from process topology.
Q_air_low_c,stream_or_state_input,"E_air_{s,c}",flotation,1595,Upstream stream or dynamic state entering this formula from process topology.
Q_air_max_c,stream_or_state_input,"Q_air_sp_{s,c}",flotation,1535,Upstream stream or dynamic state entering this formula from process topology.
Q_air_min_c,stream_or_state_input,"Q_air_sp_{s,c}",flotation,1535,Upstream stream or dynamic state entering this formula from process topology.
Q_air_nom_c,stream_or_state_input,"Q_air_sp_{s,c}",flotation,1535,Upstream stream or dynamic state entering this formula from process topology.
Q_air_total_ref,parameter,P_header_sp,flotation,1537,"Calibration, geometry, or tuning parameter; not generated by process equations."
Q_air_total_s1,stream_or_state_input,blower_power_share1,flotation,1662,Upstream stream or dynamic state entering this formula from process topology.
Q_air_total_s2,stream_or_state_input,blower_power_share2,flotation,1663,Upstream stream or dynamic state entering this formula from process topology.
Q_blower_ref_b,stream_or_state_input,blower_speed_sp_b,flotation,1544,Upstream stream or dynamic state entering this formula from process topology.
Q_cleaner_tail_s,stream_or_state_input,"Q_in_pool_{s,1}",flotation,1634,Upstream stream or dynamic state entering this formula from process topology.
Q_feed,stream_or_state_input,I_ring_motor_phys;N_flush_open;capture_j;clog_buildup;dL_mag/dt;f_pul_sp;magnetic_difficulty;u_flush_sp,magnetic,1207;1224;1234;1242;1255;1256;1264;518,Upstream stream or dynamic state entering this formula from process topology.
Q_feed_water,stream_or_state_input,Q_conc_water,magnetic,1240,Upstream stream or dynamic state entering this formula from process topology.
Q_final_tail_s,stream_or_state_input,"Q_in_pool_{s,3}",flotation,1636,Upstream stream or dynamic state entering this formula from process topology.
Q_flush_prev,previous_state_reference,clog_wash,magnetic,1230,Lagged state supplied by the simulator state store.
Q_flush_ref,parameter,clog_wash,magnetic,1230,"Calibration, geometry, or tuning parameter; not generated by process equations."
Q_in,stream_or_state_input,dL_pool/dt;f_pump_sp,tower_mill,1311;1313,Upstream stream or dynamic state entering this formula from process topology.
"Q_in_cell_{s,c}",stream_or_state_input,"dL_cell_{s,c}/dt",flotation,1620,Upstream stream or dynamic state entering this formula from process topology.
"Q_in_pool_{s,k}",stream_or_state_input,"dL_pool_{s,k}/dt",flotation,1637,Upstream stream or dynamic state entering this formula from process topology.
"Q_out_cell_{s,cx1}",stream_or_state_input,"Q_in_cell_{s,cx2}",flotation,1575,Upstream stream or dynamic state entering this formula from process topology.
"Q_out_cell_{s,cx2}",stream_or_state_input,"Q_in_cell_{s,cx3}",flotation,1576,Upstream stream or dynamic state entering this formula from process topology.
"Q_pump_pool_{s,1}",stream_or_state_input,"feed_j_rate_{s,c}",flotation,manual,Upstream stream or dynamic state entering this formula from process topology.
"Q_pump_pool_{s,2}",stream_or_state_input,"feed_j_rate_{s,c}",flotation,manual,Upstream stream or dynamic state entering this formula from process topology.
"Q_pump_pool_{s,3}",stream_or_state_input,"feed_j_rate_{s,c}",flotation,manual,Upstream stream or dynamic state entering this formula from process topology.
Q_pump_prev,previous_state_reference,tau_cyc_pool,tower_mill,1290,Lagged state supplied by the simulator state store.
Q_ref,known_global,I_ring_motor_phys;N_flush_open;capture_j;clog_buildup;f_pul_sp;magnetic_difficulty;u_flush_sp,magnetic,1207;1224;1234;1255;1256;1264;518,Shared simulation constant or helper function.
Q_refill_nom,parameter,Q_k6_refill_s,flotation,1513,"Calibration, geometry, or tuning parameter; not generated by process equations."
Q_return_sand,stream_or_state_input,dL_pool/dt,tower_mill,1311,Upstream stream or dynamic state entering this formula from process topology.
Q_rougher_froth_s,stream_or_state_input,"Q_in_cell_{s,jx}",flotation,1577,Upstream stream or dynamic state entering this formula from process topology.
Q_rougher_tail_s,stream_or_state_input,"Q_in_cell_{s,sx1}",flotation,1578,Upstream stream or dynamic state entering this formula from process topology.
Q_scav1_conc_s,stream_or_state_input,"Q_in_pool_{s,1}",flotation,1634,Upstream stream or dynamic state entering this formula from process topology.
Q_scav1_tail_s,stream_or_state_input,"Q_in_cell_{s,sx2}",flotation,1579,Upstream stream or dynamic state entering this formula from process topology.
Q_scav2_conc_s,stream_or_state_input,"Q_in_pool_{s,2}",flotation,1635,Upstream stream or dynamic state entering this formula from process topology.
Q_scav2_tail_s,stream_or_state_input,"Q_in_cell_{s,sx3}",flotation,1580,Upstream stream or dynamic state entering this formula from process topology.
Q_scav3_conc_s,stream_or_state_input,"Q_in_pool_{s,2}",flotation,1635,Upstream stream or dynamic state entering this formula from process topology.
Q_tm_overflow_delayed,previous_state_reference,Q_NT_in_s,flotation,1446,Lagged state supplied by the simulator state store.
Q_water,stream_or_state_input,dL_pool/dt,tower_mill,1311,Upstream stream or dynamic state entering this formula from process topology.
"Q_{s,cao}_ml_s",stream_or_state_input,dose_cao_kg_t_s,flotation,manual,Upstream stream or dynamic state entering this formula from process topology.
"Q_{s,j}",stream_or_state_input,"reagent_heat_load_{s,k}",flotation,1650,Upstream stream or dynamic state entering this formula from process topology.
"Q_{s,k6_rough}_ml_s",stream_or_state_input,dose_DF_K6_s,flotation,manual,Upstream stream or dynamic state entering this formula from process topology.
"Q_{s,naoh}_ml_s",stream_or_state_input,dose_naoh_kg_t_s,flotation,manual,Upstream stream or dynamic state entering this formula from process topology.
"Q_{s,td_clean}_ml_s",stream_or_state_input,dose_TD_s,flotation,manual,Upstream stream or dynamic state entering this formula from process topology.
"Q_{s,td_rough}_ml_s",stream_or_state_input,dose_TD_s,flotation,manual,Upstream stream or dynamic state entering this formula from process topology.
R0_coil,parameter,R_coil,magnetic,1217,"Calibration, geometry, or tuning parameter; not generated by process equations."
R_header0,parameter,header_resistance,flotation,1541,"Calibration, geometry, or tuning parameter; not generated by process equations."
Rmax_j,parameter,R_hm_j,magnetic,533,"Calibration, geometry, or tuning parameter; not generated by process equations."
Rmax_j_c,parameter,"R_j_{s,c}",flotation,1611,"Calibration, geometry, or tuning parameter; not generated by process equations."
TFe_1,known_global,TFe_mixed,boundary,395,Shared simulation constant or helper function.
TFe_2,known_global,TFe_mixed,boundary,395,Shared simulation constant or helper function.
TFe_3,known_global,TFe_mixed,boundary,395,Shared simulation constant or helper function.
T_amb,known_global,"T_NT_in_s;T_bearing1;T_bearing2;T_coil_ss;T_oil_ss;T_slurry_discharge_inst;T_slurry_i;T_slurry_overflow;T_slurry_sand;T_stator_A_ss;T_stator_B_ss;T_tank_ss_{s,k};T_under_s",boundary;flotation;magnetic;tower_mill,1221;1351;1353;1378;1391;1394;1395;1396;1397;1449;1458;1653;374,Shared simulation constant or helper function.
T_coil_prev,previous_state_reference,T_coil,magnetic,1222,Lagged state supplied by the simulator state store.
T_oil_prev,previous_state_reference,T_oil,tower_mill,1392,Lagged state supplied by the simulator state store.
T_oil_sp,stream_or_state_input,f_oil_pump_sp;u_oil_cooler_sp,tower_mill,1385;1388,Upstream stream or dynamic state entering this formula from process topology.
T_ore_feed,stream_or_state_input,T_slurry_i,boundary,374,Upstream stream or dynamic state entering this formula from process topology.
T_process_water,stream_or_state_input,T_slurry_i,boundary,374,Upstream stream or dynamic state entering this formula from process topology.
T_reagent_in_j,stream_or_state_input,"reagent_heat_load_{s,k}",flotation,1650,Upstream stream or dynamic state entering this formula from process topology.
T_ref,known_global,"R_coil;mu_slurry;reagent_viscosity_{s,j}",flotation;global;magnetic,1217;1647;207,Shared simulation constant or helper function.
T_slurry,stream_or_state_input,Stream;mu_slurry,global,159;207,Upstream stream or dynamic state entering this formula from process topology.
T_slurry_discharge_prev,previous_state_reference,T_slurry_discharge;T_slurry_feed_in,tower_mill,1296;1382,Lagged state supplied by the simulator state store.
T_slurry_feed_prev,previous_state_reference,T_slurry_feed,tower_mill,1306,Lagged state supplied by the simulator state store.
T_slurry_mag_conc,stream_or_state_input,T_slurry_feed_in,tower_mill,1296,Upstream stream or dynamic state entering this formula from process topology.
T_stator_A_prev,previous_state_reference,T_stator_A,tower_mill,1398,Lagged state supplied by the simulator state store.
T_stator_B_prev,previous_state_reference,T_stator_B,tower_mill,1399,Lagged state supplied by the simulator state store.
"T_tank_prev_{s,k}",stream_or_state_input,"T_tank_{s,k}",flotation,1654,Upstream stream or dynamic state entering this formula from process topology.
T_tank_sp_k,stream_or_state_input,"u_steam_sp_{s,k}",flotation,1648,Upstream stream or dynamic state entering this formula from process topology.
"T_tank_{s,tank_of(j)}",stream_or_state_input,"reagent_viscosity_{s,j}",flotation,1647,Upstream stream or dynamic state entering this formula from process topology.
T_tm_overflow_delayed,previous_state_reference,T_NT_in_s,flotation,1449,Lagged state supplied by the simulator state store.
V_NT_water_s,parameter,L_NT_s,flotation,1453,"Calibration, geometry, or tuning parameter; not generated by process equations."
V_blower_b,parameter,I_blower_phys_b;P_blower_power_b,flotation,1552;1660,"Calibration, geometry, or tuning parameter; not generated by process equations."
V_cell_motor,parameter,"P_cell_motor_{s,c}",flotation,1657,"Calibration, geometry, or tuning parameter; not generated by process equations."
V_drug_pump,parameter,"P_drug_pump_{s,j}",flotation,1659,"Calibration, geometry, or tuning parameter; not generated by process equations."
V_mixer_k,parameter,"mixer_power_{s,k}",flotation,1652,"Calibration, geometry, or tuning parameter; not generated by process equations."
V_motor,parameter,I_tm_phys,tower_mill,1371,"Calibration, geometry, or tuning parameter; not generated by process equations."
V_pool_pump,parameter,"P_pool_pump_{s,k}",flotation,1658,"Calibration, geometry, or tuning parameter; not generated by process equations."
WI_1,stream_or_state_input,_x_d3_WI_mixed,boundary,385,Upstream stream or dynamic state entering this formula from process topology.
WI_2,stream_or_state_input,_x_d3_WI_mixed,boundary,385,Upstream stream or dynamic state entering this formula from process topology.
WI_3,stream_or_state_input,_x_d3_WI_mixed,boundary,385,Upstream stream or dynamic state entering this formula from process topology.
WI_discharge_prev,previous_state_reference,WI_feed_in,tower_mill,1295,Lagged state supplied by the simulator state store.
WI_feed_prev,previous_state_reference,WI_feed,tower_mill,1305,Lagged state supplied by the simulator state store.
WI_i,stream_or_state_input,Liberation_fe_i;Liberation_gangue_i;dWI_i,boundary;global,144;361;368,Upstream stream or dynamic state entering this formula from process topology.
WI_mag_conc,stream_or_state_input,WI_feed_in,tower_mill,1295,Upstream stream or dynamic state entering this formula from process topology.
WI_ref,known_global,Liberation_fe_i;Liberation_gangue_i;M_feed_sp;grind_difficulty,boundary;flotation;tower_mill,1363;1622;361;368,Shared simulation constant or helper function.
WI_target_i,stream_or_state_input,dWI_i,global,144,Upstream stream or dynamic state entering this formula from process topology.
_f200,known_global,lab_{i}_eryi_f200,boundary,433,Shared simulation constant or helper function.
_ml_s,known_global,"reagent_heat_load_{s,k}",flotation,1650,Shared simulation constant or helper function.
_prev,previous_state_reference,"f_{s,j}",flotation,1499,Lagged state supplied by the simulator state store.
_sp,known_global,"f_{s,j}",flotation,1499,Shared simulation constant or helper function.
_tfe,known_global,lab_{i}_eryi_tfe,boundary,432,Shared simulation constant or helper function.
_x_eryi_line,known_global,lab_{i}_eryi_f200;lab_{i}_eryi_tfe,boundary,432;433,Shared simulation constant or helper function.
_x_mag_mixed_conc_tfe,stream_or_state_input,lab_mag_mixed_conc_tfe,lab,manual,Upstream stream or dynamic state entering this formula from process topology.
_x_tm_overflow_tfe,stream_or_state_input,lab_tm_overflow_tfe,lab,manual,Upstream stream or dynamic state entering this formula from process topology.
a0_j,parameter,capture_j,magnetic,518,"Calibration, geometry, or tuning parameter; not generated by process equations."
a1_c,parameter,"E_collector_{s,c}",flotation,1592,"Calibration, geometry, or tuning parameter; not generated by process equations."
a2_c,parameter,"E_collector_{s,c}",flotation,1592,"Calibration, geometry, or tuning parameter; not generated by process equations."
aB_j,parameter,capture_j,magnetic,518,"Calibration, geometry, or tuning parameter; not generated by process equations."
aC,template_index,d50,tower_mill,1328,Short template index resolved during code generation.
aC_j,parameter,capture_j,magnetic,518,"Calibration, geometry, or tuning parameter; not generated by process equations."
aL_j,parameter,capture_j,magnetic,518,"Calibration, geometry, or tuning parameter; not generated by process equations."
aP,template_index,d50,tower_mill,1328,Short template index resolved during code generation.
aQ_j,parameter,capture_j,magnetic,518,"Calibration, geometry, or tuning parameter; not generated by process equations."
aSize_j,parameter,capture_j,magnetic,518,"Calibration, geometry, or tuning parameter; not generated by process equations."
a_carb_c,parameter,"k_float_carb_{s,c}",flotation,1604,"Calibration, geometry, or tuning parameter; not generated by process equations."
a_fan_b,parameter,P_blower_curve_b,flotation,1546,"Calibration, geometry, or tuning parameter; not generated by process equations."
a_freq_j,parameter,"f_{s,j}_sp",flotation,1498,"Calibration, geometry, or tuning parameter; not generated by process equations."
a_sil_c,parameter,"k_float_sil_{s,c}",flotation,1603,"Calibration, geometry, or tuning parameter; not generated by process equations."
abs,parameter,floatability_difficulty,flotation,1478,"Calibration, geometry, or tuning parameter; not generated by process equations."
active_cao,parameter,dose_cao_kg_t_s,flotation,manual,"Calibration, geometry, or tuning parameter; not generated by process equations."
active_k6,parameter,dose_DF_K6_s,flotation,manual,"Calibration, geometry, or tuning parameter; not generated by process equations."
active_naoh,parameter,dose_naoh_kg_t_s,flotation,manual,"Calibration, geometry, or tuning parameter; not generated by process equations."
active_td,parameter,dose_TD_s,flotation,manual,"Calibration, geometry, or tuning parameter; not generated by process equations."
agg_tm_cyclone_feed_pressure_lag,previous_state_reference,quality_proxy_s,flotation,1471,Lagged state supplied by the simulator state store.
agg_tm_motor_current_lag,previous_state_reference,quality_proxy_s,flotation,1471,Lagged state supplied by the simulator state store.
air_filter_fouling_prev,previous_state_reference,air_filter_fouling,flotation,1540,Lagged state supplied by the simulator state store.
air_flow_lag,previous_state_reference,online_froth_proxy,dcs,1186,Lagged state supplied by the simulator state store.
alpha_Cu,parameter,R_coil,magnetic,1217,"Calibration, geometry, or tuning parameter; not generated by process equations."
amu,parameter,d50,tower_mill,1328,"Calibration, geometry, or tuning parameter; not generated by process equations."
availability_i,parameter,M_wet_i,boundary,316,"Calibration, geometry, or tuning parameter; not generated by process equations."
b0,parameter,buffer_capacity;buffer_capacity_s,flotation;global,1519;238,"Calibration, geometry, or tuning parameter; not generated by process equations."
b_C,parameter,buffer_capacity;buffer_capacity_s,flotation;global,1519;238,"Calibration, geometry, or tuning parameter; not generated by process equations."
b_carb,parameter,buffer_capacity;buffer_capacity_s,flotation;global,1519;238,"Calibration, geometry, or tuning parameter; not generated by process equations."
b_clay,parameter,buffer_capacity;buffer_capacity_s,flotation;global,1519;238,"Calibration, geometry, or tuning parameter; not generated by process equations."
b_fan_b,parameter,P_blower_curve_b,flotation,1546,"Calibration, geometry, or tuning parameter; not generated by process equations."
b_flow,parameter,buffer_capacity;buffer_capacity_s,flotation;global,1519;238,"Calibration, geometry, or tuning parameter; not generated by process equations."
b_freq_j,parameter,"f_{s,j}_sp",flotation,1498,"Calibration, geometry, or tuning parameter; not generated by process equations."
b_sil,parameter,buffer_capacity;buffer_capacity_s,flotation;global,1519;238,"Calibration, geometry, or tuning parameter; not generated by process equations."
blower_capacity_b,parameter,blower_load_share_b,flotation,1542,"Calibration, geometry, or tuning parameter; not generated by process equations."
blower_on_b,parameter,blower_load_share_b,flotation,1542,"Calibration, geometry, or tuning parameter; not generated by process equations."
blower_speed_prev_b,parameter,blower_speed_b,flotation,1545,"Calibration, geometry, or tuning parameter; not generated by process equations."
c0,parameter,clog_buildup,magnetic,1224,"Calibration, geometry, or tuning parameter; not generated by process equations."
c_C,parameter,clog_buildup,magnetic,1224,"Calibration, geometry, or tuning parameter; not generated by process equations."
c_clay,parameter,clog_buildup,magnetic,1224,"Calibration, geometry, or tuning parameter; not generated by process equations."
c_f25,parameter,clog_buildup,magnetic,1224,"Calibration, geometry, or tuning parameter; not generated by process equations."
c_flush_Q,parameter,clog_wash,magnetic,1230,"Calibration, geometry, or tuning parameter; not generated by process equations."
c_load,parameter,clog_buildup,magnetic,1224,"Calibration, geometry, or tuning parameter; not generated by process equations."
c_pul_clog,parameter,clog_wash,magnetic,1230,"Calibration, geometry, or tuning parameter; not generated by process equations."
clay,parameter,Entr;Stream;buffer_capacity;clog_buildup;f_pul_sp;floatability_difficulty;mu_feed;mu_slurry,flotation;global;magnetic;tower_mill,1224;1234;1309;1478;159;207;238;524,"Calibration, geometry, or tuning parameter; not generated by process equations."
clay_1,parameter,_x_clay_mixed,boundary,388,"Calibration, geometry, or tuning parameter; not generated by process equations."
clay_2,parameter,_x_clay_mixed,boundary,388,"Calibration, geometry, or tuning parameter; not generated by process equations."
clay_3,parameter,_x_clay_mixed,boundary,388,"Calibration, geometry, or tuning parameter; not generated by process equations."
clay_i,parameter,C_i;Liberation_fe_i;TFe_i;dclay_i,boundary;global,145;317;320;361,"Calibration, geometry, or tuning parameter; not generated by process equations."
clay_s,parameter,"buffer_capacity_s;entrainment_factor_{s,c};floatability_difficulty_s;froth_stability_{s,c};mu_under_s",flotation,1459;1519;1566;1600;manual,"Calibration, geometry, or tuning parameter; not generated by process equations."
clay_target_i,parameter,dclay_i,global,145,"Calibration, geometry, or tuning parameter; not generated by process equations."
cleaning_rate_filter,parameter,d(air_filter_fouling)/dt,flotation,1539,"Calibration, geometry, or tuning parameter; not generated by process equations."
cooling_water_pressure,known_global,oil_cooling_flow,tower_mill,1390,Shared simulation constant or helper function.
cyclone_pressure_lag,previous_state_reference,online_load_proxy,dcs,1185,Lagged state supplied by the simulator state store.
d,template_index,air_filter_fouling,flotation,1540,Short template index resolved during code generation.
d0_cao,parameter,dose_need_cao_s,flotation,1522,"Calibration, geometry, or tuning parameter; not generated by process equations."
d0_k6,parameter,dose_need_DF_K6_s,flotation,1493,"Calibration, geometry, or tuning parameter; not generated by process equations."
d0_naoh,parameter,dose_need_naoh_s,flotation,1521,"Calibration, geometry, or tuning parameter; not generated by process equations."
d0_td_c,parameter,dose_need_TD_clean_s,flotation,1492,"Calibration, geometry, or tuning parameter; not generated by process equations."
d0_td_r,parameter,dose_need_TD_rough_s,flotation,1491,"Calibration, geometry, or tuning parameter; not generated by process equations."
d50_ref,parameter,d50,tower_mill,1328,"Calibration, geometry, or tuning parameter; not generated by process equations."
d80,parameter,Stream,global,159,"Calibration, geometry, or tuning parameter; not generated by process equations."
d80_i,parameter,F325_i;f25_i,boundary,333;334,"Calibration, geometry, or tuning parameter; not generated by process equations."
"dM_cell_j_{s,c}",parameter,"M_cell_j_{s,c}",flotation,1615,"Calibration, geometry, or tuning parameter; not generated by process equations."
dW_WI_i,parameter,dWI_i,global,144,"Calibration, geometry, or tuning parameter; not generated by process equations."
dW_carb_i,parameter,dr_carb_i,global,146,"Calibration, geometry, or tuning parameter; not generated by process equations."
dW_clay_i,parameter,dclay_i,global,145,"Calibration, geometry, or tuning parameter; not generated by process equations."
delta_fault,parameter,T_bearing1;T_bearing2,tower_mill,1394;1395,"Calibration, geometry, or tuning parameter; not generated by process equations."
dose_DF_K6,parameter,hydrophobic_potential,global,250,"Calibration, geometry, or tuning parameter; not generated by process equations."
dose_DF_K6_effective_prev_s,parameter,dose_DF_K6_effective_s,flotation,1504,"Calibration, geometry, or tuning parameter; not generated by process equations."
dose_K6_ref_c,parameter,"E_depressant_{s,c}",flotation,1593,"Calibration, geometry, or tuning parameter; not generated by process equations."
dose_TD_effective_prev_s,parameter,dose_TD_effective_s,flotation,1503,"Calibration, geometry, or tuning parameter; not generated by process equations."
dose_high_c,parameter,"E_collector_{s,c}",flotation,1592,"Calibration, geometry, or tuning parameter; not generated by process equations."
dose_low_c,parameter,"E_collector_{s,c}",flotation,1592,"Calibration, geometry, or tuning parameter; not generated by process equations."
"dose_need_{s,j}",parameter,"f_{s,j}_sp",flotation,1498,"Calibration, geometry, or tuning parameter; not generated by process equations."
e,template_index,F325_i;f25_i,boundary,333;334,Short template index resolved during code generation.
e0,parameter,Entr,magnetic,524,"Calibration, geometry, or tuning parameter; not generated by process equations."
e0_c,parameter,"entrainment_factor_{s,c}",flotation,1600,"Calibration, geometry, or tuning parameter; not generated by process equations."
e6,parameter,"DeltaP_blower_Pa_b;P_cell_{s,c}",flotation,1550;1554,"Calibration, geometry, or tuning parameter; not generated by process equations."
eC,template_index,Entr,magnetic,524,Short template index resolved during code generation.
eL,template_index,Entr,magnetic,524,Short template index resolved during code generation.
e_C_c,parameter,"entrainment_factor_{s,c}",flotation,1600,"Calibration, geometry, or tuning parameter; not generated by process equations."
e_clay_c,parameter,"entrainment_factor_{s,c}",flotation,1600,"Calibration, geometry, or tuning parameter; not generated by process equations."
e_f25_c,parameter,"entrainment_factor_{s,c}",flotation,1600,"Calibration, geometry, or tuning parameter; not generated by process equations."
e_max,parameter,Entr,magnetic,524,"Calibration, geometry, or tuning parameter; not generated by process equations."
e_mu_c,parameter,"entrainment_factor_{s,c}",flotation,1600,"Calibration, geometry, or tuning parameter; not generated by process equations."
e_pul,parameter,Entr,magnetic,524,"Calibration, geometry, or tuning parameter; not generated by process equations."
eclay,parameter,Entr,magnetic,524,"Calibration, geometry, or tuning parameter; not generated by process equations."
ef25,parameter,Entr,magnetic,524,"Calibration, geometry, or tuning parameter; not generated by process equations."
entr_share_j,parameter,conc_j,magnetic,534,"Calibration, geometry, or tuning parameter; not generated by process equations."
entr_share_j_c,parameter,"entrainment_j_rate_{s,c}",flotation,manual,"Calibration, geometry, or tuning parameter; not generated by process equations."
error,parameter,u_sp,global,282,"Calibration, geometry, or tuning parameter; not generated by process equations."
eta,parameter,I_tm_phys,tower_mill,1371,"Calibration, geometry, or tuning parameter; not generated by process equations."
eta_blower_motor_b,parameter,I_blower_phys_b,flotation,1552,"Calibration, geometry, or tuning parameter; not generated by process equations."
eta_cell,parameter,"P_cell_motor_{s,c}",flotation,1657,"Calibration, geometry, or tuning parameter; not generated by process equations."
eta_drug,parameter,"P_drug_pump_{s,j}",flotation,1659,"Calibration, geometry, or tuning parameter; not generated by process equations."
eta_fan_b,parameter,P_blower_shaft_kW_b,flotation,1551,"Calibration, geometry, or tuning parameter; not generated by process equations."
eta_mixer_k,parameter,"mixer_power_{s,k}",flotation,1652,"Calibration, geometry, or tuning parameter; not generated by process equations."
eta_pool,parameter,"P_pool_pump_{s,k}",flotation,1658,"Calibration, geometry, or tuning parameter; not generated by process equations."
event_bd_timer,parameter,u_blowdown_phys,magnetic,1254,"Calibration, geometry, or tuning parameter; not generated by process equations."
event_bearing1_fault,parameter,T_bearing1,tower_mill,1394,"Calibration, geometry, or tuning parameter; not generated by process equations."
event_bearing2_fault,parameter,T_bearing2,tower_mill,1395,"Calibration, geometry, or tuning parameter; not generated by process equations."
event_filter_clean,parameter,d(air_filter_fouling)/dt,flotation,1539,"Calibration, geometry, or tuning parameter; not generated by process equations."
"event_froth_fault_{s,c}",parameter,fx_s{s}_{c}_froth_h,dcs,manual,"Calibration, geometry, or tuning parameter; not generated by process equations."
f0,parameter,f_pump_sp,tower_mill,1313,"Calibration, geometry, or tuning parameter; not generated by process equations."
f25,ore_or_process_state,Entr;F325_discharge_inst;Stream;clog_buildup;f_pul_sp;floatability_difficulty;hydrophobic_potential;mu_feed;mu_slurry,flotation;global;magnetic;tower_mill,1224;1234;1309;1374;1478;159;207;250;524,Ore property or process state carried by streams or generated at boundary.
f25_s,ore_or_process_state,"dose_need_DF_K6_s;entrainment_factor_{s,c};floatability_difficulty_s;froth_stability_{s,c};mu_under_s;selectivity_proxy_s",flotation,1459;1493;1566;1600;manual,Ore property or process state carried by streams or generated at boundary.
f_k6_rough_s,equipment_or_control_state,Q_k6_consumption_s,flotation,1511,Equipment state or actuator signal generated by another execution block.
f_max,parameter,f_pump_sp,tower_mill,1313,"Calibration, geometry, or tuning parameter; not generated by process equations."
f_max_j,equipment_or_control_state,"f_{s,j}_sp",flotation,1498,Equipment state or actuator signal generated by another execution block.
f_min,parameter,f_pump_sp,tower_mill,1313,"Calibration, geometry, or tuning parameter; not generated by process equations."
f_min_j,equipment_or_control_state,"f_{s,j}_sp",flotation,1498,Equipment state or actuator signal generated by another execution block.
f_oil_max,parameter,f_oil_pump_sp,tower_mill,1385,"Calibration, geometry, or tuning parameter; not generated by process equations."
f_oil_min,parameter,f_oil_pump_sp,tower_mill,1385,"Calibration, geometry, or tuning parameter; not generated by process equations."
f_oil_nom,parameter,f_oil_pump_sp,tower_mill,1385,"Calibration, geometry, or tuning parameter; not generated by process equations."
f_oil_pump_prev,previous_state_reference,f_oil_pump,tower_mill,1386,Lagged state supplied by the simulator state store.
f_ov_max,parameter,f_ov_pump_sp,tower_mill,1402,"Calibration, geometry, or tuning parameter; not generated by process equations."
f_ov_min,parameter,f_ov_pump_sp,tower_mill,1402,"Calibration, geometry, or tuning parameter; not generated by process equations."
f_ov_nom,parameter,f_ov_pump_sp,tower_mill,1402,"Calibration, geometry, or tuning parameter; not generated by process equations."
f_pool_max_k,equipment_or_control_state,"f_pool_sp_{s,k}",flotation,1638,Equipment state or actuator signal generated by another execution block.
f_pool_min_k,equipment_or_control_state,"f_pool_sp_{s,k}",flotation,1638,Equipment state or actuator signal generated by another execution block.
f_pool_nom_k,equipment_or_control_state,"f_pool_sp_{s,k}",flotation,1638,Equipment state or actuator signal generated by another execution block.
"f_pool_prev_{s,k}",equipment_or_control_state,"f_pool_{s,k}",flotation,1639,Equipment state or actuator signal generated by another execution block.
f_pul_max,parameter,f_pul_sp,magnetic,1234,"Calibration, geometry, or tuning parameter; not generated by process equations."
f_pul_min,parameter,Entr;f_pul_sp,magnetic,1234;524,"Calibration, geometry, or tuning parameter; not generated by process equations."
f_pul_nom,parameter,f_pul_sp,magnetic,1234,"Calibration, geometry, or tuning parameter; not generated by process equations."
f_pul_opt,parameter,E_pulse,magnetic,521,"Calibration, geometry, or tuning parameter; not generated by process equations."
f_pul_prev,previous_state_reference,clog_wash;f_pul,magnetic,1230;1236,Lagged state supplied by the simulator state store.
f_pul_ref,parameter,Entr;clog_wash,magnetic,1230;524,"Calibration, geometry, or tuning parameter; not generated by process equations."
f_pump_prev,previous_state_reference,f_pump,tower_mill,1314,Lagged state supplied by the simulator state store.
f_ring_max,parameter,f_ring_sp,magnetic,1235,"Calibration, geometry, or tuning parameter; not generated by process equations."
f_ring_min,parameter,f_ring_sp,magnetic,1235,"Calibration, geometry, or tuning parameter; not generated by process equations."
f_ring_nom,parameter,f_ring_sp,magnetic,1235,"Calibration, geometry, or tuning parameter; not generated by process equations."
f_ring_opt,parameter,E_ring,magnetic,522,"Calibration, geometry, or tuning parameter; not generated by process equations."
f_ring_prev,previous_state_reference,f_ring,magnetic,1237,Lagged state supplied by the simulator state store.
"f_{s,drug}",equipment_or_control_state,fx_s{s}_{drug}_freq,flotation,1687,Equipment state or actuator signal generated by another execution block.
fault_value,known_global,fx_s{s}_{c}_froth_h,dcs,manual,Shared simulation constant or helper function.
feed_flow_lag,previous_state_reference,online_load_proxy,dcs,1185,Lagged state supplied by the simulator state store.
feed_j,known_global,conc_j;overflow_j;sand_j;tail_j,magnetic;tower_mill,534;535;600;601,Shared simulation constant or helper function.
feed_solid,known_global,M_tm_overflow_solid;M_tm_sand_solid,tower_mill,1333;1334,Shared simulation constant or helper function.
feed_water,known_global,M_tm_overflow_water;M_tm_sand_water,tower_mill,1337;1338,Shared simulation constant or helper function.
feedforward_state,controller_internal,u_sp,global,282,"Controller memory, feedforward flag, or intervention input."
ffill_reported,known_global,quality_proxy_s,flotation,1471,Shared simulation constant or helper function.
final_conc_s,known_global,y_fx_xin_s_true,flotation,973,Shared simulation constant or helper function.
froth_h_lag,previous_state_reference,online_froth_proxy,dcs,1186,Lagged state supplied by the simulator state store.
g,known_global,"P_cell_{s,c}",flotation,1554,Shared simulation constant or helper function.
gas_holdup_max_c,parameter,"gas_holdup_{s,c}",flotation,1558,"Calibration, geometry, or tuning parameter; not generated by process equations."
grade_NT_under_j_s,stream_or_state_input,M_feed_j_s,flotation,manual,Upstream stream or dynamic state entering this formula from process topology.
grid_voltage,known_global,V_ring_motor_phys,magnetic,1265,Shared simulation constant or helper function.
h0,parameter,hydrophobic_potential,global,250,"Calibration, geometry, or tuning parameter; not generated by process equations."
h_ca,parameter,hydrophobic_potential,global,250,"Calibration, geometry, or tuning parameter; not generated by process equations."
h_carb,parameter,hydrophobic_potential,global,250,"Calibration, geometry, or tuning parameter; not generated by process equations."
h_fine,parameter,hydrophobic_potential,global,250,"Calibration, geometry, or tuning parameter; not generated by process equations."
h_froth,parameter,M_feed_sp,flotation,1622,"Calibration, geometry, or tuning parameter; not generated by process equations."
"h_froth_lag_{s,c}",parameter,"Q_air_sp_{s,c};dose_need_TD_rough_s",flotation,1491;1535,"Calibration, geometry, or tuning parameter; not generated by process equations."
"h_froth_prev_{s,c}",parameter,"h_froth_{s,c}",flotation,1568,"Calibration, geometry, or tuning parameter; not generated by process equations."
h_froth_target_c,parameter,"R_froth_zone_{s,c}",flotation,1588,"Calibration, geometry, or tuning parameter; not generated by process equations."
h_high,parameter,M_feed_sp,flotation,1622,"Calibration, geometry, or tuning parameter; not generated by process equations."
h_k6,parameter,hydrophobic_potential,global,250,"Calibration, geometry, or tuning parameter; not generated by process equations."
h_lib,parameter,hydrophobic_potential,global,250,"Calibration, geometry, or tuning parameter; not generated by process equations."
h_ref,parameter,dose_need_TD_rough_s,flotation,1491,"Calibration, geometry, or tuning parameter; not generated by process equations."
h_ref_c,parameter,"Q_air_sp_{s,c}",flotation,1535,"Calibration, geometry, or tuning parameter; not generated by process equations."
h_scrape_ref_c,parameter,"scraper_speed_{s,c}",flotation,1563,"Calibration, geometry, or tuning parameter; not generated by process equations."
h_sil,parameter,hydrophobic_potential,global,250,"Calibration, geometry, or tuning parameter; not generated by process equations."
health_oil_pump,parameter,oil_flow,tower_mill,1387,"Calibration, geometry, or tuning parameter; not generated by process equations."
"health_pool_pump_{s,k}",parameter,"Q_pump_pool_{s,k}",flotation,1640,"Calibration, geometry, or tuning parameter; not generated by process equations."
health_pump,parameter,Q_pump,tower_mill,1315,"Calibration, geometry, or tuning parameter; not generated by process equations."
"health_{s,j}",parameter,"Q_{s,j}_ml_s",flotation,1500,"Calibration, geometry, or tuning parameter; not generated by process equations."
hydro_ref_c,parameter,"Q_air_sp_{s,c}",flotation,1535,"Calibration, geometry, or tuning parameter; not generated by process equations."
i,template_index,lab_{i}_eryi_f200;lab_{i}_eryi_tfe,boundary,432;433,Short template index resolved during code generation.
"int_L_error_{s,c}",template_variable,"u_lv_sp_{s,c}",flotation,1582,Template index or symbolic family member resolved during code generation.
integral,controller_internal,u_sp,global,282,"Controller memory, feedforward flag, or intervention input."
intervention,controller_internal,u_sp,global,282,"Controller memory, feedforward flag, or intervention input."
k0_g_c,parameter,"k_float_gangue_{s,c}",flotation,1602,"Calibration, geometry, or tuning parameter; not generated by process equations."
k0_hem_c,parameter,"k_float_fe_hem_{s,c}",flotation,1606,"Calibration, geometry, or tuning parameter; not generated by process equations."
k0_mag_c,parameter,"k_float_fe_mag_{s,c}",flotation,1605,"Calibration, geometry, or tuning parameter; not generated by process equations."
k1_c,parameter,"E_air_{s,c}",flotation,1595,"Calibration, geometry, or tuning parameter; not generated by process equations."
k2_c,parameter,"E_air_{s,c}",flotation,1595,"Calibration, geometry, or tuning parameter; not generated by process equations."
kC,template_index,alpha_ov;grind_difficulty,tower_mill,1329;1363,Short template index resolved during code generation.
kCL,parameter,grind_difficulty,tower_mill,1363,"Calibration, geometry, or tuning parameter; not generated by process equations."
kE,template_index,F325_discharge_inst,tower_mill,1374,Short template index resolved during code generation.
kF,template_index,alpha_ov,tower_mill,1329,Short template index resolved during code generation.
kH_pool_k,parameter,"I_pool_phys_{s,k}",flotation,1641,"Calibration, geometry, or tuning parameter; not generated by process equations."
kK6_c,parameter,"E_depressant_{s,c}",flotation,1593,"Calibration, geometry, or tuning parameter; not generated by process equations."
kM,template_index,P_mech_ss,tower_mill,1369,Short template index resolved during code generation.
kM_NT,parameter,I_NT_s,flotation,1465,"Calibration, geometry, or tuning parameter; not generated by process equations."
kP,template_index,P_cyc;alpha_ov,tower_mill,1316;1329,Short template index resolved during code generation.
kP_oil,parameter,T_oil_ss,tower_mill,1391,"Calibration, geometry, or tuning parameter; not generated by process equations."
kP_pump,parameter,I_pump_phys,tower_mill,1317,"Calibration, geometry, or tuning parameter; not generated by process equations."
kQ_ov,parameter,I_ov_pump_phys,tower_mill,1404,"Calibration, geometry, or tuning parameter; not generated by process equations."
kQ_pool_k,parameter,"I_pool_phys_{s,k}",flotation,1641,"Calibration, geometry, or tuning parameter; not generated by process equations."
kQ_pump,parameter,I_pump_phys,tower_mill,1317,"Calibration, geometry, or tuning parameter; not generated by process equations."
kQ_ring,parameter,I_ring_motor_phys,magnetic,1264,"Calibration, geometry, or tuning parameter; not generated by process equations."
kT_reagent_j,parameter,"reagent_viscosity_{s,j}",flotation,1647,"Calibration, geometry, or tuning parameter; not generated by process equations."
kWI,parameter,grind_difficulty,tower_mill,1363,"Calibration, geometry, or tuning parameter; not generated by process equations."
k_C_mixer_k,parameter,"I_mixer_phys_{s,k}",flotation,1651,"Calibration, geometry, or tuning parameter; not generated by process equations."
k_C_mu,parameter,mu_slurry,global,207,"Calibration, geometry, or tuning parameter; not generated by process equations."
k_L_clay,parameter,Liberation_fe_i,boundary,361,"Calibration, geometry, or tuning parameter; not generated by process equations."
k_L_size,parameter,Liberation_fe_i,boundary,361,"Calibration, geometry, or tuning parameter; not generated by process equations."
k_L_wi,parameter,Liberation_fe_i,boundary,361,"Calibration, geometry, or tuning parameter; not generated by process equations."
k_Lg_size,parameter,Liberation_gangue_i,boundary,368,"Calibration, geometry, or tuning parameter; not generated by process equations."
k_Lg_wi,parameter,Liberation_gangue_i,boundary,368,"Calibration, geometry, or tuning parameter; not generated by process equations."
k_NT_under,parameter,Q_NT_under_s,flotation,1461,"Calibration, geometry, or tuning parameter; not generated by process equations."
k_air_valve_c,parameter,"u_bv_sp_{s,c}",flotation,1555,"Calibration, geometry, or tuning parameter; not generated by process equations."
k_blower_discharge_drop_b,parameter,P_blower_pressure_b,flotation,1549,"Calibration, geometry, or tuning parameter; not generated by process equations."
k_cao_ca,parameter,Ca2_effect_s,flotation,1526,"Calibration, geometry, or tuning parameter; not generated by process equations."
k_cao_oh,parameter,OH_effect_s,flotation,1525,"Calibration, geometry, or tuning parameter; not generated by process equations."
k_clay_C,parameter,C_i,boundary,317,"Calibration, geometry, or tuning parameter; not generated by process equations."
k_clay_G,parameter,TFe_i,boundary,320,"Calibration, geometry, or tuning parameter; not generated by process equations."
k_clay_mu,parameter,mu_slurry,global,207,"Calibration, geometry, or tuning parameter; not generated by process equations."
k_clog,parameter,E_ring,magnetic,522,"Calibration, geometry, or tuning parameter; not generated by process equations."
k_collapse_c,parameter,"h_ss_{s,c}",flotation,1567,"Calibration, geometry, or tuning parameter; not generated by process equations."
k_cool_NT,parameter,T_under_s,flotation,1458,"Calibration, geometry, or tuning parameter; not generated by process equations."
k_cool_coil,parameter,T_coil_ss,magnetic,1221,"Calibration, geometry, or tuning parameter; not generated by process equations."
k_cool_cyc,parameter,T_slurry_overflow,tower_mill,1351,"Calibration, geometry, or tuning parameter; not generated by process equations."
k_cool_pipe,parameter,T_slurry_discharge_inst,tower_mill,1378,"Calibration, geometry, or tuning parameter; not generated by process equations."
k_cool_sand,parameter,T_slurry_sand,tower_mill,1353,"Calibration, geometry, or tuning parameter; not generated by process equations."
k_cool_to_NT,parameter,T_NT_in_s,flotation,1449,"Calibration, geometry, or tuning parameter; not generated by process equations."
k_drop_ring,parameter,V_ring_motor_phys,magnetic,1265,"Calibration, geometry, or tuning parameter; not generated by process equations."
k_dust,parameter,d(air_filter_fouling)/dt,flotation,1539,"Calibration, geometry, or tuning parameter; not generated by process equations."
k_f25_mu,parameter,mu_slurry,global,207,"Calibration, geometry, or tuning parameter; not generated by process equations."
k_fe_froth,parameter,"hydrophobic_load_{s,c}",flotation,1534,"Calibration, geometry, or tuning parameter; not generated by process equations."
k_feo_carb,parameter,FeO_proxy_i,boundary,346,"Calibration, geometry, or tuning parameter; not generated by process equations."
k_feo_hem,parameter,FeO_proxy_i,boundary,346,"Calibration, geometry, or tuning parameter; not generated by process equations."
k_feo_mag,parameter,FeO_proxy_i,boundary,346,"Calibration, geometry, or tuning parameter; not generated by process equations."
k_feo_sil,parameter,FeO_proxy_i,boundary,346,"Calibration, geometry, or tuning parameter; not generated by process equations."
k_fine_enrich,parameter,F325_overflow,tower_mill,1345,"Calibration, geometry, or tuning parameter; not generated by process equations."
"k_float_j_{s,c}",parameter,"R_j_{s,c}",flotation,1611,"Calibration, geometry, or tuning parameter; not generated by process equations."
k_flush_Q,parameter,P_flush_phys,magnetic,1263,"Calibration, geometry, or tuning parameter; not generated by process equations."
k_flush_open,parameter,P_flush_phys,magnetic,1263,"Calibration, geometry, or tuning parameter; not generated by process equations."
k_froth_pressure,parameter,"P_cell_{s,c}",flotation,1554,"Calibration, geometry, or tuning parameter; not generated by process equations."
k_gas_c,parameter,"gas_holdup_{s,c}",flotation,1558,"Calibration, geometry, or tuning parameter; not generated by process equations."
k_h_c,parameter,"h_ss_{s,c}",flotation,1567,"Calibration, geometry, or tuning parameter; not generated by process equations."
k_header_dust,parameter,header_resistance,flotation,1541,"Calibration, geometry, or tuning parameter; not generated by process equations."
k_header_valve,parameter,header_resistance,flotation,1541,"Calibration, geometry, or tuning parameter; not generated by process equations."
k_heat_A,parameter,T_stator_A_ss,tower_mill,1396,"Calibration, geometry, or tuning parameter; not generated by process equations."
k_heat_B,parameter,T_stator_B_ss,tower_mill,1397,"Calibration, geometry, or tuning parameter; not generated by process equations."
k_heat_conv,parameter,delta_T_mill,tower_mill,1377,"Calibration, geometry, or tuning parameter; not generated by process equations."
k_k6_pump,parameter,Q_k6_consumption_s,flotation,1511,"Calibration, geometry, or tuning parameter; not generated by process equations."
k_lib_fe,parameter,Liberation_fe_discharge_inst,tower_mill,1375,"Calibration, geometry, or tuning parameter; not generated by process equations."
k_lib_fe_enrich,parameter,Liberation_fe_overflow,tower_mill,1346,"Calibration, geometry, or tuning parameter; not generated by process equations."
k_lib_g,parameter,Liberation_gangue_discharge_inst,tower_mill,1376,"Calibration, geometry, or tuning parameter; not generated by process equations."
k_lib_g_enrich,parameter,Liberation_gangue_overflow,tower_mill,1347,"Calibration, geometry, or tuning parameter; not generated by process equations."
k_lip_c,parameter,"R_froth_zone_{s,c}",flotation,1588,"Calibration, geometry, or tuning parameter; not generated by process equations."
k_load_C,parameter,C_i,boundary,317,"Calibration, geometry, or tuning parameter; not generated by process equations."
k_loss_coil,parameter,T_coil_ss,magnetic,1221,"Calibration, geometry, or tuning parameter; not generated by process equations."
k_mag_G,parameter,TFe_i,boundary,320,"Calibration, geometry, or tuning parameter; not generated by process equations."
k_mu_float_c,parameter,"E_mu_{s,c}",flotation,1599,"Calibration, geometry, or tuning parameter; not generated by process equations."
k_mu_gas_c,parameter,"gas_holdup_{s,c}",flotation,1558,"Calibration, geometry, or tuning parameter; not generated by process equations."
k_mu_mixer_k,parameter,"I_mixer_phys_{s,k}",flotation,1651,"Calibration, geometry, or tuning parameter; not generated by process equations."
k_naoh_oh,parameter,OH_effect_s,flotation,1525,"Calibration, geometry, or tuning parameter; not generated by process equations."
k_oil_cooler,parameter,oil_cooling_flow,tower_mill,1390,"Calibration, geometry, or tuning parameter; not generated by process equations."
k_oil_delta,parameter,T_oil_out,tower_mill,1393,"Calibration, geometry, or tuning parameter; not generated by process equations."
k_oil_heat,parameter,T_oil_out,tower_mill,1393,"Calibration, geometry, or tuning parameter; not generated by process equations."
k_oil_pump,parameter,oil_flow,tower_mill,1387,"Calibration, geometry, or tuning parameter; not generated by process equations."
k_ore_temp,parameter,T_slurry_i,boundary,374,"Calibration, geometry, or tuning parameter; not generated by process equations."
k_ov,parameter,Q_ov_pump,tower_mill,1403,"Calibration, geometry, or tuning parameter; not generated by process equations."
k_over,parameter,F325_discharge_inst,tower_mill,1374,"Calibration, geometry, or tuning parameter; not generated by process equations."
k_pH,parameter,pH_ss_s,flotation,1527,"Calibration, geometry, or tuning parameter; not generated by process equations."
k_pipe_cooling,parameter,Q_cooling_water,magnetic,1220,"Calibration, geometry, or tuning parameter; not generated by process equations."
k_pool_pump_k,parameter,"Q_pump_pool_{s,k}",flotation,1640,"Calibration, geometry, or tuning parameter; not generated by process equations."
k_pump,parameter,Q_pump,tower_mill,1315,"Calibration, geometry, or tuning parameter; not generated by process equations."
k_pump_j,parameter,"Q_{s,j}_ml_s",flotation,1500,"Calibration, geometry, or tuning parameter; not generated by process equations."
k_scrape_c,parameter,"h_ss_{s,c}",flotation,1567,"Calibration, geometry, or tuning parameter; not generated by process equations."
k_sil_mu,parameter,mu_slurry,global,207,"Calibration, geometry, or tuning parameter; not generated by process equations."
k_size_c,parameter,"E_size_{s,c}",flotation,1597,"Calibration, geometry, or tuning parameter; not generated by process equations."
k_temp_mu,parameter,mu_slurry,global,207,"Calibration, geometry, or tuning parameter; not generated by process equations."
k_w0,parameter,Q_conc_water,magnetic,1240,"Calibration, geometry, or tuning parameter; not generated by process equations."
k_w_clog,parameter,Q_conc_water,magnetic,1240,"Calibration, geometry, or tuning parameter; not generated by process equations."
k_water_split,parameter,alpha_ov_water,tower_mill,1336,"Calibration, geometry, or tuning parameter; not generated by process equations."
k_water_temp,parameter,T_slurry_i,boundary,374,"Calibration, geometry, or tuning parameter; not generated by process equations."
kair_cell_c,parameter,"I_cell_motor_phys_{s,c}",flotation,1656,"Calibration, geometry, or tuning parameter; not generated by process equations."
kb_mu1,parameter,T_bearing1,tower_mill,1394,"Calibration, geometry, or tuning parameter; not generated by process equations."
kb_mu2,parameter,T_bearing2,tower_mill,1395,"Calibration, geometry, or tuning parameter; not generated by process equations."
kbed_NT,parameter,I_NT_s,flotation,1465,"Calibration, geometry, or tuning parameter; not generated by process equations."
kbrg1,parameter,T_bearing1,tower_mill,1394,"Calibration, geometry, or tuning parameter; not generated by process equations."
kbrg2,parameter,T_bearing2,tower_mill,1395,"Calibration, geometry, or tuning parameter; not generated by process equations."
kclog_ring_I,parameter,I_ring_motor_phys,magnetic,1264,"Calibration, geometry, or tuning parameter; not generated by process equations."
kcoarse,parameter,grind_difficulty,tower_mill,1363,"Calibration, geometry, or tuning parameter; not generated by process equations."
kcool_oil,parameter,T_oil_ss,tower_mill,1391,"Calibration, geometry, or tuning parameter; not generated by process equations."
kf_j,parameter,"I_drug_j_phys_{s,j}",flotation,1501,"Calibration, geometry, or tuning parameter; not generated by process equations."
kf_ov,parameter,I_ov_pump_phys,tower_mill,1404,"Calibration, geometry, or tuning parameter; not generated by process equations."
kf_pool_k,parameter,"I_pool_phys_{s,k}",flotation,1641,"Calibration, geometry, or tuning parameter; not generated by process equations."
kf_pump,parameter,I_pump_phys,tower_mill,1317,"Calibration, geometry, or tuning parameter; not generated by process equations."
kf_ring,parameter,I_ring_motor_phys,magnetic,1264,"Calibration, geometry, or tuning parameter; not generated by process equations."
kload_cell_c,parameter,"I_cell_motor_phys_{s,c}",flotation,1656,"Calibration, geometry, or tuning parameter; not generated by process equations."
kloss_tank_k,parameter,"T_tank_ss_{s,k}",flotation,1653,"Calibration, geometry, or tuning parameter; not generated by process equations."
kmix_tank_k,parameter,"T_tank_ss_{s,k}",flotation,1653,"Calibration, geometry, or tuning parameter; not generated by process equations."
kmu,parameter,alpha_ov;grind_difficulty,tower_mill,1329;1363,"Calibration, geometry, or tuning parameter; not generated by process equations."
kmu_NT,parameter,I_NT_s,flotation,1465,"Calibration, geometry, or tuning parameter; not generated by process equations."
kmu_cell_c,parameter,"I_cell_motor_phys_{s,c}",flotation,1656,"Calibration, geometry, or tuning parameter; not generated by process equations."
kmu_pool_k,parameter,"I_pool_phys_{s,k}",flotation,1641,"Calibration, geometry, or tuning parameter; not generated by process equations."
kmu_pump,parameter,I_pump_phys,tower_mill,1317,"Calibration, geometry, or tuning parameter; not generated by process equations."
kpress_j,parameter,"I_drug_j_phys_{s,j}",flotation,1501,"Calibration, geometry, or tuning parameter; not generated by process equations."
kreagent_k,parameter,"T_tank_ss_{s,k}",flotation,1653,"Calibration, geometry, or tuning parameter; not generated by process equations."
krho_cell_c,parameter,"I_cell_motor_phys_{s,c}",flotation,1656,"Calibration, geometry, or tuning parameter; not generated by process equations."
krho_ov,parameter,I_ov_pump_phys,tower_mill,1404,"Calibration, geometry, or tuning parameter; not generated by process equations."
krho_pool_k,parameter,"I_pool_phys_{s,k}",flotation,1641,"Calibration, geometry, or tuning parameter; not generated by process equations."
krho_pump,parameter,I_pump_phys,tower_mill,1317,"Calibration, geometry, or tuning parameter; not generated by process equations."
krho_ring,parameter,I_ring_motor_phys,magnetic,1264,"Calibration, geometry, or tuning parameter; not generated by process equations."
ksteam_k,parameter,"T_tank_ss_{s,k}",flotation,1653,"Calibration, geometry, or tuning parameter; not generated by process equations."
kvis_j,parameter,"I_drug_j_phys_{s,j}",flotation,1501,"Calibration, geometry, or tuning parameter; not generated by process equations."
lab_sample_template,known_global,lab_mag_mixed_conc_tfe;lab_tm_overflow_tfe,lab,manual,Shared simulation constant or helper function.
liberation_potential,known_global,Liberation_fe_discharge_inst;Liberation_gangue_discharge_inst,tower_mill,1375;1376,Shared simulation constant or helper function.
logit,known_global,F200_i,boundary,332,Shared simulation constant or helper function.
matrix_clog_prev,previous_state_reference,matrix_clog,magnetic,1233,Lagged state supplied by the simulator state store.
matrix_clog_ref,parameter,split_tail_1,magnetic,1244,"Calibration, geometry, or tuning parameter; not generated by process equations."
mean_c,known_global,dose_need_TD_rough_s,flotation,1491,Shared simulation constant or helper function.
mean_froth_h_lag,previous_state_reference,quality_proxy_s,flotation,1471,Lagged state supplied by the simulator state store.
"mean_{s,c}",template_variable,P_header_sp,flotation,1537,Template index or symbolic family member resolved during code generation.
meas,known_global,MC1_FET503_AI;MC1_TM204_HDZC_1_WD_AI;MC1_TM204_ZDJ_DZ_A_WD_AI;MC1_TM206_HDZC_2_WD_AI;MC1_TM206_ZDJ_DZ_B_WD_AI;agg_mag_blowdown_valve;agg_mag_coil_temp;agg_mag_excit_current;agg_mag_excit_voltage;agg_mag_flush_water_pressure;agg_mag_level;agg_mag_motor_current_rc;agg_mag_motor_voltage_rc;agg_mag_pulsation_freq;agg_mag_ring_freq;agg_mag_tailings_valve1;agg_mag_tailings_valve2;agg_tm_cyclone_feed_flow;agg_tm_cyclone_feed_pressure;agg_tm_cyclone_overflow_pool_level;agg_tm_cyclone_pool_level;agg_tm_cyclone_pool_valve_setpoint;agg_tm_cyclone_pump_current;agg_tm_cyclone_pump_freq;agg_tm_cyclone_sand_valve_feedback;agg_tm_cyclone_sand_valve_setpoint;agg_tm_cyclone_sand_water_flow;agg_tm_motor_current;agg_tm_overflow_pump_current;agg_tm_reducer_oil_temp;agg_tm_reducer_outlet_temp;fx_ah5_power;fx_ah6_power;fx_blower{b}_pressure;fx_nt{s}_motor_current;fx_nt{s}_underflow_density;fx_s1_ft1701;fx_s1_ft1702;fx_s2_ft2701;fx_s2_ft2702;fx_s{s}_k6_level;fx_s{s}_ph;fx_s{s}_pool{k}_level;fx_s{s}_pool{k}_pump_curr;fx_s{s}_pool{k}_pump_freq;fx_s{s}_tk{k}_mixer_curr;fx_s{s}_tk{k}_steam_fb;fx_s{s}_tk{k}_steam_sp;fx_s{s}_tk{k}_temp;fx_s{s}_{c}_air_flow;fx_s{s}_{c}_air_sp;fx_s{s}_{c}_bv_pos;fx_s{s}_{c}_froth_h;fx_s{s}_{c}_level;fx_s{s}_{c}_level_valve_fb;fx_s{s}_{c}_level_valve_sp;fx_s{s}_{c}_motor_curr;fx_s{s}_{drug}_curr;fx_s{s}_{drug}_freq,dcs;flotation;magnetic;tower_mill,1271;1272;1273;1274;1275;1276;1277;1278;1279;1280;1281;1282;1410;1411;1412;1413;1414;1415;1416;1417;1418;1419;1420;1421;1422;1423;1424;1425;1426;1427;1428;1680;1681;1682;1683;1684;1685;1686;1687;1688;1689;1690;1691;1692;1693;1694;1695;1696;1697;1698;1699;1700;1701;1702;1703;1704;1705;1706;manual,Shared simulation constant or helper function.
min_tau_cyc_pool,parameter,tau_cyc_pool,tower_mill,1290,"Calibration, geometry, or tuning parameter; not generated by process equations."
mu_reagent0_j,stream_or_state_input,"reagent_viscosity_{s,j}",flotation,1647,Upstream stream or dynamic state entering this formula from process topology.
mu_ref,known_global,"E_mu_{s,c};alpha_ov;d50;entrainment_factor_{s,c};gas_holdup_{s,c};grind_difficulty",flotation;tower_mill,1328;1329;1363;1558;1599;1600,Shared simulation constant or helper function.
mu_slurry_s,stream_or_state_input,"E_mu_{s,c};I_cell_motor_phys_{s,c};I_mixer_phys_{s,k};I_pool_phys_{s,k};entrainment_factor_{s,c};gas_holdup_{s,c}",flotation,1558;1599;1600;1641;1651;1656,Upstream stream or dynamic state entering this formula from process topology.
mu_water,stream_or_state_input,mu_slurry,global,207,Upstream stream or dynamic state entering this formula from process topology.
n_rr,known_global,F325_i;f25_i,boundary,333;334,Shared simulation constant or helper function.
operator_trim,parameter,u_sp,global,282,"Calibration, geometry, or tuning parameter; not generated by process equations."
operator_trim_I,parameter,I_exc_sp,magnetic,1214,"Calibration, geometry, or tuning parameter; not generated by process equations."
"operator_trim_air_{s,c}",parameter,"Q_air_sp_{s,c}",flotation,1535,"Calibration, geometry, or tuning parameter; not generated by process equations."
operator_trim_feed,parameter,M_feed_sp,flotation,1622,"Calibration, geometry, or tuning parameter; not generated by process equations."
operator_trim_pH_s,parameter,pH_sp_s,flotation,1520,"Calibration, geometry, or tuning parameter; not generated by process equations."
operator_trim_split_s1,parameter,split_s1_total,flotation,1624,"Calibration, geometry, or tuning parameter; not generated by process equations."
operator_trim_tail_split,parameter,split_tail_1,magnetic,1244,"Calibration, geometry, or tuning parameter; not generated by process equations."
operator_trim_td_clean_s,parameter,dose_need_TD_clean_s,flotation,1492,"Calibration, geometry, or tuning parameter; not generated by process equations."
operator_trim_td_s,parameter,dose_need_TD_rough_s,flotation,1491,"Calibration, geometry, or tuning parameter; not generated by process equations."
pH_base,ore_or_process_state,pH_ss_s,flotation,1527,Ore property or process state carried by streams or generated at boundary.
pH_lag_s,ore_or_process_state,dose_need_naoh_s,flotation,1521,Ore property or process state carried by streams or generated at boundary.
pH_max,parameter,pH_sp_s,flotation,1520,"Calibration, geometry, or tuning parameter; not generated by process equations."
pH_min,parameter,pH_sp_s,flotation,1520,"Calibration, geometry, or tuning parameter; not generated by process equations."
pH_nom,parameter,pH_sp_s,flotation,1520,"Calibration, geometry, or tuning parameter; not generated by process equations."
pH_opt_c,ore_or_process_state,"E_pH_{s,c}",flotation,1594,Ore property or process state carried by streams or generated at boundary.
pH_prev_s,ore_or_process_state,pH_s,flotation,1528,Ore property or process state carried by streams or generated at boundary.
partition_fine_j,known_global,overflow_j,tower_mill,600,Shared simulation constant or helper function.
pf,template_index,I_tm_phys,tower_mill,1371,Short template index resolved during code generation.
pf_blower_b,parameter,I_blower_phys_b;P_blower_power_b,flotation,1552;1660,"Calibration, geometry, or tuning parameter; not generated by process equations."
pf_cell,parameter,"P_cell_motor_{s,c}",flotation,1657,"Calibration, geometry, or tuning parameter; not generated by process equations."
pf_drug,parameter,"P_drug_pump_{s,j}",flotation,1659,"Calibration, geometry, or tuning parameter; not generated by process equations."
pf_mixer_k,parameter,"mixer_power_{s,k}",flotation,1652,"Calibration, geometry, or tuning parameter; not generated by process equations."
pf_pool,parameter,"P_pool_pump_{s,k}",flotation,1658,"Calibration, geometry, or tuning parameter; not generated by process equations."
pipe_resistance_s1_1,equipment_parameter,split_s1_meter1,flotation,1627,Fixed equipment geometry or resistance parameter.
pipe_resistance_s1_2,equipment_parameter,split_s1_meter1,flotation,1627,Fixed equipment geometry or resistance parameter.
pipe_resistance_s2_1,equipment_parameter,split_s2_meter1,flotation,1628,Fixed equipment geometry or resistance parameter.
pipe_resistance_s2_2,equipment_parameter,split_s2_meter1,flotation,1628,Fixed equipment geometry or resistance parameter.
quality_proxy_ref,parameter,dose_need_TD_clean_s,flotation,1492,"Calibration, geometry, or tuning parameter; not generated by process equations."
r_carb,ore_or_process_state,buffer_capacity;floatability_difficulty;hydrophobic_potential;magnetic_difficulty,flotation;global;magnetic,1207;1478;238;250,Ore property or process state carried by streams or generated at boundary.
r_carb_1,ore_or_process_state,_x_r_carb_mixed,boundary,391,Ore property or process state carried by streams or generated at boundary.
r_carb_2,ore_or_process_state,_x_r_carb_mixed,boundary,391,Ore property or process state carried by streams or generated at boundary.
r_carb_3,ore_or_process_state,_x_r_carb_mixed,boundary,391,Ore property or process state carried by streams or generated at boundary.
r_carb_i,ore_or_process_state,Fe_carb_i;dr_carb_i,boundary;global,146;343,Ore property or process state carried by streams or generated at boundary.
r_carb_ref,parameter,pH_sp_s,flotation,1520,"Calibration, geometry, or tuning parameter; not generated by process equations."
r_carb_s,ore_or_process_state,"buffer_capacity_s;dose_need_DF_K6_s;dose_need_cao_s;floatability_difficulty_s;k_float_carb_{s,c};pH_sp_s",flotation,1493;1519;1520;1522;1604;manual,Ore property or process state carried by streams or generated at boundary.
r_carb_target_i,ore_or_process_state,dr_carb_i,global,146,Ore property or process state carried by streams or generated at boundary.
r_hem_i,ore_or_process_state,Fe_hem_i,boundary,342,Ore property or process state carried by streams or generated at boundary.
r_mag,ore_or_process_state,I_exc_sp;magnetic_difficulty,magnetic,1207;1214,Ore property or process state carried by streams or generated at boundary.
r_mag_i,ore_or_process_state,Fe_mag_i;TFe_i,boundary,320;341,Ore property or process state carried by streams or generated at boundary.
r_mag_ref,parameter,I_exc_sp;TFe_i;magnetic_difficulty,boundary;magnetic,1207;1214;320,"Calibration, geometry, or tuning parameter; not generated by process equations."
r_sil,ore_or_process_state,buffer_capacity;floatability_difficulty;hydrophobic_potential;magnetic_difficulty;mu_feed;mu_slurry,flotation;global;magnetic;tower_mill,1207;1309;1478;207;238;250,Ore property or process state carried by streams or generated at boundary.
r_sil_i,ore_or_process_state,Fe_sil_i,boundary,344,Ore property or process state carried by streams or generated at boundary.
r_sil_ref,parameter,pH_sp_s,flotation,1520,"Calibration, geometry, or tuning parameter; not generated by process equations."
r_sil_s,ore_or_process_state,"buffer_capacity_s;dose_need_DF_K6_s;dose_need_cao_s;floatability_difficulty_s;k_float_sil_{s,c};mu_under_s;pH_sp_s",flotation,1459;1493;1519;1520;1522;1603;manual,Ore property or process state carried by streams or generated at boundary.
reagent_freq_lag,previous_state_reference,online_froth_proxy,dcs,1186,Lagged state supplied by the simulator state store.
reagent_supply_pressure_j,utility_state_input,"I_drug_j_phys_{s,j}",flotation,1501,Plant utility condition supplied by the environment model.
"recycle_grade_j_{s,1}",template_variable,"feed_j_rate_{s,c}",flotation,manual,Template index or symbolic family member resolved during code generation.
"recycle_grade_j_{s,2}",template_variable,"feed_j_rate_{s,c}",flotation,manual,Template index or symbolic family member resolved during code generation.
"recycle_grade_j_{s,3}",template_variable,"feed_j_rate_{s,c}",flotation,manual,Template index or symbolic family member resolved during code generation.
report_delay,known_global,report_time,lab,1039,Shared simulation constant or helper function.
report_time_mag_mixed_conc_tfe,lab_schedule,lab_mag_mixed_conc_tfe,lab,manual,Laboratory sample/report timing supplied by the lab scheduler.
report_time_tm_overflow_tfe,lab_schedule,lab_tm_overflow_tfe,lab,manual,Laboratory sample/report timing supplied by the lab scheduler.
rho_cao_kg_L,parameter,dose_cao_kg_t_s,flotation,manual,"Calibration, geometry, or tuning parameter; not generated by process equations."
rho_fe_carb,parameter,rho_solid_mix;rho_solid_mix_i;rho_solid_mix_mixed,boundary;global,185;348;398,"Calibration, geometry, or tuning parameter; not generated by process equations."
rho_fe_hem,parameter,rho_solid_mix;rho_solid_mix_i;rho_solid_mix_mixed,boundary;global,185;348;398,"Calibration, geometry, or tuning parameter; not generated by process equations."
rho_fe_mag,parameter,rho_solid_mix;rho_solid_mix_i;rho_solid_mix_mixed,boundary;global,185;348;398,"Calibration, geometry, or tuning parameter; not generated by process equations."
rho_fe_sil,parameter,rho_solid_mix;rho_solid_mix_i;rho_solid_mix_mixed,boundary;global,185;348;398,"Calibration, geometry, or tuning parameter; not generated by process equations."
rho_gangue,parameter,rho_solid_mix;rho_solid_mix_i;rho_solid_mix_mixed,boundary;global,185;348;398,"Calibration, geometry, or tuning parameter; not generated by process equations."
rho_j,parameter,"rho_froth_mix_{s,c}",flotation,manual,"Calibration, geometry, or tuning parameter; not generated by process equations."
rho_k6_kg_L,parameter,dose_DF_K6_s,flotation,manual,"Calibration, geometry, or tuning parameter; not generated by process equations."
rho_naoh_kg_L,parameter,dose_naoh_kg_t_s,flotation,manual,"Calibration, geometry, or tuning parameter; not generated by process equations."
rho_slurry_s,parameter,"I_cell_motor_phys_{s,c};I_pool_phys_{s,k};P_cell_{s,c};Q_out_solid_{s,c}",flotation,1554;1610;1641;1656,"Calibration, geometry, or tuning parameter; not generated by process equations."
rho_solid_mix_s,parameter,L_NT_s;rho_under_s,flotation,1453;1457,"Calibration, geometry, or tuning parameter; not generated by process equations."
rho_td_kg_L,parameter,dose_TD_s,flotation,manual,"Calibration, geometry, or tuning parameter; not generated by process equations."
rho_water,known_global,M_mill_water_in;Q_overflow;V_slurry;specific_gravity,global;magnetic;tower_mill,1249;1339;1358;200,Shared simulation constant or helper function.
s0_c,parameter,"froth_stability_{s,c}",flotation,1566,"Calibration, geometry, or tuning parameter; not generated by process equations."
s_C_c,parameter,"froth_stability_{s,c}",flotation,1566,"Calibration, geometry, or tuning parameter; not generated by process equations."
s_Ca_c,parameter,"froth_stability_{s,c}",flotation,1566,"Calibration, geometry, or tuning parameter; not generated by process equations."
s_Ca_carb,parameter,E_Ca2_carb_s,flotation,manual,"Calibration, geometry, or tuning parameter; not generated by process equations."
s_Ca_sil,parameter,E_Ca2_sil_s,flotation,manual,"Calibration, geometry, or tuning parameter; not generated by process equations."
s_K6_c,parameter,"froth_stability_{s,c}",flotation,1566,"Calibration, geometry, or tuning parameter; not generated by process equations."
s_TD_c,parameter,"froth_stability_{s,c}",flotation,1566,"Calibration, geometry, or tuning parameter; not generated by process equations."
s_clay_c,parameter,"froth_stability_{s,c}",flotation,1566,"Calibration, geometry, or tuning parameter; not generated by process equations."
s_f25_c,parameter,"froth_stability_{s,c}",flotation,1566,"Calibration, geometry, or tuning parameter; not generated by process equations."
s_lib_c,parameter,"froth_stability_{s,c}",flotation,1566,"Calibration, geometry, or tuning parameter; not generated by process equations."
sample_time,parameter,report_time,lab,1039,"Calibration, geometry, or tuning parameter; not generated by process equations."
sample_time_mag_mixed_conc_tfe,parameter,lab_mag_mixed_conc_tfe,lab,manual,"Calibration, geometry, or tuning parameter; not generated by process equations."
sample_time_tm_overflow_tfe,parameter,lab_tm_overflow_tfe,lab,manual,"Calibration, geometry, or tuning parameter; not generated by process equations."
scraper_nom_c,parameter,"scraper_speed_{s,c}",flotation,1563,"Calibration, geometry, or tuning parameter; not generated by process equations."
selectivity_ref,parameter,dose_need_DF_K6_s,flotation,1493,"Calibration, geometry, or tuning parameter; not generated by process equations."
sigma_C_c,parameter,"E_density_{s,c}",flotation,1596,"Calibration, geometry, or tuning parameter; not generated by process equations."
sigma_L,parameter,E_level,magnetic,523,"Calibration, geometry, or tuning parameter; not generated by process equations."
sigma_WI,parameter,dWI_i,global,144,"Calibration, geometry, or tuning parameter; not generated by process equations."
sigma_assay,parameter,lab_sample,lab,1038,"Calibration, geometry, or tuning parameter; not generated by process equations."
sigma_assay_tfe,parameter,lab_mag_mixed_conc_tfe;lab_tm_overflow_tfe,lab,manual,"Calibration, geometry, or tuning parameter; not generated by process equations."
sigma_carb,parameter,dr_carb_i,global,146,"Calibration, geometry, or tuning parameter; not generated by process equations."
sigma_clay,parameter,dclay_i,global,145,"Calibration, geometry, or tuning parameter; not generated by process equations."
sigma_f200_pct,parameter,lab_{i}_eryi_f200,boundary,433,"Calibration, geometry, or tuning parameter; not generated by process equations."
sigma_pH_c,parameter,"E_pH_{s,c}",flotation,1594,"Calibration, geometry, or tuning parameter; not generated by process equations."
sigma_pul,parameter,E_pulse,magnetic,521,"Calibration, geometry, or tuning parameter; not generated by process equations."
sigma_ring,parameter,E_ring,magnetic,522,"Calibration, geometry, or tuning parameter; not generated by process equations."
sigma_sampling,parameter,lab_sample,lab,1038,"Calibration, geometry, or tuning parameter; not generated by process equations."
sigma_sampling_mag,parameter,lab_mag_mixed_conc_tfe,lab,manual,"Calibration, geometry, or tuning parameter; not generated by process equations."
sigma_sampling_tm,parameter,lab_tm_overflow_tfe,lab,manual,"Calibration, geometry, or tuning parameter; not generated by process equations."
sigma_split_meter,parameter,split_s1_meter1;split_s2_meter1,flotation,1627;1628,"Calibration, geometry, or tuning parameter; not generated by process equations."
sigma_tfe_pct,parameter,lab_{i}_eryi_tfe,boundary,432,"Calibration, geometry, or tuning parameter; not generated by process equations."
sigma_y,parameter,y_fx_xin_s,flotation,974,"Calibration, geometry, or tuning parameter; not generated by process equations."
speed_max_b,parameter,blower_speed_sp_b,flotation,1544,"Calibration, geometry, or tuning parameter; not generated by process equations."
speed_max_c,parameter,"scraper_speed_{s,c}",flotation,1563,"Calibration, geometry, or tuning parameter; not generated by process equations."
speed_min_b,parameter,blower_speed_sp_b,flotation,1544,"Calibration, geometry, or tuning parameter; not generated by process equations."
speed_min_c,parameter,"scraper_speed_{s,c}",flotation,1563,"Calibration, geometry, or tuning parameter; not generated by process equations."
speed_nom_b,parameter,blower_speed_sp_b,flotation,1544,"Calibration, geometry, or tuning parameter; not generated by process equations."
split_NT_s,parameter,M_NT_in_solid_s;M_NT_in_water_s;Q_NT_in_s,flotation,1446;1447;1448,"Calibration, geometry, or tuning parameter; not generated by process equations."
split_meter_nom,parameter,split_s1_meter1;split_s2_meter1,flotation,1627;1628,"Calibration, geometry, or tuning parameter; not generated by process equations."
split_s1_nom,parameter,split_s1_total,flotation,1624,"Calibration, geometry, or tuning parameter; not generated by process equations."
split_tail_1_nom,parameter,split_tail_1;u_tail_1_sp;u_tail_2_sp,magnetic,1244;1245;1246,"Calibration, geometry, or tuning parameter; not generated by process equations."
standardize,parameter,quality_proxy_s,flotation,1471,"Calibration, geometry, or tuning parameter; not generated by process equations."
standardized,parameter,online_froth_proxy;online_load_proxy,dcs,1185;1186,"Calibration, geometry, or tuning parameter; not generated by process equations."
sum_b,known_global,P_blower_power_total;blower_load_share_b,flotation,1542;1661,Shared simulation constant or helper function.
sum_c,known_global,sum_cell_power_s1;sum_cell_power_s2,flotation,1664;1665,Shared simulation constant or helper function.
sum_k,known_global,sum_pool_power_s1;sum_pool_power_s2,flotation,1666;1667,Shared simulation constant or helper function.
"sum_{s,c}",parameter,P_header_sp;Q_air_total,flotation,1537;1538,"Calibration, geometry, or tuning parameter; not generated by process equations."
"tank_map_{k,j}",template_variable,"reagent_heat_load_{s,k}",flotation,1650,Template index or symbolic family member resolved during code generation.
tau_NT_C,parameter,C_under_s,flotation,1456,"Calibration, geometry, or tuning parameter; not generated by process equations."
tau_P,parameter,P_mech,tower_mill,1370,"Calibration, geometry, or tuning parameter; not generated by process equations."
tau_act,parameter,u_actual,global,290,"Calibration, geometry, or tuning parameter; not generated by process equations."
tau_adsorption_K6_s,parameter,dose_DF_K6_effective_s,flotation,1504,"Calibration, geometry, or tuning parameter; not generated by process equations."
tau_adsorption_TD_s,parameter,dose_TD_effective_s,flotation,1503,"Calibration, geometry, or tuning parameter; not generated by process equations."
tau_blower_speed_b,parameter,blower_speed_b,flotation,1545,"Calibration, geometry, or tuning parameter; not generated by process equations."
tau_bv_c,parameter,"u_bv_{s,c}",flotation,1556,"Calibration, geometry, or tuning parameter; not generated by process equations."
tau_coil,parameter,T_coil,magnetic,1222,"Calibration, geometry, or tuning parameter; not generated by process equations."
tau_exc_act,parameter,I_exc,magnetic,1215,"Calibration, geometry, or tuning parameter; not generated by process equations."
tau_flush_valve,parameter,u_flush,magnetic,1261,"Calibration, geometry, or tuning parameter; not generated by process equations."
tau_froth_c,parameter,"h_froth_{s,c}",flotation,1568,"Calibration, geometry, or tuning parameter; not generated by process equations."
tau_header_pressure,parameter,P_header,flotation,1548,"Calibration, geometry, or tuning parameter; not generated by process equations."
tau_j_act,parameter,"f_{s,j}",flotation,1499,"Calibration, geometry, or tuning parameter; not generated by process equations."
tau_lv_c,parameter,"u_lv_fb_{s,c}",flotation,1583,"Calibration, geometry, or tuning parameter; not generated by process equations."
tau_mill_residence,parameter,F325_discharge;Liberation_fe_discharge;Liberation_gangue_discharge;T_slurry_discharge,tower_mill,1379;1380;1381;1382,"Calibration, geometry, or tuning parameter; not generated by process equations."
tau_oil,parameter,T_oil,tower_mill,1392,"Calibration, geometry, or tuning parameter; not generated by process equations."
tau_oil_cooler,parameter,u_oil_cooler,tower_mill,1389,"Calibration, geometry, or tuning parameter; not generated by process equations."
tau_oil_pump,parameter,f_oil_pump,tower_mill,1386,"Calibration, geometry, or tuning parameter; not generated by process equations."
tau_pH,parameter,pH_s,flotation,1528,"Calibration, geometry, or tuning parameter; not generated by process equations."
tau_pool_pump_k,parameter,"f_pool_{s,k}",flotation,1639,"Calibration, geometry, or tuning parameter; not generated by process equations."
tau_pul_act,parameter,f_pul,magnetic,1236,"Calibration, geometry, or tuning parameter; not generated by process equations."
tau_pump_act,parameter,f_pump,tower_mill,1314,"Calibration, geometry, or tuning parameter; not generated by process equations."
tau_ring_act,parameter,f_ring,magnetic,1237,"Calibration, geometry, or tuning parameter; not generated by process equations."
tau_sand_valve,parameter,u_sand,tower_mill,1325,"Calibration, geometry, or tuning parameter; not generated by process equations."
tau_steam_k,parameter,"u_steam_fb_{s,k}",flotation,1649,"Calibration, geometry, or tuning parameter; not generated by process equations."
tau_tail_valve,parameter,u_tail;u_tail_2,magnetic,1247;1248,"Calibration, geometry, or tuning parameter; not generated by process equations."
tau_tank_k,parameter,"T_tank_{s,k}",flotation,1654,"Calibration, geometry, or tuning parameter; not generated by process equations."
tau_thermal_A,parameter,T_stator_A,tower_mill,1398,"Calibration, geometry, or tuning parameter; not generated by process equations."
tau_thermal_B,parameter,T_stator_B,tower_mill,1399,"Calibration, geometry, or tuning parameter; not generated by process equations."
tau_water_valve,parameter,u_water,tower_mill,1320,"Calibration, geometry, or tuning parameter; not generated by process equations."
thermal_derate,known_global,B_eff,magnetic,477,Shared simulation constant or helper function.
theta_WI,parameter,dWI_i,global,144,"Calibration, geometry, or tuning parameter; not generated by process equations."
theta_carb,parameter,dr_carb_i,global,146,"Calibration, geometry, or tuning parameter; not generated by process equations."
theta_clay,parameter,dclay_i,global,145,"Calibration, geometry, or tuning parameter; not generated by process equations."
tm_motor_current_lag,previous_state_reference,online_load_proxy,dcs,1185,Lagged state supplied by the simulator state store.
topology_feed_j_rate,known_global,"feed_j_rate_{s,c}",flotation,manual,Shared simulation constant or helper function.
true_value_at_sample_point,known_global,lab_sample,lab,1038,Shared simulation constant or helper function.
u0_c,parameter,"u_lv_sp_{s,c}",flotation,1582,"Calibration, geometry, or tuning parameter; not generated by process equations."
u_NT_under_s,equipment_or_control_state,Q_NT_under_s,flotation,1461,Equipment state or actuator signal generated by another execution block.
u_bd_nom,parameter,u_blowdown_phys,magnetic,1254,"Calibration, geometry, or tuning parameter; not generated by process equations."
u_bv,equipment_or_control_state,header_resistance,flotation,1541,Equipment state or actuator signal generated by another execution block.
"u_bv_prev_{s,c}",equipment_or_control_state,"u_bv_{s,c}",flotation,1556,Equipment state or actuator signal generated by another execution block.
u_bv_ref,parameter,P_header_sp,flotation,1537,"Calibration, geometry, or tuning parameter; not generated by process equations."
u_flush_nom,parameter,u_flush_sp,magnetic,1256,"Calibration, geometry, or tuning parameter; not generated by process equations."
u_flush_prev,previous_state_reference,u_flush,magnetic,1261,Lagged state supplied by the simulator state store.
"u_lv_fb_prev_{s,c}",equipment_or_control_state,"u_lv_fb_{s,c}",flotation,1583,Equipment state or actuator signal generated by another execution block.
u_max,parameter,u_actual;u_sp,global,282;290,"Calibration, geometry, or tuning parameter; not generated by process equations."
u_min,parameter,u_actual;u_sp,global,282;290,"Calibration, geometry, or tuning parameter; not generated by process equations."
u_nom,parameter,u_sp,global,282,"Calibration, geometry, or tuning parameter; not generated by process equations."
u_oil_cooler_nom,parameter,u_oil_cooler_sp,tower_mill,1388,"Calibration, geometry, or tuning parameter; not generated by process equations."
u_oil_cooler_prev,previous_state_reference,u_oil_cooler,tower_mill,1389,Lagged state supplied by the simulator state store.
u_sand_nom,parameter,u_sand_sp,tower_mill,1324,"Calibration, geometry, or tuning parameter; not generated by process equations."
u_sand_prev,previous_state_reference,u_sand,tower_mill,1325,Lagged state supplied by the simulator state store.
"u_steam_fb_prev_{s,k}",equipment_or_control_state,"u_steam_fb_{s,k}",flotation,1649,Equipment state or actuator signal generated by another execution block.
u_steam_nom_k,equipment_or_control_state,"u_steam_sp_{s,k}",flotation,1648,Equipment state or actuator signal generated by another execution block.
u_tail_2_prev,previous_state_reference,u_tail_2,magnetic,1248,Lagged state supplied by the simulator state store.
u_tail_nom,parameter,u_tail_total_sp,magnetic,1243,"Calibration, geometry, or tuning parameter; not generated by process equations."
u_tail_prev,previous_state_reference,u_tail,magnetic,1247,Lagged state supplied by the simulator state store.
u_water_nom,parameter,u_water_sp,tower_mill,1319,"Calibration, geometry, or tuning parameter; not generated by process equations."
u_water_prev,previous_state_reference,u_water,tower_mill,1320,Lagged state supplied by the simulator state store.
w_carb,parameter,floatability_difficulty,flotation,1478,"Calibration, geometry, or tuning parameter; not generated by process equations."
w_clay,parameter,floatability_difficulty,flotation,1478,"Calibration, geometry, or tuning parameter; not generated by process equations."
w_coarse,parameter,floatability_difficulty;magnetic_difficulty,flotation;magnetic,1207;1478,"Calibration, geometry, or tuning parameter; not generated by process equations."
w_density,parameter,floatability_difficulty,flotation,1478,"Calibration, geometry, or tuning parameter; not generated by process equations."
w_fine,parameter,floatability_difficulty,flotation,1478,"Calibration, geometry, or tuning parameter; not generated by process equations."
w_froth,parameter,quality_proxy_s,flotation,1471,"Calibration, geometry, or tuning parameter; not generated by process equations."
w_harmful,parameter,magnetic_difficulty,magnetic,1207,"Calibration, geometry, or tuning parameter; not generated by process equations."
w_load,parameter,magnetic_difficulty;quality_proxy_s,flotation;magnetic,1207;1471,"Calibration, geometry, or tuning parameter; not generated by process equations."
w_low_lib,parameter,floatability_difficulty;magnetic_difficulty,flotation;magnetic,1207;1478,"Calibration, geometry, or tuning parameter; not generated by process equations."
w_low_mag,parameter,magnetic_difficulty,magnetic,1207,"Calibration, geometry, or tuning parameter; not generated by process equations."
w_mag_lab,parameter,quality_proxy_s,flotation,1471,"Calibration, geometry, or tuning parameter; not generated by process equations."
w_pressure,parameter,quality_proxy_s,flotation,1471,"Calibration, geometry, or tuning parameter; not generated by process equations."
w_sil,parameter,floatability_difficulty,flotation,1478,"Calibration, geometry, or tuning parameter; not generated by process equations."
w_tm_lab,parameter,quality_proxy_s,flotation,1471,"Calibration, geometry, or tuning parameter; not generated by process equations."
water_pressure,known_global,P_flush_phys;Q_cooling_water;Q_flush;Q_sand_water_phys;Q_water_phys;_x_d4,boundary;magnetic;tower_mill,1220;1262;1263;1321;1326;420,Shared simulation constant or helper function.
weighted_mean_b,known_global,P_header_ss,flotation,1547,Shared simulation constant or helper function.
xi_C_i,parameter,C_i,boundary,317,"Calibration, geometry, or tuning parameter; not generated by process equations."
xi_G_i,parameter,TFe_i,boundary,320,"Calibration, geometry, or tuning parameter; not generated by process equations."
xi_common,parameter,M_wet_i,boundary,316,"Calibration, geometry, or tuning parameter; not generated by process equations."
xi_i,parameter,M_wet_i,boundary,316,"Calibration, geometry, or tuning parameter; not generated by process equations."
