v4_formula_id,v4_line,v4_section,lhs,v4_formula_line,v5_formula_id,migration_status,decision,conflict_group,canonical_v4_line,notes
F0005_82,82,1. 对旧设计的重新判定 / 1.2 新设计的核心原则,DCS,DCS = a*y + noise,,dropped,non_executable_or_block_header,no,,Dropped from formula CSV; prose/source record remains in V4.
F0005_83,83,1. 对旧设计的重新判定 / 1.2 新设计的核心原则,DCS,DCS = a*final_conc_tfe + noise,,dropped,non_executable_or_block_header,no,,Dropped from formula CSV; prose/source record remains in V4.
F0007_101,101,2. 全局变量分类 / 2.1 外生变量,z_ore,"z_ore = { G_base,                 # 入口 TFe, 0-1 r_mag, r_hem, r_carb, r_sil, WI,                     # 难磨性/可磨性代理 clay,                   # 黏土/泥化代理 carbonate_buffer,       # 碳酸盐缓冲能力 silicate_buffer,        # 硅酸盐缓冲能力 ore_density_index,      # 固体密度变化代理 liberation_potential    # 同等磨矿能量下可解离性",,dropped,non_executable_or_block_header,no,,Dropped from formula CSV; prose/source record remains in V4.
F0007_112,112,2. 全局变量分类 / 2.1 外生变量,z_utility,"z_utility = { water_pressure, grid_voltage, ambient_temp, reagent_supply_pressure, air_supply_health",,dropped,non_executable_or_block_header,no,,Dropped from formula CSV; prose/source record remains in V4.
F0007_120,120,2. 全局变量分类 / 2.1 外生变量,z_equipment,"z_equipment = { mag_unit_health[], tm_unit_health[], cyclone_open_count, flo_cell_health[], pump_health[], sensor_fault_state[]",,dropped,non_executable_or_block_header,no,,Dropped from formula CSV; prose/source record remains in V4.
F0007_129,129,2. 全局变量分类 / 2.1 外生变量,z_intervention,"z_intervention = { PRBS_TD, PRBS_NaOH, PRBS_CaO, PRBS_air, PRBS_water, PRBS_feed_rate",,dropped,non_executable_or_block_header,no,,Dropped from formula CSV; prose/source record remains in V4.
F0009_144,144,2. 全局变量分类 / 2.1 外生变量,dWI_i,dWI_i = theta_WI*(WI_target_i-WI_i)*dt + sigma_WI*dW_WI_i,V5_0309,migrated,canonical_formula,no,144,
F0009_145,145,2. 全局变量分类 / 2.1 外生变量,dclay_i,dclay_i = theta_clay*(clay_target_i-clay_i)*dt + sigma_clay*dW_clay_i,V5_0310,migrated,canonical_formula,no,145,
F0009_146,146,2. 全局变量分类 / 2.1 外生变量,dr_carb_i,dr_carb_i = theta_carb*(r_carb_target_i-r_carb_i)*dt + sigma_carb*dW_carb_i,V5_0332,migrated,canonical_formula,no,146,
F0010_159,159,2. 全局变量分类 / 2.2 隐藏物料状态,Stream,"Stream = { M_solid, M_water, C, Fe_mag, Fe_hem, Fe_carb, Fe_sil, Gangue, FeO_proxy, TFe, F200, F325, f25, d80, Liberation_fe, Liberation_gangue, WI, clay, T_slurry, rho_solid_mix, mu_slurry, buffer_capacity, hydrophobic_potential",V5_0203,migrated,canonical_formula,no,159,
F0011_177,177,2. 全局变量分类 / 2.2 隐藏物料状态,Fe_total,Fe_total = Fe_mag+Fe_hem+Fe_carb+Fe_sil,V5_0052,migrated,canonical_formula,no,177,
F0011_178,178,2. 全局变量分类 / 2.2 隐藏物料状态,M_solid,M_solid = Fe_total+Gangue,V5_0110,migrated,canonical_formula,no,178,
F0011_179,179,2. 全局变量分类 / 2.2 隐藏物料状态,TFe,"TFe = Fe_total/max(M_solid,eps)",V5_0204,migrated,canonical_formula,no,179,
F0012_185,185,2. 全局变量分类 / 2.2 隐藏物料状态,rho_solid_mix,"rho_solid_mix = M_solid / max( Fe_mag/rho_fe_mag + Fe_hem/rho_fe_hem + Fe_carb/rho_fe_carb + Fe_sil/rho_fe_sil + Gangue/rho_gangue, eps)",V5_0443,migrated,canonical_formula,no,185,
F0013_198,198,2. 全局变量分类 / 2.2 隐藏物料状态,M_wet,"M_wet = M_solid/max(C,eps)",V5_0120,migrated,canonical_formula,no,198,
F0013_199,199,2. 全局变量分类 / 2.2 隐藏物料状态,M_water,M_water = M_wet-M_solid,V5_0117,migrated,canonical_formula,no,199,
F0013_200,200,2. 全局变量分类 / 2.2 隐藏物料状态,V_slurry,V_slurry = M_solid/rho_solid_mix + M_water/rho_water,V5_0236,migrated,canonical_formula,no,200,
F0013_201,201,2. 全局变量分类 / 2.2 隐藏物料状态,rho_slurry,"rho_slurry = M_wet/max(V_slurry,eps)",V5_0442,migrated,canonical_formula,no,201,
F0014_207,207,2. 全局变量分类 / 2.2 隐藏物料状态,mu_slurry,mu_slurry = mu_water * exp(k_C_mu*C/(1-C+eps)) * (1+k_clay_mu*clay) * (1+k_f25_mu*f25) * (1+k_sil_mu*r_sil) * exp(k_temp_mu*(T_ref-T_slurry)),V5_0422,migrated,canonical_formula,no,207,
F0015_218,218,2. 全局变量分类 / 2.2 隐藏物料状态,F325_mixed,"F325_mixed = (M_solid_in1*F325_in1+M_solid_in2*F325_in2) / max(M_solid_in1+M_solid_in2,eps)",,superseded,duplicate_conflict_executable_preferred,yes,407,
F0015_222,222,2. 全局变量分类 / 2.2 隐藏物料状态,Liberation_fe_mixed,"Liberation_fe_mixed = (M_solid_in1*Liberation_fe_in1+M_solid_in2*Liberation_fe_in2) / max(M_solid_in1+M_solid_in2,eps)",,superseded,duplicate_conflict_executable_preferred,yes,409,
F0015_226,226,2. 全局变量分类 / 2.2 隐藏物料状态,Liberation_gangue_mixed,"Liberation_gangue_mixed = (M_solid_in1*Liberation_gangue_in1+M_solid_in2*Liberation_gangue_in2) / max(M_solid_in1+M_solid_in2,eps)",,superseded,duplicate_conflict_executable_preferred,yes,410,
F0015_230,230,2. 全局变量分类 / 2.2 隐藏物料状态,T_slurry_mixed,"T_slurry_mixed = (M_wet_in1*Cp_slurry_in1*T_slurry_in1+M_wet_in2*Cp_slurry_in2*T_slurry_in2) / max(M_wet_in1*Cp_slurry_in1+M_wet_in2*Cp_slurry_in2,eps)",,superseded,duplicate_conflict_executable_preferred,yes,411,
F0016_238,238,2. 全局变量分类 / 2.2 隐藏物料状态,buffer_capacity,buffer_capacity = b0 + b_carb*r_carb + b_sil*r_sil + b_clay*clay + b_C*C + b_flow*M_solid,V5_0286,migrated,canonical_formula,no,238,
F0017_250,250,2. 全局变量分类 / 2.2 隐藏物料状态,hydrophobic_potential,hydrophobic_potential = h0 + h_lib*Liberation_gangue + h_sil*r_sil + h_carb*r_carb + h_fine*f25 - h_k6*dose_DF_K6 + h_ca*Ca2_effect,V5_0400,migrated,canonical_formula,no,250,
F0018_263,263,2. 全局变量分类 / 2.3 DCS、lab、标签,DCS,DCS = 在线传感器或控制系统可见值，可作 DCS-only 特征。,,dropped,non_executable_or_block_header,no,,Dropped from formula CSV; prose/source record remains in V4.
F0020_282,282,3. 基础动态函数 / ,u_sp,"u_sp = clip( u_nom + Kp*error + Ki*integral(error) + Kff*feedforward_state + operator_trim + intervention, u_min,u_max)",V5_0488,migrated,canonical_formula,no,282,
F0020_290,290,3. 基础动态函数 / ,u_actual,"u_actual = sat_act(u_sp,u_min,u_max,tau_act)",V5_0473,migrated,canonical_formula,no,290,
F0022_315,315,4. 入口边界因果模型 / ,"availability_iin{0,1},i","availability_i in {0,1}, i=1,2,3",V5_0279,migrated,canonical_formula,no,315,
F0022_316,316,4. 入口边界因果模型 / ,M_wet_i,"M_wet_i = availability_i*clip(M_nom_i+xi_common+xi_i,M_min_i,M_max_i)",V5_0121,migrated,canonical_formula,no,316,
F0022_317,317,4. 入口边界因果模型 / ,C_i,"C_i = clip(C_nom+k_load_C*(M_wet_i-M_nom_i)+k_clay_C*clay_i+xi_C_i,C_min,C_max)",V5_0004,migrated,canonical_formula,no,317,
F0022_318,318,4. 入口边界因果模型 / ,M_solid_i,M_solid_i = M_wet_i*C_i,V5_0111,migrated,canonical_formula,no,318,
F0022_319,319,4. 入口边界因果模型 / ,M_water_i,M_water_i = M_wet_i-M_solid_i,V5_0118,migrated,canonical_formula,no,319,
F0022_320,320,4. 入口边界因果模型 / ,TFe_i,"TFe_i = clip(G_base_i+k_mag_G*(r_mag_i-r_mag_ref)-k_clay_G*clay_i+xi_G_i,G_min,G_max)",V5_0205,migrated,canonical_formula,no,320,
F0023_332,332,4. 入口边界因果模型 / ,F200_i,F200_i=sigmoid(logit(F200_i)),V5_0037,migrated,canonical_formula,no,332,
F0023_333,333,4. 入口边界因果模型 / ,F325_i,"F325_i=F(45e-6;d80_i,n_rr)",V5_0043,migrated,canonical_formula,no,333,
F0023_334,334,4. 入口边界因果模型 / ,f25_i,"f25_i=F(25e-6;d80_i,n_rr)",V5_0336,migrated,canonical_formula,no,334,
F0024_340,340,4. 入口边界因果模型 / ,Fe_total_i,Fe_total_i=M_solid_i*TFe_i,V5_0053,migrated,canonical_formula,no,340,
F0024_341,341,4. 入口边界因果模型 / ,Fe_mag_i,Fe_mag_i=Fe_total_i*r_mag_i,V5_0050,migrated,canonical_formula,no,341,
F0024_342,342,4. 入口边界因果模型 / ,Fe_hem_i,Fe_hem_i=Fe_total_i*r_hem_i,V5_0049,migrated,canonical_formula,no,342,
F0024_343,343,4. 入口边界因果模型 / ,Fe_carb_i,Fe_carb_i=Fe_total_i*r_carb_i,V5_0048,migrated,canonical_formula,no,343,
F0024_344,344,4. 入口边界因果模型 / ,Fe_sil_i,Fe_sil_i=Fe_total_i*r_sil_i,V5_0051,migrated,canonical_formula,no,344,
F0024_345,345,4. 入口边界因果模型 / ,Gangue_i,Gangue_i=M_solid_i-Fe_total_i,V5_0054,migrated,canonical_formula,no,345,
F0024_346,346,4. 入口边界因果模型 / ,FeO_proxy_i,FeO_proxy_i=k_feo_mag*Fe_mag_i+k_feo_carb*Fe_carb_i+k_feo_hem*Fe_hem_i+k_feo_sil*Fe_sil_i,V5_0047,migrated,canonical_formula,no,346,
F0024_348,348,4. 入口边界因果模型 / ,rho_solid_mix_i,"rho_solid_mix_i = M_solid_i / max( Fe_mag_i/rho_fe_mag + Fe_hem_i/rho_fe_hem + Fe_carb_i/rho_fe_carb + Fe_sil_i/rho_fe_sil + Gangue_i/rho_gangue, eps)",V5_0444,migrated,canonical_formula,no,348,
F0025_361,361,4. 入口边界因果模型 / ,Liberation_fe_i,"Liberation_fe_i = clip( L0_fe - k_L_wi*(WI_i-WI_ref) - k_L_size*(1-F200_i) - k_L_clay*clay_i, 0.1,0.8)",V5_0078,migrated,canonical_formula,no,361,
F0025_368,368,4. 入口边界因果模型 / ,Liberation_gangue_i,"Liberation_gangue_i = clip( L0_gangue - k_Lg_wi*(WI_i-WI_ref) - k_Lg_size*(1-F200_i), 0.1,0.8)",V5_0086,migrated,canonical_formula,no,368,
F0025_374,374,4. 入口边界因果模型 / ,T_slurry_i,T_slurry_i = T_amb+k_ore_temp*(T_ore_feed-T_amb)+k_water_temp*(T_process_water-T_amb),V5_0219,migrated,canonical_formula,no,374,
F0026_380,380,4. 入口边界因果模型 / ,M_solid_mixed,M_solid_mixed = M_wet_1*C_1 + M_wet_2*C_2 + M_wet_3*C_3,V5_0112,migrated,canonical_formula,no,380,
F0026_381,381,4. 入口边界因果模型 / ,M_water_mixed,M_water_mixed = M_water_1 + M_water_2 + M_water_3,V5_0119,migrated,canonical_formula,no,381,
F0026_382,382,4. 入口边界因果模型 / ,M_wet_mixed,M_wet_mixed = M_solid_mixed + M_water_mixed,V5_0122,migrated,canonical_formula,no,382,
F0026_383,383,4. 入口边界因果模型 / ,C_mixed,"C_mixed = M_solid_mixed/max(M_wet_mixed,eps)",V5_0006,migrated,canonical_formula,no,383,
F0026_385,385,4. 入口边界因果模型 / ,_x_d3_WI_mixed,"_x_d3_WI_mixed = (M_solid_1*WI_1+M_solid_2*WI_2+M_solid_3*WI_3) / max(M_solid_mixed,eps)",V5_0245,migrated,canonical_formula,no,385,
F0026_388,388,4. 入口边界因果模型 / ,_x_clay_mixed,"_x_clay_mixed = (M_solid_1*clay_1+M_solid_2*clay_2+M_solid_3*clay_3) / max(M_solid_mixed,eps)",V5_0242,migrated,canonical_formula,no,388,
F0026_391,391,4. 入口边界因果模型 / ,_x_r_carb_mixed,"_x_r_carb_mixed = (M_solid_1*r_carb_1+M_solid_2*r_carb_2+M_solid_3*r_carb_3) / max(M_solid_mixed,eps)",V5_0248,migrated,canonical_formula,no,391,
F0026_395,395,4. 入口边界因果模型 / ,TFe_mixed,"TFe_mixed = (M_solid_1*TFe_1+M_solid_2*TFe_2+M_solid_3*TFe_3) / max(M_solid_mixed,eps)",V5_0206,migrated,canonical_formula,no,395,
F0026_398,398,4. 入口边界因果模型 / ,rho_solid_mix_mixed,"rho_solid_mix_mixed = M_solid_mixed / max( sum_i(Fe_mag_i/rho_fe_mag) + sum_i(Fe_hem_i/rho_fe_hem) + sum_i(Fe_carb_i/rho_fe_carb) + sum_i(Fe_sil_i/rho_fe_sil) + sum_i(Gangue_i/rho_gangue), eps)",V5_0445,migrated,canonical_formula,no,398,
F0026_406,406,4. 入口边界因果模型 / ,F200_mixed,"F200_mixed = sum_i(M_solid_i*F200_i)/max(M_solid_mixed,eps)",V5_0038,migrated,canonical_formula,no,406,
F0026_407,407,4. 入口边界因果模型 / ,F325_mixed,"F325_mixed = sum_i(M_solid_i*F325_i)/max(M_solid_mixed,eps)",V5_0044,migrated,canonical_formula,yes,407,
F0026_408,408,4. 入口边界因果模型 / ,f25_mixed,"f25_mixed = sum_i(M_solid_i*f25_i)/max(M_solid_mixed,eps)",V5_0337,migrated,canonical_formula,no,408,
F0026_409,409,4. 入口边界因果模型 / ,Liberation_fe_mixed,"Liberation_fe_mixed = sum_i(M_solid_i*Liberation_fe_i)/max(M_solid_mixed,eps)",V5_0079,migrated,canonical_formula,yes,409,
F0026_410,410,4. 入口边界因果模型 / ,Liberation_gangue_mixed,"Liberation_gangue_mixed = sum_i(M_solid_i*Liberation_gangue_i)/max(M_solid_mixed,eps)",V5_0087,migrated,canonical_formula,yes,410,
F0026_411,411,4. 入口边界因果模型 / ,T_slurry_mixed,"T_slurry_mixed = sum_i(M_wet_i*Cp_slurry_i*T_slurry_i)/max(sum_i(M_wet_i*Cp_slurry_i),eps)",V5_0220,migrated,canonical_formula,yes,411,
F0027_417,417,4. 入口边界因果模型 / ,_x_d1,_x_d1=TFe_mixed,V5_0243,migrated,canonical_formula,no,417,
F0027_418,418,4. 入口边界因果模型 / ,_x_d2,"_x_d2=_x_r_carb_mixed or Fe_carb load, config must state exact meaning",,dropped,non_executable_or_block_header,no,,Dropped from formula CSV; prose/source record remains in V4.
F0027_419,419,4. 入口边界因果模型 / ,_x_d3,_x_d3=_x_d3_WI_mixed,V5_0244,migrated,canonical_formula,no,419,
F0027_420,420,4. 入口边界因果模型 / ,_x_d4,_x_d4=water_pressure,V5_0246,migrated,canonical_formula,no,420,
F0027_421,421,4. 入口边界因果模型 / ,_x_m_ball,_x_m_ball=M_wet_mixed,V5_0247,migrated,canonical_formula,no,421,
F0027_422,422,4. 入口边界因果模型 / ,_x_rho_ball,_x_rho_ball=C_mixed,V5_0249,migrated,canonical_formula,no,422,
F0028_432,432,4. 入口边界因果模型 / ,lab_{i}_eryi_tfe,"lab_{i}_eryi_tfe=100*_x_eryi_line{i}_tfe+N(0,sigma_tfe_pct)",V5_0415,migrated,canonical_formula,no,432,
F0028_433,433,4. 入口边界因果模型 / ,lab_{i}_eryi_f200,"lab_{i}_eryi_f200=100*_x_eryi_line{i}_f200+N(0,sigma_f200_pct)",V5_0414,migrated,canonical_formula,no,433,
F0030_461,461,5. 磁选因果模型 / 5.2 控制设定不得孤立,magnetic_difficulty,magnetic_difficulty = w_low_mag*(r_mag_ref-r_mag) + w_low_lib*(1-Liberation_fe) + w_coarse*(1-F200) + w_load*(Q_feed-Q_ref) + w_carb*r_carb + w_sil*r_sil,,superseded,duplicate_conflict_executable_preferred,yes,1207,
F0030_469,469,5. 磁选因果模型 / 5.2 控制设定不得孤立,I_exc_sp,"I_exc_sp = clip(I_nom + Kdiff_I*magnetic_difficulty - Kmag_I*(r_mag-r_mag_ref) + operator_trim_I + PRBS_mag_I, I_min,I_max)",,merged,duplicate_same_formula,no,1214,
F0030_476,476,5. 磁选因果模型 / 5.2 控制设定不得孤立,I_exc,"I_exc=sat_act(I_exc_sp,I_min,I_max,tau_exc)",,superseded,duplicate_conflict_executable_preferred,yes,1215,
F0030_477,477,5. 磁选因果模型 / 5.2 控制设定不得孤立,B_eff,B_eff=B_max*(1-exp(-I_exc/I_ref))*thermal_derate(T_coil),V5_0001,migrated,canonical_formula,no,477,
F0031_483,483,5. 磁选因果模型 / 5.2 控制设定不得孤立,f_pul_sp,"f_pul_sp=clip(f_pul_nom + Kcoarse_pul*(1-F325) + Kclay_pul*clay + Kslime_pul*f25 + Kload_pul*(Q_feed-Q_ref) + operator_trim_pul, f_pul_min,f_pul_max)",,superseded,duplicate_conflict_executable_preferred,yes,1234,
F0031_490,490,5. 磁选因果模型 / 5.2 控制设定不得孤立,f_pul,"f_pul=sat_act(f_pul_sp,f_pul_min,f_pul_max,tau_pul)",,superseded,duplicate_conflict_executable_preferred,yes,1236,
F0032_496,496,5. 磁选因果模型 / 5.2 控制设定不得孤立,clog_buildup,"clog_buildup = c0 + c_clay*clay + c_f25*f25 + c_C*C + c_load*Q_feed/max(Q_ref,eps)",,merged,duplicate_same_formula,no,1224,
F0032_502,502,5. 磁选因果模型 / 5.2 控制设定不得孤立,clog_wash,"clog_wash = c_flush_Q*Q_flush_lag/max(Q_flush_ref,eps) + c_pul_clog*f_pul_lag/max(f_pul_ref,eps)",,superseded,duplicate_conflict_executable_preferred,yes,1230,
F0032_505,505,5. 磁选因果模型 / 5.2 控制设定不得孤立,matrix_clog,"matrix_clog = clip(matrix_clog_prev+dt*(clog_buildup-clog_wash),0,1)",,merged,duplicate_same_formula,no,1233,
F0032_507,507,5. 磁选因果模型 / 5.2 控制设定不得孤立,f_ring_sp,"f_ring_sp=clip(f_ring_nom + Kclog_ring*matrix_clog + Kcoarse_ring*(1-F200) + operator_trim_ring, f_ring_min,f_ring_max)",,superseded,duplicate_conflict_executable_preferred,yes,1235,
F0032_512,512,5. 磁选因果模型 / 5.2 控制设定不得孤立,f_ring,"f_ring=sat_act(f_ring_sp,f_ring_min,f_ring_max,tau_ring)",,superseded,duplicate_conflict_executable_preferred,yes,1237,
F0033_518,518,5. 磁选因果模型 / 5.3 分选公式,capture_j,capture_j=sigmoid(a0_j+aB_j*log(B_eff/B_ref)+aL_j*log(Liberation_j/L_ref) +aSize_j*(F200-F200_ref)+aC_j*(C-C_ref)-aQ_j*(Q_feed-Q_ref)),V5_0288,migrated,canonical_formula,no,518,
F0033_521,521,5. 磁选因果模型 / 5.3 分选公式,E_pulse,E_pulse=exp(-((f_pul-f_pul_opt)/sigma_pul)^2),V5_0031,migrated,canonical_formula,no,521,
F0033_522,522,5. 磁选因果模型 / 5.3 分选公式,E_ring,E_ring=exp(-((f_ring-f_ring_opt)/sigma_ring)^2)*(1-k_clog*matrix_clog),V5_0032,migrated,canonical_formula,no,522,
F0033_523,523,5. 磁选因果模型 / 5.3 分选公式,E_level,E_level=exp(-((L_mag-L_ref)/sigma_L)^2),V5_0024,migrated,canonical_formula,no,523,
F0033_524,524,5. 磁选因果模型 / 5.3 分选公式,Entr,"Entr=clip( e0 + eC*C + ef25*f25 + eclay*clay + eL*(L_mag-L_ref) - e_pul*(f_pul-f_pul_min)/max(f_pul_ref,eps), 0,e_max)",V5_0036,migrated,canonical_formula,no,524,
F0033_533,533,5. 磁选因果模型 / 5.3 分选公式,R_hm_j,"R_hm_j=clip(capture_j*E_pulse*E_ring*E_level,0,Rmax_j)",V5_0200,migrated,canonical_formula,no,533,
F0033_534,534,5. 磁选因果模型 / 5.3 分选公式,conc_j,conc_j=R_hm_j*feed_j+Entr*Gangue*entr_share_j,V5_0293,migrated,canonical_formula,no,534,
F0033_535,535,5. 磁选因果模型 / 5.3 分选公式,tail_j,tail_j=feed_j-conc_j,V5_0465,migrated,canonical_formula,no,535,
F0035_569,569,6. 塔磨与旋流器因果模型 / 6.2 泵池与旋流器,dL_pool/dt,dL_pool/dt=(Q_in-Q_pump-Q_spill)/A_pool,,superseded,duplicate_conflict_executable_preferred,yes,1311,
F0035_570,570,6. 塔磨与旋流器因果模型 / 6.2 泵池与旋流器,P_cyc_lag,"P_cyc_lag=delay(P_cyc,L_pump_pressure)",,merged,duplicate_same_formula,no,1312,
F0035_571,571,6. 塔磨与旋流器因果模型 / 6.2 泵池与旋流器,f_pump_sp,"f_pump_sp=clip(f0+Kp_L*(L_pool-L_sp)+Kp_P*(P_sp-P_cyc_lag)+Kff_Q*Q_in,f_min,f_max)",,superseded,duplicate_conflict_executable_preferred,yes,1313,
F0035_572,572,6. 塔磨与旋流器因果模型 / 6.2 泵池与旋流器,f_pump,"f_pump=sat_act(f_pump_sp,f_min,f_max,tau_pump)",,superseded,duplicate_conflict_executable_preferred,yes,1314,
F0035_573,573,6. 塔磨与旋流器因果模型 / 6.2 泵池与旋流器,Q_pump,"Q_pump=k_pump*f_pump*(1-exp(-max(L_pool,0)/max(L_min_safe,eps)))*health_pump",,merged,duplicate_same_formula,no,1315,
F0035_574,574,6. 塔磨与旋流器因果模型 / 6.2 泵池与旋流器,P_cyc,"P_cyc=clip(kP*rho_slurry*(Q_pump/max(N_cyc_on,1))^2,P_min,P_max)",,superseded,duplicate_conflict_executable_preferred,yes,1316,
F0035_575,575,6. 塔磨与旋流器因果模型 / 6.2 泵池与旋流器,I_pump,I_pump=I0+kf*f_pump^2+kQ*Q_pump+krho*rho_slurry+kmu*mu_slurry+kP_pump*P_cyc,V5_0065,migrated,canonical_formula,no,575,
F0036_581,581,6. 塔磨与旋流器因果模型 / 6.2 泵池与旋流器,tau_cyc_pool,"tau_cyc_pool=max(L_pool*A_pool/max(Q_pump,eps),min_tau_cyc_pool)",,superseded,duplicate_conflict_executable_preferred,yes,1290,
F0036_582,582,6. 塔磨与旋流器因果模型 / 6.2 泵池与旋流器,C_feed_in,"C_feed_in=(M_mag_conc_solid+M_tm_discharge_solid_prev)/max(M_mag_conc_wet+M_tm_discharge_wet_prev+M_water_add,eps)",,merged,duplicate_same_formula,no,1291,
F0036_583,583,6. 塔磨与旋流器因果模型 / 6.2 泵池与旋流器,F325_feed_in,"F325_feed_in=(M_mag_conc_solid*F325_mag_conc+M_tm_discharge_solid_prev*F325_discharge_prev)/max(M_mag_conc_solid+M_tm_discharge_solid_prev,eps)",,merged,duplicate_same_formula,no,1292,
F0036_584,584,6. 塔磨与旋流器因果模型 / 6.2 泵池与旋流器,Liberation_fe_feed_in,"Liberation_fe_feed_in=(M_mag_conc_solid*Liberation_fe_mag_conc+M_tm_discharge_solid_prev*Liberation_fe_discharge_prev)/max(M_mag_conc_solid+M_tm_discharge_solid_prev,eps)",,merged,duplicate_same_formula,no,1293,
F0036_585,585,6. 塔磨与旋流器因果模型 / 6.2 泵池与旋流器,Liberation_gangue_feed_in,"Liberation_gangue_feed_in=(M_mag_conc_solid*Liberation_gangue_mag_conc+M_tm_discharge_solid_prev*Liberation_gangue_discharge_prev)/max(M_mag_conc_solid+M_tm_discharge_solid_prev,eps)",,merged,duplicate_same_formula,no,1294,
F0036_586,586,6. 塔磨与旋流器因果模型 / 6.2 泵池与旋流器,WI_feed_in,"WI_feed_in=(M_mag_conc_solid*WI_mag_conc+M_tm_discharge_solid_prev*WI_discharge_prev)/max(M_mag_conc_solid+M_tm_discharge_solid_prev,eps)",,merged,duplicate_same_formula,no,1295,
F0036_588,588,6. 塔磨与旋流器因果模型 / 6.2 泵池与旋流器,C_feed,"C_feed=C_feed_prev+(dt/max(tau_cyc_pool,eps))*(C_feed_in-C_feed_prev)",,merged,duplicate_same_formula,no,1301,
F0036_589,589,6. 塔磨与旋流器因果模型 / 6.2 泵池与旋流器,F325_feed,"F325_feed=F325_feed_prev+(dt/max(tau_cyc_pool,eps))*(F325_feed_in-F325_feed_prev)",,merged,duplicate_same_formula,no,1302,
F0036_590,590,6. 塔磨与旋流器因果模型 / 6.2 泵池与旋流器,Liberation_fe_feed,"Liberation_fe_feed=Liberation_fe_feed_prev+(dt/max(tau_cyc_pool,eps))*(Liberation_fe_feed_in-Liberation_fe_feed_prev)",,merged,duplicate_same_formula,no,1303,
F0036_591,591,6. 塔磨与旋流器因果模型 / 6.2 泵池与旋流器,Liberation_gangue_feed,"Liberation_gangue_feed=Liberation_gangue_feed_prev+(dt/max(tau_cyc_pool,eps))*(Liberation_gangue_feed_in-Liberation_gangue_feed_prev)",,merged,duplicate_same_formula,no,1304,
F0036_592,592,6. 塔磨与旋流器因果模型 / 6.2 泵池与旋流器,WI_feed,"WI_feed=WI_feed_prev+(dt/max(tau_cyc_pool,eps))*(WI_feed_in-WI_feed_prev)",,merged,duplicate_same_formula,no,1305,
F0037_598,598,6. 塔磨与旋流器因果模型 / 6.2 泵池与旋流器,d50,"d50=d50_ref*(P_ref/max(P_cyc,eps))^aP*(C/C_ref)^aC*(mu_slurry/mu_ref)^amu",,superseded,duplicate_conflict_executable_preferred,yes,1328,
F0037_599,599,6. 塔磨与旋流器因果模型 / 6.2 泵池与旋流器,alpha_ov,"alpha_ov=clip(sigmoid(kF*(F325_feed-F325_ref)+kP*(P_cyc-P_ref)-kC*(C-C_ref)-kmu*(mu_slurry-mu_ref)),0,1)",,superseded,duplicate_conflict_executable_preferred,yes,1329,
F0037_600,600,6. 塔磨与旋流器因果模型 / 6.2 泵池与旋流器,overflow_j,"overflow_j=feed_j*partition_fine_j(d50,alpha_ov)",V5_0429,migrated,canonical_formula,no,600,
F0037_601,601,6. 塔磨与旋流器因果模型 / 6.2 泵池与旋流器,sand_j,sand_j=feed_j-overflow_j,V5_0450,migrated,canonical_formula,no,601,
F0037_603,603,6. 塔磨与旋流器因果模型 / 6.2 泵池与旋流器,M_overflow_solid,M_overflow_solid = feed_solid*alpha_ov,V5_0105,migrated,canonical_formula,no,603,
F0037_604,604,6. 塔磨与旋流器因果模型 / 6.2 泵池与旋流器,M_sand_solid,M_sand_solid = feed_solid-M_overflow_solid,V5_0108,migrated,canonical_formula,no,604,
F0037_606,606,6. 塔磨与旋流器因果模型 / 6.2 泵池与旋流器,alpha_ov_water,"alpha_ov_water = clip(alpha_ov*k_water_split,0,1)",,merged,duplicate_same_formula,no,1336,
F0037_607,607,6. 塔磨与旋流器因果模型 / 6.2 泵池与旋流器,M_overflow_water,M_overflow_water = feed_water*alpha_ov_water,V5_0106,migrated,canonical_formula,no,607,
F0037_608,608,6. 塔磨与旋流器因果模型 / 6.2 泵池与旋流器,M_sand_water,M_sand_water = feed_water-M_overflow_water,V5_0109,migrated,canonical_formula,no,608,
F0037_610,610,6. 塔磨与旋流器因果模型 / 6.2 泵池与旋流器,Q_overflow,Q_overflow = M_overflow_solid/rho_solid_mix + M_overflow_water/rho_water,,superseded,duplicate_conflict_executable_preferred,yes,1339,
F0037_611,611,6. 塔磨与旋流器因果模型 / 6.2 泵池与旋流器,rho_overflow,"rho_overflow = (M_overflow_solid+M_overflow_water)/max(Q_overflow,eps)",,superseded,duplicate_conflict_executable_preferred,yes,1340,
F0037_613,613,6. 塔磨与旋流器因果模型 / 6.2 泵池与旋流器,F325_overflow,"F325_overflow = clip(F325_feed*k_fine_enrich/max(alpha_ov,eps),F325_feed,1.0)",,merged,duplicate_same_formula,no,1345,
F0037_614,614,6. 塔磨与旋流器因果模型 / 6.2 泵池与旋流器,Liberation_fe_overflow,"Liberation_fe_overflow = clip(Liberation_fe_feed*k_lib_fe_enrich,Liberation_fe_feed,1.0)",,merged,duplicate_same_formula,no,1346,
F0037_615,615,6. 塔磨与旋流器因果模型 / 6.2 泵池与旋流器,Liberation_gangue_overflow,"Liberation_gangue_overflow = clip(Liberation_gangue_feed*k_lib_g_enrich,Liberation_gangue_feed,1.0)",,merged,duplicate_same_formula,no,1347,
F0037_617,617,6. 塔磨与旋流器因果模型 / 6.2 泵池与旋流器,F325_sand,"F325_sand = clip( (F325_feed-F325_overflow*alpha_ov)/max(1-alpha_ov,eps), 0,F325_feed)",,merged,duplicate_same_formula,no,1348,
F0037_620,620,6. 塔磨与旋流器因果模型 / 6.2 泵池与旋流器,Liberation_fe_sand,"Liberation_fe_sand = clip( (Liberation_fe_feed-Liberation_fe_overflow*alpha_ov)/max(1-alpha_ov,eps), 0,Liberation_fe_feed)",,merged,duplicate_same_formula,no,1349,
F0037_623,623,6. 塔磨与旋流器因果模型 / 6.2 泵池与旋流器,Liberation_gangue_sand,"Liberation_gangue_sand = clip( (Liberation_gangue_feed-Liberation_gangue_overflow*alpha_ov)/max(1-alpha_ov,eps), 0,Liberation_gangue_feed)",,merged,duplicate_same_formula,no,1350,
F0037_627,627,6. 塔磨与旋流器因果模型 / 6.2 泵池与旋流器,T_slurry_overflow,"T_slurry_overflow = T_slurry_feed-k_cool_cyc*max(T_slurry_feed-T_amb,0)",,merged,duplicate_same_formula,no,1351,
F0037_628,628,6. 塔磨与旋流器因果模型 / 6.2 泵池与旋流器,T_slurry_sand,"T_slurry_sand = T_slurry_feed-k_cool_sand*max(T_slurry_feed-T_amb,0)",,merged,duplicate_same_formula,no,1353,
F0038_634,634,6. 塔磨与旋流器因果模型 / 6.3 塔磨功耗和解离,inst_circ_load,"inst_circ_load=M_sand/max(M_overflow,eps)",,merged,duplicate_same_formula,no,1356,
F0038_635,635,6. 塔磨与旋流器因果模型 / 6.3 塔磨功耗和解离,circulating_load,"circulating_load=clip(inst_circ_load,0.0,5.0)",,merged,duplicate_same_formula,no,1357,
F0038_636,636,6. 塔磨与旋流器因果模型 / 6.3 塔磨功耗和解离,circulating_load_lag,"circulating_load_lag=delay(circulating_load,L_sand_control)",,merged,duplicate_same_formula,no,1323,
F0038_637,637,6. 塔磨与旋流器因果模型 / 6.3 塔磨功耗和解离,M_mill_water_in,M_mill_water_in=M_sand_water+Q_sand_water_phys*rho_water,,superseded,duplicate_conflict_executable_preferred,yes,1358,
F0038_638,638,6. 塔磨与旋流器因果模型 / 6.3 塔磨功耗和解离,C_mill,"C_mill=M_sand/max(M_sand+M_mill_water_in,eps)",,merged,duplicate_same_formula,no,1359,
F0038_639,639,6. 塔磨与旋流器因果模型 / 6.3 塔磨功耗和解离,WI_mill,WI_mill=WI_sand,,merged,duplicate_same_formula,no,1360,
F0038_641,641,6. 塔磨与旋流器因果模型 / 6.3 塔磨功耗和解离,grind_difficulty,grind_difficulty = kWI*(WI_mill-WI_ref) + kcoarse*(1-F325_sand) + kC*(C_mill-C_opt)^2 + kmu*(mu_slurry-mu_ref) + kCL*(circulating_load-CL_ref),,superseded,duplicate_conflict_executable_preferred,yes,1363,
F0038_648,648,6. 塔磨与旋流器因果模型 / 6.3 塔磨功耗和解离,P_mech_ss,P_mech_ss=P_idle+P_media+kM*M_sand*(1+grind_difficulty),,merged,duplicate_same_formula,no,1369,
F0038_649,649,6. 塔磨与旋流器因果模型 / 6.3 塔磨功耗和解离,P_mech,"P_mech=ZOH(P_mech,clip(P_mech_ss,0,1.15*P_rated),tau_P)",,superseded,duplicate_conflict_executable_preferred,yes,1370,
F0038_650,650,6. 塔磨与旋流器因果模型 / 6.3 塔磨功耗和解离,I_tm,I_tm=P_mech/(sqrt(3)*V_motor*pf*eta),V5_0068,migrated,canonical_formula,no,650,
F0038_652,652,6. 塔磨与旋流器因果模型 / 6.3 塔磨功耗和解离,E_spec,"E_spec=P_mech/max(M_sand,eps)",,merged,duplicate_same_formula,no,1373,
F0038_653,653,6. 塔磨与旋流器因果模型 / 6.3 塔磨功耗和解离,F325_discharge_inst,"F325_discharge_inst=clip(F325_sand+kE*log1p(E_spec/max(WI_mill,eps))-k_over*f25,0,1)",,merged,duplicate_same_formula,no,1374,
F0038_654,654,6. 塔磨与旋流器因果模型 / 6.3 塔磨功耗和解离,Liberation_fe_discharge_inst,"Liberation_fe_discharge_inst = clip( Liberation_fe_sand + k_lib_fe*(E_spec/max(WI_mill,eps))*liberation_potential*(1-Liberation_fe_sand), 0,1)",,merged,duplicate_same_formula,no,1375,
F0038_658,658,6. 塔磨与旋流器因果模型 / 6.3 塔磨功耗和解离,Liberation_gangue_discharge_inst,"Liberation_gangue_discharge_inst = clip( Liberation_gangue_sand + k_lib_g*(E_spec/max(WI_mill,eps))*liberation_potential*(1-Liberation_gangue_sand), 0,1)",,merged,duplicate_same_formula,no,1376,
F0038_663,663,6. 塔磨与旋流器因果模型 / 6.3 塔磨功耗和解离,delta_T_mill,"delta_T_mill = P_mech*k_heat_conv/max(Q_pump*rho_slurry*Cp_slurry,eps)",,superseded,duplicate_conflict_executable_preferred,yes,1377,
F0038_664,664,6. 塔磨与旋流器因果模型 / 6.3 塔磨功耗和解离,T_slurry_discharge_inst,"T_slurry_discharge_inst = T_slurry_sand + delta_T_mill - k_cool_pipe*max(T_slurry_sand-T_amb,0)",,merged,duplicate_same_formula,no,1378,
F0038_669,669,6. 塔磨与旋流器因果模型 / 6.3 塔磨功耗和解离,F325_discharge,"F325_discharge=F325_discharge_prev+(dt/max(tau_mill_residence,eps))*(F325_discharge_inst-F325_discharge_prev)",,merged,duplicate_same_formula,no,1379,
F0038_670,670,6. 塔磨与旋流器因果模型 / 6.3 塔磨功耗和解离,Liberation_fe_discharge,"Liberation_fe_discharge=Liberation_fe_discharge_prev+(dt/max(tau_mill_residence,eps))*(Liberation_fe_discharge_inst-Liberation_fe_discharge_prev)",,merged,duplicate_same_formula,no,1380,
F0038_671,671,6. 塔磨与旋流器因果模型 / 6.3 塔磨功耗和解离,Liberation_gangue_discharge,"Liberation_gangue_discharge=Liberation_gangue_discharge_prev+(dt/max(tau_mill_residence,eps))*(Liberation_gangue_discharge_inst-Liberation_gangue_discharge_prev)",,merged,duplicate_same_formula,no,1381,
F0038_672,672,6. 塔磨与旋流器因果模型 / 6.3 塔磨功耗和解离,T_slurry_discharge,"T_slurry_discharge=T_slurry_discharge_prev+(dt/max(tau_mill_residence,eps))*(T_slurry_discharge_inst-T_slurry_discharge_prev)",,merged,duplicate_same_formula,no,1382,
F0038_673,673,6. 塔磨与旋流器因果模型 / 6.3 塔磨功耗和解离,WI_discharge,WI_discharge=WI_mill,,merged,duplicate_same_formula,no,1383,
F0041_723,723,7. 浮选因果模型 / 7.2 浮选前浓缩,dM_NT_solid/dt,dM_NT_solid/dt=M_in_solid-M_under_solid-M_over_solid,V5_0303,migrated,canonical_formula,no,723,
F0041_724,724,7. 浮选因果模型 / 7.2 浮选前浓缩,dV_NT_water/dt,dV_NT_water/dt=Q_in_water-Q_under_water-Q_over_water,V5_0307,migrated,canonical_formula,no,724,
F0041_725,725,7. 浮选因果模型 / 7.2 浮选前浓缩,L_NT,L_NT=(M_NT_solid/rho_solid_mix+V_NT_water)/A_NT,V5_0070,migrated,canonical_formula,no,725,
F0041_726,726,7. 浮选因果模型 / 7.2 浮选前浓缩,C_under_sp,"C_under_sp=clip(C_nom+Kbed*(L_NT-L_ref)+Kload*(M_in-M_ref),C_min,C_max)",V5_0009,migrated,canonical_formula,no,726,
F0041_727,727,7. 浮选因果模型 / 7.2 浮选前浓缩,C_under,"C_under=ZOH(C_under,C_under_sp,tau_C)",V5_0007,migrated,canonical_formula,no,727,
F0041_728,728,7. 浮选因果模型 / 7.2 浮选前浓缩,rho_under,"rho_under=rho_slurry(C_under,rho_solid_mix)",V5_0447,migrated,canonical_formula,no,728,
F0041_729,729,7. 浮选因果模型 / 7.2 浮选前浓缩,T_under,"T_under=T_NT_in-k_cool_NT*max(T_NT_in-T_amb,0)",V5_0230,migrated,canonical_formula,no,729,
F0041_730,730,7. 浮选因果模型 / 7.2 浮选前浓缩,mu_under,"mu_under=mu_slurry(C_under,clay,f25,r_sil,T_under)",V5_0423,migrated,canonical_formula,no,730,
F0041_731,731,7. 浮选因果模型 / 7.2 浮选前浓缩,I_NT,I_NT=I0+kM*M_solid+kmu*mu_under+kbed*bed_mass,V5_0055,migrated,canonical_formula,no,731,
F0043_746,746,7. 浮选因果模型 / 7.3 药剂控制,floatability_difficulty,floatability_difficulty = w_carb*r_carb + w_sil*r_sil + w_fine*f25 + w_coarse*(1-F325) + w_low_lib*(1-Liberation_gangue) + w_density*abs(C-C_opt) + w_clay*clay,,merged,duplicate_same_formula,no,1478,
F0043_755,755,7. 浮选因果模型 / 7.3 药剂控制,froth_error,froth_error = h_ref-h_froth_sensor,V5_0354,migrated,canonical_formula,no,755,
F0043_756,756,7. 浮选因果模型 / 7.3 药剂控制,selectivity_proxy,selectivity_proxy = q_pH*exp(-((pH-pH_opt)/sigma_pH)^2) + q_lib*Liberation_gangue - q_Ca*Ca2_effect - q_slime*f25,V5_0453,migrated,canonical_formula,no,756,
F0043_762,762,7. 浮选因果模型 / 7.3 药剂控制,dose_need_TD_rough,dose_need_TD_rough = d0_td_r + Kload_td*M_feed_solid + Kdiff_td*floatability_difficulty + Kfroth_td*froth_error + operator_trim_td + PRBS_TD,V5_0321,migrated,canonical_formula,no,762,
F0043_770,770,7. 浮选因果模型 / 7.3 药剂控制,dose_need_TD_clean,dose_need_TD_clean = d0_td_c + Kproxy_td*(quality_proxy_ref-quality_proxy_s) + Kdiff_clean*floatability_difficulty + operator_trim_td_clean,V5_0319,migrated,canonical_formula,no,770,
F0043_776,776,7. 浮选因果模型 / 7.3 药剂控制,dose_need_DF_K6,dose_need_DF_K6 = d0_k6 + Kslime_k6*f25 + Ksil_k6*r_sil + Kcarb_k6*r_carb + Kselect_k6*(selectivity_ref-selectivity_proxy),V5_0317,migrated,canonical_formula,no,776,
F0043_783,783,7. 浮选因果模型 / 7.3 药剂控制,f_j_sp,"f_j_sp=dose_to_freq(dose_need_j,M_feed_solid)",V5_0339,migrated,canonical_formula,no,783,
F0043_784,784,7. 浮选因果模型 / 7.3 药剂控制,f_j,"f_j=sat_act(f_j_sp,f_min_j,f_max_j,tau_j)",V5_0338,migrated,canonical_formula,no,784,
F0043_785,785,7. 浮选因果模型 / 7.3 药剂控制,Q_j_ml_s,"Q_j_ml_s=max(k_pump_j*f_j*health_j+noise,0)",V5_0179,migrated,canonical_formula,no,785,
F0043_786,786,7. 浮选因果模型 / 7.3 药剂控制,dose_j_kg_t,"dose_j_kg_t=Q_j_ml_s*3.6*rho_j_kg_L*active_j/max(M_feed_solid_tph,eps)",V5_0316,migrated,canonical_formula,no,786,
F0045_802,802,7. 浮选因果模型 / 7.4 NaOH/CaO/pH/Ca2+,pH_sp,"pH_sp=clip(pH_nom + Kcarb_sp*(r_carb-r_carb_ref) + Ksil_sp*(r_sil-r_sil_ref) + operator_trim_pH + PRBS_pH, pH_min,pH_max)",V5_0432,migrated,canonical_formula,no,802,
F0045_809,809,7. 浮选因果模型 / 7.4 NaOH/CaO/pH/Ca2+,dose_need_naoh,dose_need_naoh=d0_naoh+Kp_pH*(pH_sp-pH_sensor)+Kbuf_naoh*buffer_capacity+Kflow_naoh*M_feed_solid,V5_0325,migrated,canonical_formula,no,809,
F0045_810,810,7. 浮选因果模型 / 7.4 NaOH/CaO/pH/Ca2+,dose_need_cao,dose_need_cao=d0_cao+Kcarb_cao*r_carb+Ksil_cao*r_sil+Kbuf_cao*buffer_capacity,V5_0323,migrated,canonical_formula,no,810,
F0045_812,812,7. 浮选因果模型 / 7.4 NaOH/CaO/pH/Ca2+,OH_effect,OH_effect=k_naoh_oh*dose_naoh_kg_t+k_cao_oh*dose_cao_kg_t,V5_0124,migrated,canonical_formula,no,812,
F0045_813,813,7. 浮选因果模型 / 7.4 NaOH/CaO/pH/Ca2+,Ca2_effect,Ca2_effect=k_cao_ca*dose_cao_kg_t,V5_0011,migrated,canonical_formula,no,813,
F0045_814,814,7. 浮选因果模型 / 7.4 NaOH/CaO/pH/Ca2+,pH_ss,"pH_ss=pH_base+k_pH*log1p(OH_effect/max(buffer_capacity,eps))",V5_0434,migrated,canonical_formula,no,814,
F0045_815,815,7. 浮选因果模型 / 7.4 NaOH/CaO/pH/Ca2+,pH,"pH=ZOH(pH,pH_ss,tau_pH)+process_noise",V5_0430,migrated,canonical_formula,no,815,
F0045_817,817,7. 浮选因果模型 / 7.4 NaOH/CaO/pH/Ca2+,E_Ca2_sil,E_Ca2_sil=1+a_Ca_sil*sigmoid((Ca2_effect-Ca_sil0)/s_Ca_sil),V5_0015,migrated,canonical_formula,no,817,
F0045_818,818,7. 浮选因果模型 / 7.4 NaOH/CaO/pH/Ca2+,E_Ca2_carb,E_Ca2_carb=1+a_Ca_carb*sigmoid((Ca2_effect-Ca_carb0)/s_Ca_carb),V5_0014,migrated,canonical_formula,no,818,
F0047_832,832,7. 浮选因果模型 / 7.5 气量和泡沫控制,hydrophobic_load,hydrophobic_load = M_froth_gangue + M_froth_fe_sil + M_froth_fe_carb + k_fe_froth*(M_froth_fe_mag+M_froth_fe_hem),V5_0398,migrated,canonical_formula,no,832,
F0047_838,838,7. 浮选因果模型 / 7.5 气量和泡沫控制,Q_air_sp,"Q_air_sp=clip(Q_air_nom + Kh*(h_ref-h_froth_sensor) + Kload*(M_feed_solid-M_ref) + Khydro*(hydrophobic_load-hydro_ref) + Kdensity*(C-C_ref) + operator_trim_air + PRBS_air, Q_air_min,Q_air_max)",V5_0151,migrated,canonical_formula,no,838,
F0047_847,847,7. 浮选因果模型 / 7.5 气量和泡沫控制,u_bv,"u_bv=sat_act(valve_from_air_sp(Q_air_sp,P_blower,P_cell),0.1,0.9,tau_bv)",V5_0475,migrated,canonical_formula,no,847,
F0047_848,848,7. 浮选因果模型 / 7.5 气量和泡沫控制,Q_air,"Q_air=C_orifice*u_bv*sqrt(max(P_blower-P_cell,0))",V5_0150,migrated,canonical_formula,no,848,
F0048_854,854,7. 浮选因果模型 / 7.5 气量和泡沫控制,scraper_speed,"scraper_speed = clip( scraper_nom+K_scrape_P*max(h_froth-h_scrape_ref,0), speed_min,speed_max)",V5_0451,migrated,canonical_formula,no,854,
F0048_858,858,7. 浮选因果模型 / 7.5 气量和泡沫控制,froth_stability,froth_stability = s0 + s_TD*dose_TD + s_K6*dose_DF_K6 + s_f25*f25 + s_C*C + s_Ca*Ca2_effect + s_lib*Liberation_gangue + s_clay*clay,V5_0359,migrated,canonical_formula,no,858,
F0048_868,868,7. 浮选因果模型 / 7.5 气量和泡沫控制,h_ss,"h_ss=k_h*Q_air*hydrophobic_load*froth_stability/max(k_collapse+k_scrape*scraper_speed,eps)",V5_0395,migrated,canonical_formula,no,868,
F0048_869,869,7. 浮选因果模型 / 7.5 气量和泡沫控制,h_froth,"h_froth=ZOH(h_froth,clip(h_ss,0,h_max),tau_froth)",V5_0393,migrated,canonical_formula,no,869,
F0049_875,875,7. 浮选因果模型 / 7.5 气量和泡沫控制,fx_s{s}_{c}_froth_h,fx_s{s}_{c}_froth_h =,,dropped,non_executable_or_block_header,no,,Dropped from formula CSV; prose/source record remains in V4.
F0049_876,876,7. 浮选因果模型 / 7.5 气量和泡沫控制,"ifevent_froth_fault_{s,c}","if event_froth_fault_{s,c}=1: fault_value else: 按第 10.4 节 `h_froth -> x_lpf -> x_dcs` 展开",,dropped,non_executable_or_block_header,no,,Dropped from formula CSV; prose/source record remains in V4.
F0050_888,888,7. 浮选因果模型 / 7.6 液位、流量、停留时间,gas_holdup,"gas_holdup=clip(k_gas*Q_air*(1+k_mu_gas*max(mu_slurry-mu_ref,0)),0,gas_holdup_max)",V5_0388,migrated,canonical_formula,no,888,
F0050_889,889,7. 浮选因果模型 / 7.6 液位、流量、停留时间,L_cell_aerated,"L_cell_aerated=L_cell/max(1-gas_holdup,eps)",V5_0072,migrated,canonical_formula,no,889,
F0050_890,890,7. 浮选因果模型 / 7.6 液位、流量、停留时间,u_lv_sp,"u_lv_sp=clip(u0+Kp_L*(L_sp-L_cell_aerated_lag)+Ki_L*int(L_sp-L_cell_aerated_lag),0,1)",V5_0482,migrated,canonical_formula,no,890,
F0050_891,891,7. 浮选因果模型 / 7.6 液位、流量、停留时间,u_lv_fb,"u_lv_fb=sat_act(u_lv_sp,0,1,tau_lv)",V5_0480,migrated,canonical_formula,no,891,
F0050_892,892,7. 浮选因果模型 / 7.6 液位、流量、停留时间,Q_out_cell,"Q_out_cell=Cv_lv*u_lv_fb*sqrt(max(L_cell,0))",V5_0182,migrated,canonical_formula,no,892,
F0050_893,893,7. 浮选因果模型 / 7.6 液位、流量、停留时间,V_pulp_actual,"V_pulp_actual=A_cell*max(L_cell,0)",V5_0233,migrated,canonical_formula,no,893,
F0050_894,894,7. 浮选因果模型 / 7.6 液位、流量、停留时间,tau_stage_h,"tau_stage_h=V_pulp_actual/max(Q_out_cell,eps)",V5_0471,migrated,canonical_formula,no,894,
F0050_895,895,7. 浮选因果模型 / 7.6 液位、流量、停留时间,Q_froth_cell,"Q_froth_cell = sum_j(froth_j)/max(rho_froth_mix,eps)",V5_0163,migrated,canonical_formula,no,895,
F0050_896,896,7. 浮选因果模型 / 7.6 液位、流量、停留时间,dL_cell/dt,dL_cell/dt=(Q_in_cell-Q_out_cell-Q_froth_cell)/A_cell,V5_0296,migrated,canonical_formula,no,896,
F0052_912,912,7. 浮选因果模型 / 7.7 浮选速率和组分分流,entrainment_factor,"entrainment_factor = e0 + e_f25*f25 + e_clay*clay + e_C*C + e_mu*max(mu_slurry-mu_ref,0)",V5_0333,migrated,canonical_formula,no,912,
F0052_919,919,7. 浮选因果模型 / 7.7 浮选速率和组分分流,dose_TD_effective,"dose_TD_effective=dose_TD_effective_prev+(dt/max(tau_adsorption_TD,eps))*(dose_TD-dose_TD_effective_prev)",V5_0314,migrated,canonical_formula,no,919,
F0052_920,920,7. 浮选因果模型 / 7.7 浮选速率和组分分流,dose_DF_K6_effective,"dose_DF_K6_effective=dose_DF_K6_effective_prev+(dt/max(tau_adsorption_K6,eps))*(dose_DF_K6-dose_DF_K6_effective_prev)",V5_0312,migrated,canonical_formula,no,920,
F0052_922,922,7. 浮选因果模型 / 7.7 浮选速率和组分分流,E_collector,E_collector=sigmoid(a1*(dose_TD_effective-dose_low))*sigmoid(a2*(dose_high-dose_TD_effective)),V5_0018,migrated,canonical_formula,no,922,
F0052_923,923,7. 浮选因果模型 / 7.7 浮选速率和组分分流,E_depressant,E_depressant=sigmoid(kK6*(dose_DF_K6_effective-dose_K6_ref)),V5_0022,migrated,canonical_formula,no,923,
F0052_924,924,7. 浮选因果模型 / 7.7 浮选速率和组分分流,E_pH,E_pH=exp(-((pH-pH_opt)/sigma_pH)^2),V5_0029,migrated,canonical_formula,no,924,
F0052_925,925,7. 浮选因果模型 / 7.7 浮选速率和组分分流,E_air,E_air=sigmoid(k1*(Q_air-Q_low))*sigmoid(k2*(Q_high-Q_air)),V5_0016,migrated,canonical_formula,no,925,
F0052_926,926,7. 浮选因果模型 / 7.7 浮选速率和组分分流,E_density,E_density=exp(-((C-C_opt)/sigma_C)^2),V5_0020,migrated,canonical_formula,no,926,
F0052_927,927,7. 浮选因果模型 / 7.7 浮选速率和组分分流,E_size,E_size=sigmoid(k_size*(F325-F325_min)),V5_0033,migrated,canonical_formula,no,927,
F0052_928,928,7. 浮选因果模型 / 7.7 浮选速率和组分分流,E_lib_g,E_lib_g=0.25+0.75*Liberation_gangue,V5_0025,migrated,canonical_formula,no,928,
F0052_929,929,7. 浮选因果模型 / 7.7 浮选速率和组分分流,E_mu,E_mu=exp(-k_mu_float*(mu_slurry-mu_ref)),V5_0027,migrated,canonical_formula,no,929,
F0052_931,931,7. 浮选因果模型 / 7.7 浮选速率和组分分流,k_float_gangue,k_float_gangue=k0_g*E_collector*E_pH*E_air*E_density*E_size*E_lib_g*E_mu,V5_0408,migrated,canonical_formula,no,931,
F0052_932,932,7. 浮选因果模型 / 7.7 浮选速率和组分分流,k_float_sil,k_float_sil=k_float_gangue*(1+a_sil*r_sil)*E_Ca2_sil,V5_0410,migrated,canonical_formula,no,932,
F0052_933,933,7. 浮选因果模型 / 7.7 浮选速率和组分分流,k_float_carb,k_float_carb=k_float_gangue*(1+a_carb*r_carb)*E_Ca2_carb,V5_0402,migrated,canonical_formula,no,933,
F0052_934,934,7. 浮选因果模型 / 7.7 浮选速率和组分分流,k_float_fe_mag,k_float_fe_mag=k0_mag*(1-E_depressant)*entrainment_factor,V5_0406,migrated,canonical_formula,no,934,
F0052_935,935,7. 浮选因果模型 / 7.7 浮选速率和组分分流,k_float_fe_hem,k_float_fe_hem=k0_hem*(1-E_depressant)*entrainment_factor,V5_0404,migrated,canonical_formula,no,935,
F0052_937,937,7. 浮选因果模型 / 7.7 浮选速率和组分分流,lip_clearance,lip_clearance=L_cell+h_froth-H_lip_reference,V5_0416,migrated,canonical_formula,no,937,
F0052_938,938,7. 浮选因果模型 / 7.7 浮选速率和组分分流,R_froth_zone,"R_froth_zone=clip( sigmoid(k_lip*lip_clearance)*h_froth/max(h_froth_target,eps), 0,1)",V5_0198,migrated,canonical_formula,no,938,
F0052_942,942,7. 浮选因果模型 / 7.7 浮选速率和组分分流,grade_cell_j,"grade_cell_j=M_cell_j_prev/max(M_cell_solid_prev,eps)",V5_0390,migrated,canonical_formula,no,942,
F0052_943,943,7. 浮选因果模型 / 7.7 浮选速率和组分分流,Q_out_solid,Q_out_solid=Q_out_cell*rho_slurry*C,V5_0184,migrated,canonical_formula,no,943,
F0052_944,944,7. 浮选因果模型 / 7.7 浮选速率和组分分流,R_j,"R_j=clip(1-exp(-k_float_j*tau_stage_h),0,Rmax_j)*R_froth_zone",V5_0201,migrated,canonical_formula,no,944,
F0052_945,945,7. 浮选因果模型 / 7.7 浮选速率和组分分流,froth_j_rate,"froth_j_rate=R_j*M_cell_j_prev/max(tau_stage_h,eps)+entrainment_j_rate",V5_0356,migrated,canonical_formula,no,945,
F0052_946,946,7. 浮选因果模型 / 7.7 浮选速率和组分分流,tail_j_rate,tail_j_rate=Q_out_solid*grade_cell_j,V5_0466,migrated,canonical_formula,no,946,
F0052_947,947,7. 浮选因果模型 / 7.7 浮选速率和组分分流,dM_cell_j/dt,dM_cell_j/dt=feed_j_rate-froth_j_rate-tail_j_rate,V5_0305,migrated,canonical_formula,no,947,
F0052_948,948,7. 浮选因果模型 / 7.7 浮选速率和组分分流,M_cell_j,M_cell_j=M_cell_j_prev+dt*dM_cell_j/dt,V5_0099,migrated,canonical_formula,no,948,
F0052_950,950,7. 浮选因果模型 / 7.7 浮选速率和组分分流,froth_j,froth_j=froth_j_rate*dt,V5_0355,migrated,canonical_formula,no,950,
F0052_951,951,7. 浮选因果模型 / 7.7 浮选速率和组分分流,tail_or_conc_j,tail_or_conc_j=tail_j_rate*dt,V5_0469,migrated,canonical_formula,no,951,
F0053_957,957,7. 浮选因果模型 / 7.7 浮选速率和组分分流,rougher_feed,rougher_feed=flo_feed+cleaner_tail_prev+scav1_conc_prev,V5_0449,migrated,canonical_formula,no,957,
F0054_973,973,7. 浮选因果模型 / 7.7 浮选速率和组分分流,y_fx_xin_s_true,y_fx_xin_s_true=TFe(final_conc_s),V5_0501,migrated,canonical_formula,no,973,
F0054_974,974,7. 浮选因果模型 / 7.7 浮选速率和组分分流,y_fx_xin_s,"y_fx_xin_s=clip(y_fx_xin_s_true+N(0,sigma_y),0,1)",V5_0500,migrated,canonical_formula,no,974,
F0055_1038,1038,8. 过程化验设计 / ,lab_sample,"lab_sample=100*true_value_at_sample_point+N(0,sigma_sampling)+N(0,sigma_assay)",V5_0412,migrated,canonical_formula,no,1038,
F0055_1039,1039,8. 过程化验设计 / ,report_time,report_time=sample_time+report_delay,V5_0439,migrated,canonical_formula,no,1039,
F0055_1041,1041,8. 过程化验设计 / ,lab_var,lab_var=NaN,V5_0413,migrated,canonical_formula,no,1041,
F0059_1097,1097,9. 特征目录 / ,allowed_upstream_lab,allowed_upstream_lab = boundary lab + magnetic lab + tower-mill lab + lab_flo_feed_* with report_time <= prediction_time,,dropped,non_executable_or_block_header,no,,Dropped from formula CSV; prose/source record remains in V4.
F0059_1101,1101,9. 特征目录 / ,forbidden,forbidden = y_fx_xin* _x_* lab_flo_conc/tail/rough/clean/scav/final_* any current unreported lab,,dropped,non_executable_or_block_header,no,,Dropped from formula CSV; prose/source record remains in V4.
F0060_1111,1111,9. 特征目录 / ,y_fx_xin1,y_fx_xin1=0.67 表示 67%,V5_0499,migrated,canonical_formula,no,1111,
F0061_1121,1121,10. DCS 具体生成公式和代理防护 / ,x_phys,x_phys = f(allowed_parents),V5_0498,migrated,canonical_formula,no,1121,
F0061_1124,1124,10. DCS 具体生成公式和代理防护 / ,ifevent_fault,if event_fault=1: x_dcs(t)=fault_value,,dropped,non_executable_or_block_header,no,,Dropped from formula CSV; prose/source record remains in V4.
F0062_1130,1130,10. DCS 具体生成公式和代理防护 / ,agg_tm_motor_current,agg_tm_motor_current = meas(I_tm_phys),,merged,duplicate_same_formula,no,1420,
F0066_1185,1185,10. DCS 具体生成公式和代理防护 / 10.1 显著目标代理禁止规则,online_load_proxy,"online_load_proxy = standardized(tm_motor_current_lag, cyclone_pressure_lag, feed_flow_lag)",V5_0428,migrated,canonical_formula,no,1185,
F0066_1186,1186,10. DCS 具体生成公式和代理防护 / 10.1 显著目标代理禁止规则,online_froth_proxy,"online_froth_proxy = standardized(froth_h_lag, air_flow_lag, reagent_freq_lag)",V5_0427,migrated,canonical_formula,no,1186,
F0069_1207,1207,10. DCS 具体生成公式和代理防护 / 10.2 磁选 DCS 具体公式,magnetic_difficulty,"magnetic_difficulty = w_low_mag*clip(r_mag_ref-r_mag,0,1) + w_low_lib*(1-Liberation_fe) + w_coarse*(1-F200) + w_load*(Q_feed-Q_ref)/max(Q_ref,eps) + w_harmful*(r_carb+r_sil)",V5_0418,migrated,canonical_formula,yes,1207,
F0069_1214,1214,10. DCS 具体生成公式和代理防护 / 10.2 磁选 DCS 具体公式,I_exc_sp,"I_exc_sp = clip(I_nom+Kdiff_I*magnetic_difficulty-Kmag_I*(r_mag-r_mag_ref)+operator_trim_I+PRBS_mag_I,I_min,I_max)",V5_0061,migrated,canonical_formula,no,1214,
F0069_1215,1215,10. DCS 具体生成公式和代理防护 / 10.2 磁选 DCS 具体公式,I_exc,I_exc = I_exc_sp+(I_exc_prev-I_exc_sp)*exp(-dt/tau_exc_act),V5_0060,migrated,canonical_formula,yes,1215,
F0069_1217,1217,10. DCS 具体生成公式和代理防护 / 10.2 磁选 DCS 具体公式,R_coil,R_coil = R0_coil*(1+alpha_Cu*(T_coil-T_ref)),V5_0197,migrated,canonical_formula,no,1217,
F0069_1218,1218,10. DCS 具体生成公式和代理防护 / 10.2 磁选 DCS 具体公式,V_exc_phys,V_exc_phys = R_coil*I_exc,V5_0232,migrated,canonical_formula,no,1218,
F0069_1219,1219,10. DCS 具体生成公式和代理防护 / 10.2 磁选 DCS 具体公式,P_coil_loss,P_coil_loss = I_exc^2*R_coil,V5_0135,migrated,canonical_formula,no,1219,
F0069_1220,1220,10. DCS 具体生成公式和代理防护 / 10.2 磁选 DCS 具体公式,Q_cooling_water,"Q_cooling_water = k_pipe_cooling*sqrt(max(water_pressure,0))",V5_0158,migrated,canonical_formula,no,1220,
F0069_1221,1221,10. DCS 具体生成公式和代理防护 / 10.2 磁选 DCS 具体公式,T_coil_ss,T_coil_ss = T_amb + k_loss_coil*P_coil_loss - k_cool_coil*Q_cooling_water,V5_0211,migrated,canonical_formula,no,1221,
F0069_1222,1222,10. DCS 具体生成公式和代理防护 / 10.2 磁选 DCS 具体公式,T_coil,T_coil = T_coil_ss+(T_coil_prev-T_coil_ss)*exp(-dt/tau_coil),V5_0210,migrated,canonical_formula,no,1222,
F0069_1224,1224,10. DCS 具体生成公式和代理防护 / 10.2 磁选 DCS 具体公式,clog_buildup,"clog_buildup = c0 + c_clay*clay + c_f25*f25 + c_C*C + c_load*Q_feed/max(Q_ref,eps)",V5_0291,migrated,canonical_formula,no,1224,
F0069_1230,1230,10. DCS 具体生成公式和代理防护 / 10.2 磁选 DCS 具体公式,clog_wash,"clog_wash = c_flush_Q*Q_flush_prev/max(Q_flush_ref,eps) + c_pul_clog*f_pul_prev/max(f_pul_ref,eps)",V5_0292,migrated,canonical_formula,yes,1230,
F0069_1233,1233,10. DCS 具体生成公式和代理防护 / 10.2 磁选 DCS 具体公式,matrix_clog,"matrix_clog = clip(matrix_clog_prev+dt*(clog_buildup-clog_wash),0,1)",V5_0419,migrated,canonical_formula,no,1233,
F0069_1234,1234,10. DCS 具体生成公式和代理防护 / 10.2 磁选 DCS 具体公式,f_pul_sp,"f_pul_sp = clip(f_pul_nom+Kcoarse_pul*(1-F325)+Kclay_pul*clay+Kslime_pul*f25+Kload_pul*(Q_feed-Q_ref)/max(Q_ref,eps),f_pul_min,f_pul_max)",V5_0346,migrated,canonical_formula,yes,1234,
F0069_1235,1235,10. DCS 具体生成公式和代理防护 / 10.2 磁选 DCS 具体公式,f_ring_sp,"f_ring_sp = clip(f_ring_nom+Kclog_ring*matrix_clog+Kcoarse_ring*(1-F200),f_ring_min,f_ring_max)",V5_0350,migrated,canonical_formula,yes,1235,
F0069_1236,1236,10. DCS 具体生成公式和代理防护 / 10.2 磁选 DCS 具体公式,f_pul,f_pul = f_pul_sp+(f_pul_prev-f_pul_sp)*exp(-dt/tau_pul_act),V5_0345,migrated,canonical_formula,yes,1236,
F0069_1237,1237,10. DCS 具体生成公式和代理防护 / 10.2 磁选 DCS 具体公式,f_ring,f_ring = f_ring_sp+(f_ring_prev-f_ring_sp)*exp(-dt/tau_ring_act),V5_0349,migrated,canonical_formula,yes,1237,
F0069_1239,1239,10. DCS 具体生成公式和代理防护 / 10.2 磁选 DCS 具体公式,M_conc_solid,M_conc_solid = sum_j(conc_j),V5_0101,migrated,canonical_formula,no,1239,
F0069_1240,1240,10. DCS 具体生成公式和代理防护 / 10.2 磁选 DCS 具体公式,Q_conc_water,"Q_conc_water = Q_feed_water*clip(k_w0+k_w_clog*matrix_clog,0.05,0.3)",V5_0157,migrated,canonical_formula,no,1240,
F0069_1241,1241,10. DCS 具体生成公式和代理防护 / 10.2 磁选 DCS 具体公式,Q_conc,Q_conc = M_conc_solid/rho_solid_mix+Q_conc_water,V5_0156,migrated,canonical_formula,no,1241,
F0069_1242,1242,10. DCS 具体生成公式和代理防护 / 10.2 磁选 DCS 具体公式,dL_mag/dt,dL_mag/dt = (Q_feed-Q_tail-Q_conc)/A_mag,V5_0299,migrated,canonical_formula,no,1242,
F0069_1243,1243,10. DCS 具体生成公式和代理防护 / 10.2 磁选 DCS 具体公式,u_tail_total_sp,"u_tail_total_sp = clip(u_tail_nom+K_L_tail*(L_mag-L_mag_sp),0,1)",V5_0495,migrated,canonical_formula,no,1243,
F0069_1244,1244,10. DCS 具体生成公式和代理防护 / 10.2 磁选 DCS 具体公式,split_tail_1,"split_tail_1 = clip(split_tail_1_nom+K_asym_tail*(matrix_clog-matrix_clog_ref)+operator_trim_tail_split,0.25,0.75)",V5_0458,migrated,canonical_formula,no,1244,
F0069_1245,1245,10. DCS 具体生成公式和代理防护 / 10.2 磁选 DCS 具体公式,u_tail_1_sp,"u_tail_1_sp = clip(u_tail_total_sp*split_tail_1/split_tail_1_nom,0,1)",V5_0492,migrated,canonical_formula,no,1245,
F0069_1246,1246,10. DCS 具体生成公式和代理防护 / 10.2 磁选 DCS 具体公式,u_tail_2_sp,"u_tail_2_sp = clip(u_tail_total_sp*(1-split_tail_1)/(1-split_tail_1_nom),0,1)",V5_0494,migrated,canonical_formula,no,1246,
F0069_1247,1247,10. DCS 具体生成公式和代理防护 / 10.2 磁选 DCS 具体公式,u_tail,u_tail = u_tail_1_sp+(u_tail_prev-u_tail_1_sp)*exp(-dt/tau_tail_valve),V5_0491,migrated,canonical_formula,no,1247,
F0069_1248,1248,10. DCS 具体生成公式和代理防护 / 10.2 磁选 DCS 具体公式,u_tail_2,u_tail_2 = u_tail_2_sp+(u_tail_2_prev-u_tail_2_sp)*exp(-dt/tau_tail_valve),V5_0493,migrated,canonical_formula,no,1248,
F0069_1249,1249,10. DCS 具体生成公式和代理防护 / 10.2 磁选 DCS 具体公式,specific_gravity,"specific_gravity = rho_slurry/max(rho_water,eps)",V5_0454,migrated,canonical_formula,no,1249,
F0069_1250,1250,10. DCS 具体生成公式和代理防护 / 10.2 磁选 DCS 具体公式,Q_tail_1,"Q_tail_1 = Cv_tail1*u_tail*sqrt(max(L_mag,0)/max(specific_gravity,eps))",V5_0192,migrated,canonical_formula,no,1250,
F0069_1251,1251,10. DCS 具体生成公式和代理防护 / 10.2 磁选 DCS 具体公式,Q_tail_2,"Q_tail_2 = Cv_tail2*u_tail_2*sqrt(max(L_mag,0)/max(specific_gravity,eps))",V5_0193,migrated,canonical_formula,no,1251,
F0069_1252,1252,10. DCS 具体生成公式和代理防护 / 10.2 磁选 DCS 具体公式,Q_tail,Q_tail = Q_tail_1+Q_tail_2,V5_0191,migrated,canonical_formula,no,1252,
F0069_1254,1254,10. DCS 具体生成公式和代理防护 / 10.2 磁选 DCS 具体公式,u_blowdown_phys,"u_blowdown_phys = clip(u_bd_nom+Kclog_bd*matrix_clog+Ktimer_bd*event_bd_timer,0,1)",V5_0474,migrated,canonical_formula,no,1254,
F0069_1255,1255,10. DCS 具体生成公式和代理防护 / 10.2 磁选 DCS 具体公式,N_flush_open,"N_flush_open = clip(round(N_flush_base+Kclog_flush_N*matrix_clog+Kload_flush_N*Q_feed/max(Q_ref,eps)),N_flush_min,N_flush_max)",V5_0123,migrated,canonical_formula,no,1255,
F0069_1256,1256,10. DCS 具体生成公式和代理防护 / 10.2 磁选 DCS 具体公式,u_flush_sp,"u_flush_sp = clip( u_flush_nom + Kclog_flush_u*matrix_clog + Kload_flush_u*(Q_feed-Q_ref)/max(Q_ref,eps), 0,1)",V5_0479,migrated,canonical_formula,no,1256,
F0069_1261,1261,10. DCS 具体生成公式和代理防护 / 10.2 磁选 DCS 具体公式,u_flush,u_flush = u_flush_sp+(u_flush_prev-u_flush_sp)*exp(-dt/tau_flush_valve),V5_0478,migrated,canonical_formula,no,1261,
F0069_1262,1262,10. DCS 具体生成公式和代理防护 / 10.2 磁选 DCS 具体公式,Q_flush,"Q_flush = Cv_flush*u_flush*sqrt(max(water_pressure,0))*N_flush_open",V5_0162,migrated,canonical_formula,no,1262,
F0069_1263,1263,10. DCS 具体生成公式和代理防护 / 10.2 磁选 DCS 具体公式,P_flush_phys,"P_flush_phys = max(water_pressure-k_flush_Q*Q_flush-k_flush_open*N_flush_open,0)",V5_0139,migrated,canonical_formula,no,1263,
F0069_1264,1264,10. DCS 具体生成公式和代理防护 / 10.2 磁选 DCS 具体公式,I_ring_motor_phys,"I_ring_motor_phys = I0_ring+kf_ring*f_ring+krho_ring*rho_slurry+kclog_ring_I*matrix_clog+kQ_ring*Q_feed/max(Q_ref,eps)",V5_0067,migrated,canonical_formula,no,1264,
F0069_1265,1265,10. DCS 具体生成公式和代理防护 / 10.2 磁选 DCS 具体公式,V_ring_motor_phys,V_ring_motor_phys = grid_voltage-k_drop_ring*I_ring_motor_phys,V5_0235,migrated,canonical_formula,no,1265,
F0070_1271,1271,10. DCS 具体生成公式和代理防护 / 10.2 磁选 DCS 具体公式,agg_mag_excit_current,agg_mag_excit_current = meas(I_exc),V5_0252,migrated,canonical_formula,no,1271,
F0070_1272,1272,10. DCS 具体生成公式和代理防护 / 10.2 磁选 DCS 具体公式,agg_mag_excit_voltage,agg_mag_excit_voltage = meas(V_exc_phys),V5_0253,migrated,canonical_formula,no,1272,
F0070_1273,1273,10. DCS 具体生成公式和代理防护 / 10.2 磁选 DCS 具体公式,agg_mag_coil_temp,agg_mag_coil_temp = meas(T_coil),V5_0251,migrated,canonical_formula,no,1273,
F0070_1274,1274,10. DCS 具体生成公式和代理防护 / 10.2 磁选 DCS 具体公式,agg_mag_pulsation_freq,agg_mag_pulsation_freq = meas(f_pul),V5_0258,migrated,canonical_formula,no,1274,
F0070_1275,1275,10. DCS 具体生成公式和代理防护 / 10.2 磁选 DCS 具体公式,agg_mag_ring_freq,agg_mag_ring_freq = meas(f_ring),V5_0259,migrated,canonical_formula,no,1275,
F0070_1276,1276,10. DCS 具体生成公式和代理防护 / 10.2 磁选 DCS 具体公式,agg_mag_level,agg_mag_level = meas(L_mag),V5_0255,migrated,canonical_formula,no,1276,
F0070_1277,1277,10. DCS 具体生成公式和代理防护 / 10.2 磁选 DCS 具体公式,agg_mag_tailings_valve1,agg_mag_tailings_valve1 = meas(u_tail),V5_0260,migrated,canonical_formula,no,1277,
F0070_1278,1278,10. DCS 具体生成公式和代理防护 / 10.2 磁选 DCS 具体公式,agg_mag_tailings_valve2,agg_mag_tailings_valve2 = meas(u_tail_2),V5_0261,migrated,canonical_formula,no,1278,
F0070_1279,1279,10. DCS 具体生成公式和代理防护 / 10.2 磁选 DCS 具体公式,agg_mag_blowdown_valve,agg_mag_blowdown_valve = meas(u_blowdown_phys),V5_0250,migrated,canonical_formula,no,1279,
F0070_1280,1280,10. DCS 具体生成公式和代理防护 / 10.2 磁选 DCS 具体公式,agg_mag_flush_water_pressure,agg_mag_flush_water_pressure = meas(P_flush_phys),V5_0254,migrated,canonical_formula,no,1280,
F0070_1281,1281,10. DCS 具体生成公式和代理防护 / 10.2 磁选 DCS 具体公式,agg_mag_motor_current_rc,agg_mag_motor_current_rc = meas(I_ring_motor_phys),V5_0256,migrated,canonical_formula,no,1281,
F0070_1282,1282,10. DCS 具体生成公式和代理防护 / 10.2 磁选 DCS 具体公式,agg_mag_motor_voltage_rc,agg_mag_motor_voltage_rc = meas(V_ring_motor_phys),V5_0257,migrated,canonical_formula,no,1282,
F0071_1290,1290,10. DCS 具体生成公式和代理防护 / 10.3 塔磨 DCS 具体公式,tau_cyc_pool,"tau_cyc_pool = max(L_pool*A_pool/max(Q_pump_prev,eps),min_tau_cyc_pool)",V5_0470,migrated,canonical_formula,yes,1290,
F0071_1291,1291,10. DCS 具体生成公式和代理防护 / 10.3 塔磨 DCS 具体公式,C_feed_in,"C_feed_in = (M_mag_conc_solid+M_tm_discharge_solid_prev)/max(M_mag_conc_wet+M_tm_discharge_wet_prev+M_water_add,eps)",V5_0003,migrated,canonical_formula,no,1291,
F0071_1292,1292,10. DCS 具体生成公式和代理防护 / 10.3 塔磨 DCS 具体公式,F325_feed_in,"F325_feed_in = (M_mag_conc_solid*F325_mag_conc+M_tm_discharge_solid_prev*F325_discharge_prev)/max(M_mag_conc_solid+M_tm_discharge_solid_prev,eps)",V5_0042,migrated,canonical_formula,no,1292,
F0071_1293,1293,10. DCS 具体生成公式和代理防护 / 10.3 塔磨 DCS 具体公式,Liberation_fe_feed_in,"Liberation_fe_feed_in = (M_mag_conc_solid*Liberation_fe_mag_conc+M_tm_discharge_solid_prev*Liberation_fe_discharge_prev)/max(M_mag_conc_solid+M_tm_discharge_solid_prev,eps)",V5_0077,migrated,canonical_formula,no,1293,
F0071_1294,1294,10. DCS 具体生成公式和代理防护 / 10.3 塔磨 DCS 具体公式,Liberation_gangue_feed_in,"Liberation_gangue_feed_in = (M_mag_conc_solid*Liberation_gangue_mag_conc+M_tm_discharge_solid_prev*Liberation_gangue_discharge_prev)/max(M_mag_conc_solid+M_tm_discharge_solid_prev,eps)",V5_0085,migrated,canonical_formula,no,1294,
F0071_1295,1295,10. DCS 具体生成公式和代理防护 / 10.3 塔磨 DCS 具体公式,WI_feed_in,"WI_feed_in = (M_mag_conc_solid*WI_mag_conc+M_tm_discharge_solid_prev*WI_discharge_prev)/max(M_mag_conc_solid+M_tm_discharge_solid_prev,eps)",V5_0239,migrated,canonical_formula,no,1295,
F0071_1296,1296,10. DCS 具体生成公式和代理防护 / 10.3 塔磨 DCS 具体公式,T_slurry_feed_in,"T_slurry_feed_in = (M_wet_mag_conc*Cp_slurry_mag*T_slurry_mag_conc + M_wet_tm_discharge*Cp_slurry_tm*T_slurry_discharge_prev) / max(M_wet_mag_conc*Cp_slurry_mag+M_wet_tm_discharge*Cp_slurry_tm,eps)",V5_0218,migrated,canonical_formula,no,1296,
F0071_1301,1301,10. DCS 具体生成公式和代理防护 / 10.3 塔磨 DCS 具体公式,C_feed,"C_feed = C_feed_prev+(dt/max(tau_cyc_pool,eps))*(C_feed_in-C_feed_prev)",V5_0002,migrated,canonical_formula,no,1301,
F0071_1302,1302,10. DCS 具体生成公式和代理防护 / 10.3 塔磨 DCS 具体公式,F325_feed,"F325_feed = F325_feed_prev+(dt/max(tau_cyc_pool,eps))*(F325_feed_in-F325_feed_prev)",V5_0041,migrated,canonical_formula,no,1302,
F0071_1303,1303,10. DCS 具体生成公式和代理防护 / 10.3 塔磨 DCS 具体公式,Liberation_fe_feed,"Liberation_fe_feed = Liberation_fe_feed_prev+(dt/max(tau_cyc_pool,eps))*(Liberation_fe_feed_in-Liberation_fe_feed_prev)",V5_0076,migrated,canonical_formula,no,1303,
F0071_1304,1304,10. DCS 具体生成公式和代理防护 / 10.3 塔磨 DCS 具体公式,Liberation_gangue_feed,"Liberation_gangue_feed = Liberation_gangue_feed_prev+(dt/max(tau_cyc_pool,eps))*(Liberation_gangue_feed_in-Liberation_gangue_feed_prev)",V5_0084,migrated,canonical_formula,no,1304,
F0071_1305,1305,10. DCS 具体生成公式和代理防护 / 10.3 塔磨 DCS 具体公式,WI_feed,"WI_feed = WI_feed_prev+(dt/max(tau_cyc_pool,eps))*(WI_feed_in-WI_feed_prev)",V5_0238,migrated,canonical_formula,no,1305,
F0071_1306,1306,10. DCS 具体生成公式和代理防护 / 10.3 塔磨 DCS 具体公式,T_slurry_feed,"T_slurry_feed = T_slurry_feed_prev+(dt/max(tau_cyc_pool,eps))*(T_slurry_feed_in-T_slurry_feed_prev)",V5_0217,migrated,canonical_formula,no,1306,
F0071_1308,1308,10. DCS 具体生成公式和代理防护 / 10.3 塔磨 DCS 具体公式,rho_feed,"rho_feed = rho_slurry(C_feed,rho_solid_mix)",V5_0440,migrated,canonical_formula,no,1308,
F0071_1309,1309,10. DCS 具体生成公式和代理防护 / 10.3 塔磨 DCS 具体公式,mu_feed,"mu_feed = mu_slurry(C_feed,clay,f25,r_sil,T_slurry_feed)",V5_0421,migrated,canonical_formula,no,1309,
F0071_1311,1311,10. DCS 具体生成公式和代理防护 / 10.3 塔磨 DCS 具体公式,dL_pool/dt,dL_pool/dt = (Q_in+Q_return_sand+Q_water-Q_pump)/A_pool,V5_0301,migrated,canonical_formula,yes,1311,
F0071_1312,1312,10. DCS 具体生成公式和代理防护 / 10.3 塔磨 DCS 具体公式,P_cyc_lag,"P_cyc_lag = delay(P_cyc,L_pump_pressure)",V5_0137,migrated,canonical_formula,no,1312,
F0071_1313,1313,10. DCS 具体生成公式和代理防护 / 10.3 塔磨 DCS 具体公式,f_pump_sp,"f_pump_sp = clip(f0+K_L*(L_pool-L_sp)+K_P*(P_sp-P_cyc_lag)+K_Qff*Q_in,f_min,f_max)",V5_0348,migrated,canonical_formula,yes,1313,
F0071_1314,1314,10. DCS 具体生成公式和代理防护 / 10.3 塔磨 DCS 具体公式,f_pump,f_pump = f_pump_sp+(f_pump_prev-f_pump_sp)*exp(-dt/tau_pump_act),V5_0347,migrated,canonical_formula,yes,1314,
F0071_1315,1315,10. DCS 具体生成公式和代理防护 / 10.3 塔磨 DCS 具体公式,Q_pump,"Q_pump = k_pump*f_pump*(1-exp(-max(L_pool,0)/max(L_min_safe,eps)))*health_pump",V5_0188,migrated,canonical_formula,no,1315,
F0071_1316,1316,10. DCS 具体生成公式和代理防护 / 10.3 塔磨 DCS 具体公式,P_cyc,"P_cyc = clip(kP*rho_feed*(Q_pump/max(N_cyc_on,1))^2,P_min,P_max)",V5_0136,migrated,canonical_formula,yes,1316,
F0071_1317,1317,10. DCS 具体生成公式和代理防护 / 10.3 塔磨 DCS 具体公式,I_pump_phys,I_pump_phys = I0_pump+kf_pump*f_pump^2+kQ_pump*Q_pump+krho_pump*rho_feed+kmu_pump*mu_feed+kP_pump*P_cyc,V5_0066,migrated,canonical_formula,no,1317,
F0071_1319,1319,10. DCS 具体生成公式和代理防护 / 10.3 塔磨 DCS 具体公式,u_water_sp,"u_water_sp = clip(u_water_nom+K_C_water*(C_sp-C_feed)+K_L_water*(L_sp-L_pool),0,1)",V5_0497,migrated,canonical_formula,no,1319,
F0071_1320,1320,10. DCS 具体生成公式和代理防护 / 10.3 塔磨 DCS 具体公式,u_water,u_water = u_water_sp+(u_water_prev-u_water_sp)*exp(-dt/tau_water_valve),V5_0496,migrated,canonical_formula,no,1320,
F0071_1321,1321,10. DCS 具体生成公式和代理防护 / 10.3 塔磨 DCS 具体公式,Q_water_phys,"Q_water_phys = Cv_water*u_water*sqrt(max(water_pressure,0))",V5_0195,migrated,canonical_formula,no,1321,
F0071_1323,1323,10. DCS 具体生成公式和代理防护 / 10.3 塔磨 DCS 具体公式,circulating_load_lag,"circulating_load_lag = delay(circulating_load,L_sand_control)",V5_0290,migrated,canonical_formula,no,1323,
F0071_1324,1324,10. DCS 具体生成公式和代理防护 / 10.3 塔磨 DCS 具体公式,u_sand_sp,"u_sand_sp = clip(u_sand_nom+K_C_sand*(C_sand-C_sand_sp)+K_CL_sand*(circulating_load_lag-CL_ref)+PRBS_sand,0,1)",V5_0487,migrated,canonical_formula,no,1324,
F0071_1325,1325,10. DCS 具体生成公式和代理防护 / 10.3 塔磨 DCS 具体公式,u_sand,u_sand = u_sand_sp+(u_sand_prev-u_sand_sp)*exp(-dt/tau_sand_valve),V5_0486,migrated,canonical_formula,no,1325,
F0071_1326,1326,10. DCS 具体生成公式和代理防护 / 10.3 塔磨 DCS 具体公式,Q_sand_water_phys,"Q_sand_water_phys = Cv_sand*u_sand*sqrt(max(water_pressure,0))",V5_0190,migrated,canonical_formula,no,1326,
F0071_1328,1328,10. DCS 具体生成公式和代理防护 / 10.3 塔磨 DCS 具体公式,d50,"d50 = d50_ref*(P_ref/max(P_cyc,eps))^aP*(C_feed/C_ref)^aC*(mu_feed/mu_ref)^amu",V5_0295,migrated,canonical_formula,yes,1328,
F0071_1329,1329,10. DCS 具体生成公式和代理防护 / 10.3 塔磨 DCS 具体公式,alpha_ov,"alpha_ov = clip( sigmoid(kF*(F325_feed-F325_ref)+kP*(P_cyc-P_ref)-kC*(C_feed-C_ref)-kmu*(mu_feed-mu_ref)), 0,1)",V5_0277,migrated,canonical_formula,yes,1329,
F0071_1333,1333,10. DCS 具体生成公式和代理防护 / 10.3 塔磨 DCS 具体公式,M_tm_overflow_solid,M_tm_overflow_solid = feed_solid*alpha_ov,V5_0113,migrated,canonical_formula,no,1333,
F0071_1334,1334,10. DCS 具体生成公式和代理防护 / 10.3 塔磨 DCS 具体公式,M_tm_sand_solid,M_tm_sand_solid = feed_solid-M_tm_overflow_solid,V5_0115,migrated,canonical_formula,no,1334,
F0071_1335,1335,10. DCS 具体生成公式和代理防护 / 10.3 塔磨 DCS 具体公式,M_sand,M_sand = M_tm_sand_solid,V5_0107,migrated,canonical_formula,no,1335,
F0071_1336,1336,10. DCS 具体生成公式和代理防护 / 10.3 塔磨 DCS 具体公式,alpha_ov_water,"alpha_ov_water = clip(alpha_ov*k_water_split,0,1)",V5_0278,migrated,canonical_formula,no,1336,
F0071_1337,1337,10. DCS 具体生成公式和代理防护 / 10.3 塔磨 DCS 具体公式,M_tm_overflow_water,M_tm_overflow_water = feed_water*alpha_ov_water,V5_0114,migrated,canonical_formula,no,1337,
F0071_1338,1338,10. DCS 具体生成公式和代理防护 / 10.3 塔磨 DCS 具体公式,M_tm_sand_water,M_tm_sand_water = feed_water-M_tm_overflow_water,V5_0116,migrated,canonical_formula,no,1338,
F0071_1339,1339,10. DCS 具体生成公式和代理防护 / 10.3 塔磨 DCS 具体公式,Q_overflow,Q_overflow = M_tm_overflow_solid/rho_solid_mix + M_tm_overflow_water/rho_water,V5_0187,migrated,canonical_formula,yes,1339,
F0071_1340,1340,10. DCS 具体生成公式和代理防护 / 10.3 塔磨 DCS 具体公式,rho_overflow,"rho_overflow = (M_tm_overflow_solid+M_tm_overflow_water)/max(Q_overflow,eps)",V5_0441,migrated,canonical_formula,yes,1340,
F0071_1341,1341,10. DCS 具体生成公式和代理防护 / 10.3 塔磨 DCS 具体公式,Q_tm_overflow,Q_tm_overflow = Q_overflow,V5_0194,migrated,canonical_formula,no,1341,
F0071_1342,1342,10. DCS 具体生成公式和代理防护 / 10.3 塔磨 DCS 具体公式,rho_tm_overflow,rho_tm_overflow = rho_overflow,V5_0446,migrated,canonical_formula,no,1342,
F0071_1343,1343,10. DCS 具体生成公式和代理防护 / 10.3 塔磨 DCS 具体公式,M_overflow,M_overflow = M_tm_overflow_solid,V5_0104,migrated,canonical_formula,no,1343,
F0071_1345,1345,10. DCS 具体生成公式和代理防护 / 10.3 塔磨 DCS 具体公式,F325_overflow,"F325_overflow = clip(F325_feed*k_fine_enrich/max(alpha_ov,eps),F325_feed,1.0)",V5_0045,migrated,canonical_formula,no,1345,
F0071_1346,1346,10. DCS 具体生成公式和代理防护 / 10.3 塔磨 DCS 具体公式,Liberation_fe_overflow,"Liberation_fe_overflow = clip(Liberation_fe_feed*k_lib_fe_enrich,Liberation_fe_feed,1.0)",V5_0080,migrated,canonical_formula,no,1346,
F0071_1347,1347,10. DCS 具体生成公式和代理防护 / 10.3 塔磨 DCS 具体公式,Liberation_gangue_overflow,"Liberation_gangue_overflow = clip(Liberation_gangue_feed*k_lib_g_enrich,Liberation_gangue_feed,1.0)",V5_0088,migrated,canonical_formula,no,1347,
F0071_1348,1348,10. DCS 具体生成公式和代理防护 / 10.3 塔磨 DCS 具体公式,F325_sand,"F325_sand = clip((F325_feed-F325_overflow*alpha_ov)/max(1-alpha_ov,eps),0,F325_feed)",V5_0046,migrated,canonical_formula,no,1348,
F0071_1349,1349,10. DCS 具体生成公式和代理防护 / 10.3 塔磨 DCS 具体公式,Liberation_fe_sand,"Liberation_fe_sand = clip((Liberation_fe_feed-Liberation_fe_overflow*alpha_ov)/max(1-alpha_ov,eps),0,Liberation_fe_feed)",V5_0081,migrated,canonical_formula,no,1349,
F0071_1350,1350,10. DCS 具体生成公式和代理防护 / 10.3 塔磨 DCS 具体公式,Liberation_gangue_sand,"Liberation_gangue_sand = clip((Liberation_gangue_feed-Liberation_gangue_overflow*alpha_ov)/max(1-alpha_ov,eps),0,Liberation_gangue_feed)",V5_0089,migrated,canonical_formula,no,1350,
F0071_1351,1351,10. DCS 具体生成公式和代理防护 / 10.3 塔磨 DCS 具体公式,T_slurry_overflow,"T_slurry_overflow = T_slurry_feed-k_cool_cyc*max(T_slurry_feed-T_amb,0)",V5_0221,migrated,canonical_formula,no,1351,
F0071_1352,1352,10. DCS 具体生成公式和代理防护 / 10.3 塔磨 DCS 具体公式,T_tm_overflow,T_tm_overflow = T_slurry_overflow,V5_0229,migrated,canonical_formula,no,1352,
F0071_1353,1353,10. DCS 具体生成公式和代理防护 / 10.3 塔磨 DCS 具体公式,T_slurry_sand,"T_slurry_sand = T_slurry_feed-k_cool_sand*max(T_slurry_feed-T_amb,0)",V5_0222,migrated,canonical_formula,no,1353,
F0071_1354,1354,10. DCS 具体生成公式和代理防护 / 10.3 塔磨 DCS 具体公式,WI_sand,WI_sand = WI_feed,V5_0241,migrated,canonical_formula,no,1354,
F0071_1356,1356,10. DCS 具体生成公式和代理防护 / 10.3 塔磨 DCS 具体公式,inst_circ_load,"inst_circ_load = M_sand/max(M_overflow,eps)",V5_0401,migrated,canonical_formula,no,1356,
F0071_1357,1357,10. DCS 具体生成公式和代理防护 / 10.3 塔磨 DCS 具体公式,circulating_load,"circulating_load = clip(inst_circ_load,0.0,5.0)",V5_0289,migrated,canonical_formula,no,1357,
F0071_1358,1358,10. DCS 具体生成公式和代理防护 / 10.3 塔磨 DCS 具体公式,M_mill_water_in,M_mill_water_in = M_tm_sand_water+Q_sand_water_phys*rho_water,V5_0103,migrated,canonical_formula,yes,1358,
F0071_1359,1359,10. DCS 具体生成公式和代理防护 / 10.3 塔磨 DCS 具体公式,C_mill,"C_mill = M_sand/max(M_sand+M_mill_water_in,eps)",V5_0005,migrated,canonical_formula,no,1359,
F0071_1360,1360,10. DCS 具体生成公式和代理防护 / 10.3 塔磨 DCS 具体公式,WI_mill,WI_mill = WI_sand,V5_0240,migrated,canonical_formula,no,1360,
F0071_1363,1363,10. DCS 具体生成公式和代理防护 / 10.3 塔磨 DCS 具体公式,grind_difficulty,grind_difficulty = kWI*(WI_mill-WI_ref) + kcoarse*(1-F325_sand) + kC*(C_mill-C_opt)^2 + kmu*(mu_feed-mu_ref) + kCL*(circulating_load-CL_ref),V5_0392,migrated,canonical_formula,yes,1363,
F0071_1369,1369,10. DCS 具体生成公式和代理防护 / 10.3 塔磨 DCS 具体公式,P_mech_ss,P_mech_ss = P_idle+P_media+kM*M_sand*(1+grind_difficulty),V5_0144,migrated,canonical_formula,no,1369,
F0071_1370,1370,10. DCS 具体生成公式和代理防护 / 10.3 塔磨 DCS 具体公式,P_mech,P_mech = P_mech_ss+(P_mech_prev-P_mech_ss)*exp(-dt/tau_P),V5_0143,migrated,canonical_formula,yes,1370,
F0071_1371,1371,10. DCS 具体生成公式和代理防护 / 10.3 塔磨 DCS 具体公式,I_tm_phys,I_tm_phys = P_mech/(sqrt(3)*V_motor*pf*eta),V5_0069,migrated,canonical_formula,no,1371,
F0071_1373,1373,10. DCS 具体生成公式和代理防护 / 10.3 塔磨 DCS 具体公式,E_spec,"E_spec = P_mech/max(M_sand,eps)",V5_0035,migrated,canonical_formula,no,1373,
F0071_1374,1374,10. DCS 具体生成公式和代理防护 / 10.3 塔磨 DCS 具体公式,F325_discharge_inst,"F325_discharge_inst = clip(F325_sand+kE*log1p(E_spec/max(WI_mill,eps))-k_over*f25,0,1)",V5_0040,migrated,canonical_formula,no,1374,
F0071_1375,1375,10. DCS 具体生成公式和代理防护 / 10.3 塔磨 DCS 具体公式,Liberation_fe_discharge_inst,"Liberation_fe_discharge_inst = clip(Liberation_fe_sand+k_lib_fe*(E_spec/max(WI_mill,eps))*liberation_potential*(1-Liberation_fe_sand),0,1)",V5_0075,migrated,canonical_formula,no,1375,
F0071_1376,1376,10. DCS 具体生成公式和代理防护 / 10.3 塔磨 DCS 具体公式,Liberation_gangue_discharge_inst,"Liberation_gangue_discharge_inst = clip(Liberation_gangue_sand+k_lib_g*(E_spec/max(WI_mill,eps))*liberation_potential*(1-Liberation_gangue_sand),0,1)",V5_0083,migrated,canonical_formula,no,1376,
F0071_1377,1377,10. DCS 具体生成公式和代理防护 / 10.3 塔磨 DCS 具体公式,delta_T_mill,"delta_T_mill = P_mech*k_heat_conv/max(Q_pump*rho_feed*Cp_slurry,eps)",V5_0311,migrated,canonical_formula,yes,1377,
F0071_1378,1378,10. DCS 具体生成公式和代理防护 / 10.3 塔磨 DCS 具体公式,T_slurry_discharge_inst,"T_slurry_discharge_inst = T_slurry_sand+delta_T_mill-k_cool_pipe*max(T_slurry_sand-T_amb,0)",V5_0216,migrated,canonical_formula,no,1378,
F0071_1379,1379,10. DCS 具体生成公式和代理防护 / 10.3 塔磨 DCS 具体公式,F325_discharge,"F325_discharge = F325_discharge_prev+(dt/max(tau_mill_residence,eps))*(F325_discharge_inst-F325_discharge_prev)",V5_0039,migrated,canonical_formula,no,1379,
F0071_1380,1380,10. DCS 具体生成公式和代理防护 / 10.3 塔磨 DCS 具体公式,Liberation_fe_discharge,"Liberation_fe_discharge = Liberation_fe_discharge_prev+(dt/max(tau_mill_residence,eps))*(Liberation_fe_discharge_inst-Liberation_fe_discharge_prev)",V5_0074,migrated,canonical_formula,no,1380,
F0071_1381,1381,10. DCS 具体生成公式和代理防护 / 10.3 塔磨 DCS 具体公式,Liberation_gangue_discharge,"Liberation_gangue_discharge = Liberation_gangue_discharge_prev+(dt/max(tau_mill_residence,eps))*(Liberation_gangue_discharge_inst-Liberation_gangue_discharge_prev)",V5_0082,migrated,canonical_formula,no,1381,
F0071_1382,1382,10. DCS 具体生成公式和代理防护 / 10.3 塔磨 DCS 具体公式,T_slurry_discharge,"T_slurry_discharge = T_slurry_discharge_prev+(dt/max(tau_mill_residence,eps))*(T_slurry_discharge_inst-T_slurry_discharge_prev)",V5_0215,migrated,canonical_formula,no,1382,
F0071_1383,1383,10. DCS 具体生成公式和代理防护 / 10.3 塔磨 DCS 具体公式,WI_discharge,WI_discharge = WI_mill,V5_0237,migrated,canonical_formula,no,1383,
F0071_1385,1385,10. DCS 具体生成公式和代理防护 / 10.3 塔磨 DCS 具体公式,f_oil_pump_sp,"f_oil_pump_sp = clip(f_oil_nom+K_oil_T*max(T_oil-T_oil_sp,0)+K_oil_P*(P_mech-P_ref)/max(P_ref,eps),f_oil_min,f_oil_max)",V5_0341,migrated,canonical_formula,no,1385,
F0071_1386,1386,10. DCS 具体生成公式和代理防护 / 10.3 塔磨 DCS 具体公式,f_oil_pump,f_oil_pump = f_oil_pump_sp+(f_oil_pump_prev-f_oil_pump_sp)*exp(-dt/tau_oil_pump),V5_0340,migrated,canonical_formula,no,1386,
F0071_1387,1387,10. DCS 具体生成公式和代理防护 / 10.3 塔磨 DCS 具体公式,oil_flow,oil_flow = k_oil_pump*f_oil_pump*health_oil_pump,V5_0426,migrated,canonical_formula,no,1387,
F0071_1388,1388,10. DCS 具体生成公式和代理防护 / 10.3 塔磨 DCS 具体公式,u_oil_cooler_sp,"u_oil_cooler_sp = clip(u_oil_cooler_nom+K_cool_T*(T_oil-T_oil_sp),0,1)",V5_0485,migrated,canonical_formula,no,1388,
F0071_1389,1389,10. DCS 具体生成公式和代理防护 / 10.3 塔磨 DCS 具体公式,u_oil_cooler,u_oil_cooler = u_oil_cooler_sp+(u_oil_cooler_prev-u_oil_cooler_sp)*exp(-dt/tau_oil_cooler),V5_0484,migrated,canonical_formula,no,1389,
F0071_1390,1390,10. DCS 具体生成公式和代理防护 / 10.3 塔磨 DCS 具体公式,oil_cooling_flow,"oil_cooling_flow = k_oil_cooler*u_oil_cooler*sqrt(max(cooling_water_pressure,0))",V5_0425,migrated,canonical_formula,no,1390,
F0071_1391,1391,10. DCS 具体生成公式和代理防护 / 10.3 塔磨 DCS 具体公式,T_oil_ss,T_oil_ss = T_amb+kP_oil*P_mech-kcool_oil*oil_cooling_flow,V5_0214,migrated,canonical_formula,no,1391,
F0071_1392,1392,10. DCS 具体生成公式和代理防护 / 10.3 塔磨 DCS 具体公式,T_oil,T_oil = T_oil_ss+(T_oil_prev-T_oil_ss)*exp(-dt/tau_oil),V5_0212,migrated,canonical_formula,no,1392,
F0071_1393,1393,10. DCS 具体生成公式和代理防护 / 10.3 塔磨 DCS 具体公式,T_oil_out,T_oil_out = T_oil-k_oil_delta*oil_flow+k_oil_heat*P_mech,V5_0213,migrated,canonical_formula,no,1393,
F0071_1394,1394,10. DCS 具体生成公式和代理防护 / 10.3 塔磨 DCS 具体公式,T_bearing1,T_bearing1 = T_amb+kbrg1*P_mech+kb_mu1*mu_feed+event_bearing1_fault*delta_fault,V5_0208,migrated,canonical_formula,no,1394,
F0071_1395,1395,10. DCS 具体生成公式和代理防护 / 10.3 塔磨 DCS 具体公式,T_bearing2,T_bearing2 = T_amb+kbrg2*P_mech+kb_mu2*mu_feed+event_bearing2_fault*delta_fault,V5_0209,migrated,canonical_formula,no,1395,
F0071_1396,1396,10. DCS 具体生成公式和代理防护 / 10.3 塔磨 DCS 具体公式,T_stator_A_ss,T_stator_A_ss = T_amb+k_heat_A*I_tm_phys^2,V5_0224,migrated,canonical_formula,no,1396,
F0071_1397,1397,10. DCS 具体生成公式和代理防护 / 10.3 塔磨 DCS 具体公式,T_stator_B_ss,T_stator_B_ss = T_amb+k_heat_B*I_tm_phys^2,V5_0226,migrated,canonical_formula,no,1397,
F0071_1398,1398,10. DCS 具体生成公式和代理防护 / 10.3 塔磨 DCS 具体公式,T_stator_A,"T_stator_A = T_stator_A_prev+(dt/max(tau_thermal_A,eps))*(T_stator_A_ss-T_stator_A_prev)",V5_0223,migrated,canonical_formula,no,1398,
F0071_1399,1399,10. DCS 具体生成公式和代理防护 / 10.3 塔磨 DCS 具体公式,T_stator_B,"T_stator_B = T_stator_B_prev+(dt/max(tau_thermal_B,eps))*(T_stator_B_ss-T_stator_B_prev)",V5_0225,migrated,canonical_formula,no,1399,
F0071_1401,1401,10. DCS 具体生成公式和代理防护 / 10.3 塔磨 DCS 具体公式,dL_ov_pool/dt,dL_ov_pool/dt = (Q_overflow-Q_ov_pump)/A_ov_pool,V5_0300,migrated,canonical_formula,no,1401,
F0071_1402,1402,10. DCS 具体生成公式和代理防护 / 10.3 塔磨 DCS 具体公式,f_ov_pump_sp,"f_ov_pump_sp = clip(f_ov_nom+K_ov_L*(L_ov_pool-L_ov_sp),f_ov_min,f_ov_max)",V5_0342,migrated,canonical_formula,no,1402,
F0071_1403,1403,10. DCS 具体生成公式和代理防护 / 10.3 塔磨 DCS 具体公式,Q_ov_pump,"Q_ov_pump = k_ov*f_ov_pump_sp*sqrt(max(L_ov_pool,0))",V5_0186,migrated,canonical_formula,no,1403,
F0071_1404,1404,10. DCS 具体生成公式和代理防护 / 10.3 塔磨 DCS 具体公式,I_ov_pump_phys,I_ov_pump_phys = I0_ov+kf_ov*f_ov_pump_sp^2+kQ_ov*Q_ov_pump+krho_ov*rho_overflow,V5_0063,migrated,canonical_formula,no,1404,
F0072_1410,1410,10. DCS 具体生成公式和代理防护 / 10.3 塔磨 DCS 具体公式,agg_tm_cyclone_feed_pressure,agg_tm_cyclone_feed_pressure = meas(P_cyc),V5_0263,migrated,canonical_formula,no,1410,
F0072_1411,1411,10. DCS 具体生成公式和代理防护 / 10.3 塔磨 DCS 具体公式,agg_tm_cyclone_feed_flow,agg_tm_cyclone_feed_flow = meas(Q_pump),V5_0262,migrated,canonical_formula,no,1411,
F0072_1412,1412,10. DCS 具体生成公式和代理防护 / 10.3 塔磨 DCS 具体公式,agg_tm_cyclone_pump_freq,agg_tm_cyclone_pump_freq = meas(f_pump),V5_0268,migrated,canonical_formula,no,1412,
F0072_1413,1413,10. DCS 具体生成公式和代理防护 / 10.3 塔磨 DCS 具体公式,agg_tm_cyclone_pump_current,agg_tm_cyclone_pump_current = meas(I_pump_phys),V5_0267,migrated,canonical_formula,no,1413,
F0072_1414,1414,10. DCS 具体生成公式和代理防护 / 10.3 塔磨 DCS 具体公式,agg_tm_cyclone_pool_level,agg_tm_cyclone_pool_level = meas(L_pool),V5_0265,migrated,canonical_formula,no,1414,
F0072_1415,1415,10. DCS 具体生成公式和代理防护 / 10.3 塔磨 DCS 具体公式,agg_tm_cyclone_pool_valve_setpoint,agg_tm_cyclone_pool_valve_setpoint = meas(u_water_sp),V5_0266,migrated,canonical_formula,no,1415,
F0072_1416,1416,10. DCS 具体生成公式和代理防护 / 10.3 塔磨 DCS 具体公式,MC1_FET503_AI,MC1_FET503_AI = meas(Q_water_phys),V5_0090,migrated,canonical_formula,no,1416,
F0072_1417,1417,10. DCS 具体生成公式和代理防护 / 10.3 塔磨 DCS 具体公式,agg_tm_cyclone_sand_valve_setpoint,agg_tm_cyclone_sand_valve_setpoint = meas(u_sand_sp),V5_0270,migrated,canonical_formula,no,1417,
F0072_1418,1418,10. DCS 具体生成公式和代理防护 / 10.3 塔磨 DCS 具体公式,agg_tm_cyclone_sand_valve_feedback,agg_tm_cyclone_sand_valve_feedback = meas(u_sand),V5_0269,migrated,canonical_formula,no,1418,
F0072_1419,1419,10. DCS 具体生成公式和代理防护 / 10.3 塔磨 DCS 具体公式,agg_tm_cyclone_sand_water_flow,agg_tm_cyclone_sand_water_flow = meas(Q_sand_water_phys),V5_0271,migrated,canonical_formula,no,1419,
F0072_1420,1420,10. DCS 具体生成公式和代理防护 / 10.3 塔磨 DCS 具体公式,agg_tm_motor_current,agg_tm_motor_current = meas(I_tm_phys),V5_0272,migrated,canonical_formula,no,1420,
F0072_1421,1421,10. DCS 具体生成公式和代理防护 / 10.3 塔磨 DCS 具体公式,agg_tm_reducer_oil_temp,agg_tm_reducer_oil_temp = meas(T_oil),V5_0274,migrated,canonical_formula,no,1421,
F0072_1422,1422,10. DCS 具体生成公式和代理防护 / 10.3 塔磨 DCS 具体公式,agg_tm_reducer_outlet_temp,agg_tm_reducer_outlet_temp = meas(T_oil_out),V5_0275,migrated,canonical_formula,no,1422,
F0072_1423,1423,10. DCS 具体生成公式和代理防护 / 10.3 塔磨 DCS 具体公式,MC1_TM204_HDZC_1_WD_AI,MC1_TM204_HDZC_1_WD_AI = meas(T_bearing1),V5_0091,migrated,canonical_formula,no,1423,
F0072_1424,1424,10. DCS 具体生成公式和代理防护 / 10.3 塔磨 DCS 具体公式,MC1_TM206_HDZC_2_WD_AI,MC1_TM206_HDZC_2_WD_AI = meas(T_bearing2),V5_0093,migrated,canonical_formula,no,1424,
F0072_1425,1425,10. DCS 具体生成公式和代理防护 / 10.3 塔磨 DCS 具体公式,MC1_TM204_ZDJ_DZ_A_WD_AI,MC1_TM204_ZDJ_DZ_A_WD_AI = meas(T_stator_A),V5_0092,migrated,canonical_formula,no,1425,
F0072_1426,1426,10. DCS 具体生成公式和代理防护 / 10.3 塔磨 DCS 具体公式,MC1_TM206_ZDJ_DZ_B_WD_AI,MC1_TM206_ZDJ_DZ_B_WD_AI = meas(T_stator_B),V5_0094,migrated,canonical_formula,no,1426,
F0072_1427,1427,10. DCS 具体生成公式和代理防护 / 10.3 塔磨 DCS 具体公式,agg_tm_cyclone_overflow_pool_level,agg_tm_cyclone_overflow_pool_level = meas(L_ov_pool),V5_0264,migrated,canonical_formula,no,1427,
F0072_1428,1428,10. DCS 具体生成公式和代理防护 / 10.3 塔磨 DCS 具体公式,agg_tm_overflow_pump_current,agg_tm_overflow_pump_current = meas(I_ov_pump_phys),V5_0273,migrated,canonical_formula,no,1428,
F0074_1446,1446,10. DCS 具体生成公式和代理防护 / 10.4 浮选 DCS 具体公式,Q_NT_in_s,Q_NT_in_s = split_NT_s*Q_tm_overflow_delayed,V5_0148,migrated,canonical_formula,no,1446,
F0074_1447,1447,10. DCS 具体生成公式和代理防护 / 10.4 浮选 DCS 具体公式,M_NT_in_solid_s,M_NT_in_solid_s = split_NT_s*M_tm_overflow_solid_delayed,V5_0095,migrated,canonical_formula,no,1447,
F0074_1448,1448,10. DCS 具体生成公式和代理防护 / 10.4 浮选 DCS 具体公式,M_NT_in_water_s,M_NT_in_water_s = split_NT_s*M_tm_overflow_water_delayed,V5_0096,migrated,canonical_formula,no,1448,
F0074_1449,1449,10. DCS 具体生成公式和代理防护 / 10.4 浮选 DCS 具体公式,T_NT_in_s,"T_NT_in_s = T_tm_overflow_delayed-k_cool_to_NT*max(T_tm_overflow_delayed-T_amb,0)",V5_0207,migrated,canonical_formula,no,1449,
F0074_1451,1451,10. DCS 具体生成公式和代理防护 / 10.4 浮选 DCS 具体公式,dM_NT_solid_s/dt,dM_NT_solid_s/dt = M_NT_in_solid_s-M_NT_under_solid_s-M_NT_over_solid_s,V5_0304,migrated,canonical_formula,no,1451,
F0074_1452,1452,10. DCS 具体生成公式和代理防护 / 10.4 浮选 DCS 具体公式,dV_NT_water_s/dt,dV_NT_water_s/dt = Q_NT_in_water_s-Q_NT_under_water_s-Q_NT_over_water_s,V5_0308,migrated,canonical_formula,no,1452,
F0074_1453,1453,10. DCS 具体生成公式和代理防护 / 10.4 浮选 DCS 具体公式,L_NT_s,L_NT_s = (M_NT_solid_s/rho_solid_mix_s+V_NT_water_s)/A_NT_s,V5_0071,migrated,canonical_formula,no,1453,
F0074_1455,1455,10. DCS 具体生成公式和代理防护 / 10.4 浮选 DCS 具体公式,C_under_sp_s,"C_under_sp_s = clip(C_NT_nom+Kbed_NT*(L_NT_s-L_NT_ref)+Kload_NT*(M_NT_in_solid_s-M_NT_ref),C_NT_min,C_NT_max)",V5_0010,migrated,canonical_formula,no,1455,
F0074_1456,1456,10. DCS 具体生成公式和代理防护 / 10.4 浮选 DCS 具体公式,C_under_s,C_under_s = C_under_sp_s+(C_under_s_prev-C_under_sp_s)*exp(-dt/tau_NT_C),V5_0008,migrated,canonical_formula,no,1456,
F0074_1457,1457,10. DCS 具体生成公式和代理防护 / 10.4 浮选 DCS 具体公式,rho_under_s,"rho_under_s = rho_slurry(C_under_s,rho_solid_mix_s)",V5_0448,migrated,canonical_formula,no,1457,
F0074_1458,1458,10. DCS 具体生成公式和代理防护 / 10.4 浮选 DCS 具体公式,T_under_s,"T_under_s = T_NT_in_s-k_cool_NT*max(T_NT_in_s-T_amb,0)",V5_0231,migrated,canonical_formula,no,1458,
F0074_1459,1459,10. DCS 具体生成公式和代理防护 / 10.4 浮选 DCS 具体公式,mu_under_s,"mu_under_s = mu_slurry(C_under_s,clay_s,f25_s,r_sil_s,T_under_s)",V5_0424,migrated,canonical_formula,no,1459,
F0074_1461,1461,10. DCS 具体生成公式和代理防护 / 10.4 浮选 DCS 具体公式,Q_NT_under_s,"Q_NT_under_s = k_NT_under*u_NT_under_s*sqrt(max(L_NT_s,0))",V5_0149,migrated,canonical_formula,no,1461,
F0074_1462,1462,10. DCS 具体生成公式和代理防护 / 10.4 浮选 DCS 具体公式,M_NT_under_solid_s,M_NT_under_solid_s = Q_NT_under_s*rho_under_s*C_under_s,V5_0097,migrated,canonical_formula,no,1462,
F0074_1463,1463,10. DCS 具体生成公式和代理防护 / 10.4 浮选 DCS 具体公式,M_NT_under_water_s,M_NT_under_water_s = Q_NT_under_s*rho_under_s*(1-C_under_s),V5_0098,migrated,canonical_formula,no,1463,
F0074_1464,1464,10. DCS 具体生成公式和代理防护 / 10.4 浮选 DCS 具体公式,bed_mass_s,bed_mass_s = M_NT_solid_s-M_NT_solid_ref,V5_0280,migrated,canonical_formula,no,1464,
F0074_1465,1465,10. DCS 具体生成公式和代理防护 / 10.4 浮选 DCS 具体公式,I_NT_s,"I_NT_s = I0_NT+kM_NT*M_NT_under_solid_s+kmu_NT*mu_under_s+kbed_NT*max(bed_mass_s,0)",V5_0056,migrated,canonical_formula,no,1465,
F0075_1471,1471,10. DCS 具体生成公式和代理防护 / 10.4 浮选 DCS 具体公式,quality_proxy_s,quality_proxy_s = w_tm_lab*ffill_reported(lab_tm_overflow_tfe) + w_mag_lab*ffill_reported(lab_mag_mixed_conc_tfe) + w_load*standardize(agg_tm_motor_current_lag) + w_pressure*standardize(agg_tm_cyclone_feed_pressure_lag) + w_froth*standardize(mean_froth_h_lag),V5_0436,migrated,canonical_formula,no,1471,
F0075_1478,1478,10. DCS 具体生成公式和代理防护 / 10.4 浮选 DCS 具体公式,floatability_difficulty,floatability_difficulty = w_carb*r_carb + w_sil*r_sil + w_fine*f25 + w_coarse*(1-F325) + w_low_lib*(1-Liberation_gangue) + w_density*abs(C-C_opt) + w_clay*clay,V5_0353,migrated,canonical_formula,no,1478,
F0076_1491,1491,10. DCS 具体生成公式和代理防护 / 10.4 浮选 DCS 具体公式,dose_need_TD_rough_s,"dose_need_TD_rough_s = d0_td_r+Kload_td*M_feed_solid_s+Kdiff_td*floatability_difficulty_s+Kfroth_td*(h_ref-mean_c(h_froth_lag_{s,c}))+operator_trim_td_s+PRBS_TD_s",V5_0322,migrated,canonical_formula,no,1491,
F0076_1492,1492,10. DCS 具体生成公式和代理防护 / 10.4 浮选 DCS 具体公式,dose_need_TD_clean_s,dose_need_TD_clean_s = d0_td_c+Kproxy_td*(quality_proxy_ref-quality_proxy_s)+Kdiff_clean*floatability_difficulty_s+operator_trim_td_clean_s,V5_0320,migrated,canonical_formula,no,1492,
F0076_1493,1493,10. DCS 具体生成公式和代理防护 / 10.4 浮选 DCS 具体公式,dose_need_DF_K6_s,dose_need_DF_K6_s = d0_k6+Kslime_k6*f25_s+Ksil_k6*r_sil_s+Kcarb_k6*r_carb_s+Kselect_k6*(selectivity_ref-selectivity_proxy_s),V5_0318,migrated,canonical_formula,no,1493,
F0076_1495,1495,10. DCS 具体生成公式和代理防护 / 10.4 浮选 DCS 具体公式,"dose_need_{s,td_rough}","dose_need_{s,td_rough}=dose_need_TD_rough_s",V5_0331,migrated,canonical_formula,no,1495,
F0076_1496,1496,10. DCS 具体生成公式和代理防护 / 10.4 浮选 DCS 具体公式,"dose_need_{s,td_clean}","dose_need_{s,td_clean}=dose_need_TD_clean_s",V5_0330,migrated,canonical_formula,no,1496,
F0076_1497,1497,10. DCS 具体生成公式和代理防护 / 10.4 浮选 DCS 具体公式,"dose_need_{s,k6_rough}","dose_need_{s,k6_rough}=dose_need_DF_K6_s",V5_0328,migrated,canonical_formula,no,1497,
F0076_1498,1498,10. DCS 具体生成公式和代理防护 / 10.4 浮选 DCS 具体公式,"f_{s,j}_sp","f_{s,j}_sp = clip(a_freq_j+b_freq_j*dose_need_{s,j}*M_feed_solid_s,f_min_j,f_max_j)",V5_0352,migrated,canonical_formula,no,1498,
F0076_1499,1499,10. DCS 具体生成公式和代理防护 / 10.4 浮选 DCS 具体公式,"f_{s,j}","f_{s,j} = f_{s,j}_sp+(f_{s,j}_prev-f_{s,j}_sp)*exp(-dt/tau_j_act)",V5_0351,migrated,canonical_formula,no,1499,
F0076_1500,1500,10. DCS 具体生成公式和代理防护 / 10.4 浮选 DCS 具体公式,"Q_{s,j}_ml_s","Q_{s,j}_ml_s = max(k_pump_j*f_{s,j}*health_{s,j},0)",V5_0196,migrated,canonical_formula,no,1500,
F0076_1501,1501,10. DCS 具体生成公式和代理防护 / 10.4 浮选 DCS 具体公式,"I_drug_j_phys_{s,j}","I_drug_j_phys_{s,j} = I0_j+kf_j*f_{s,j}+kvis_j*reagent_viscosity_{s,j}+kpress_j*reagent_supply_pressure_j",V5_0059,migrated,canonical_formula,no,1501,
F0076_1503,1503,10. DCS 具体生成公式和代理防护 / 10.4 浮选 DCS 具体公式,dose_TD_effective_s,"dose_TD_effective_s = dose_TD_effective_prev_s+(dt/max(tau_adsorption_TD_s,eps))*(dose_TD_s-dose_TD_effective_prev_s)",V5_0315,migrated,canonical_formula,no,1503,
F0076_1504,1504,10. DCS 具体生成公式和代理防护 / 10.4 浮选 DCS 具体公式,dose_DF_K6_effective_s,"dose_DF_K6_effective_s = dose_DF_K6_effective_prev_s+(dt/max(tau_adsorption_K6_s,eps))*(dose_DF_K6_s-dose_DF_K6_effective_prev_s)",V5_0313,migrated,canonical_formula,no,1504,
F0077_1510,1510,10. DCS 具体生成公式和代理防护 / 10.4 浮选 DCS 具体公式,dL_k6_s/dt,dL_k6_s/dt = (Q_k6_refill_s-Q_k6_consumption_s)/A_k6,V5_0298,migrated,canonical_formula,no,1510,
F0077_1511,1511,10. DCS 具体生成公式和代理防护 / 10.4 浮选 DCS 具体公式,Q_k6_consumption_s,Q_k6_consumption_s = k_k6_pump*f_k6_rough_s,V5_0180,migrated,canonical_formula,no,1511,
F0077_1512,1512,10. DCS 具体生成公式和代理防护 / 10.4 浮选 DCS 具体公式,event_k6_refill_s,event_k6_refill_s = 1 if L_k6_s<L_refill_low else 0,V5_0335,migrated,canonical_formula,no,1512,
F0077_1513,1513,10. DCS 具体生成公式和代理防护 / 10.4 浮选 DCS 具体公式,Q_k6_refill_s,Q_k6_refill_s = event_k6_refill_s*Q_refill_nom,V5_0181,migrated,canonical_formula,no,1513,
F0078_1519,1519,10. DCS 具体生成公式和代理防护 / 10.4 浮选 DCS 具体公式,buffer_capacity_s,buffer_capacity_s=b0+b_carb*r_carb_s+b_sil*r_sil_s+b_clay*clay_s+b_C*C_s+b_flow*M_feed_solid_s,V5_0287,migrated,canonical_formula,no,1519,
F0078_1520,1520,10. DCS 具体生成公式和代理防护 / 10.4 浮选 DCS 具体公式,pH_sp_s,"pH_sp_s=clip(pH_nom+Kcarb_sp*(r_carb_s-r_carb_ref)+Ksil_sp*(r_sil_s-r_sil_ref)+operator_trim_pH_s+PRBS_pH_s,pH_min,pH_max)",V5_0433,migrated,canonical_formula,no,1520,
F0078_1521,1521,10. DCS 具体生成公式和代理防护 / 10.4 浮选 DCS 具体公式,dose_need_naoh_s,dose_need_naoh_s=d0_naoh+Kp_pH*(pH_sp_s-pH_lag_s)+Kbuf_naoh*buffer_capacity_s+Kflow_naoh*M_feed_solid_s,V5_0326,migrated,canonical_formula,no,1521,
F0078_1522,1522,10. DCS 具体生成公式和代理防护 / 10.4 浮选 DCS 具体公式,dose_need_cao_s,dose_need_cao_s=d0_cao+Kcarb_cao*r_carb_s+Ksil_cao*r_sil_s+Kbuf_cao*buffer_capacity_s,V5_0324,migrated,canonical_formula,no,1522,
F0078_1523,1523,10. DCS 具体生成公式和代理防护 / 10.4 浮选 DCS 具体公式,"dose_need_{s,naoh}","dose_need_{s,naoh}=dose_need_naoh_s",V5_0329,migrated,canonical_formula,no,1523,
F0078_1524,1524,10. DCS 具体生成公式和代理防护 / 10.4 浮选 DCS 具体公式,"dose_need_{s,cao}","dose_need_{s,cao}=dose_need_cao_s",V5_0327,migrated,canonical_formula,no,1524,
F0078_1525,1525,10. DCS 具体生成公式和代理防护 / 10.4 浮选 DCS 具体公式,OH_effect_s,OH_effect_s=k_naoh_oh*dose_naoh_kg_t_s+k_cao_oh*dose_cao_kg_t_s,V5_0125,migrated,canonical_formula,no,1525,
F0078_1526,1526,10. DCS 具体生成公式和代理防护 / 10.4 浮选 DCS 具体公式,Ca2_effect_s,Ca2_effect_s=k_cao_ca*dose_cao_kg_t_s,V5_0012,migrated,canonical_formula,no,1526,
F0078_1527,1527,10. DCS 具体生成公式和代理防护 / 10.4 浮选 DCS 具体公式,pH_ss_s,"pH_ss_s=pH_base+k_pH*log1p(OH_effect_s/max(buffer_capacity_s,eps))",V5_0435,migrated,canonical_formula,no,1527,
F0078_1528,1528,10. DCS 具体生成公式和代理防护 / 10.4 浮选 DCS 具体公式,pH_s,pH_s=pH_ss_s+(pH_prev_s-pH_ss_s)*exp(-dt/tau_pH),V5_0431,migrated,canonical_formula,no,1528,
F0079_1534,1534,10. DCS 具体生成公式和代理防护 / 10.4 浮选 DCS 具体公式,"hydrophobic_load_{s,c}","hydrophobic_load_{s,c}=M_froth_gangue_lag_{s,c}+M_froth_fe_sil_lag_{s,c}+M_froth_fe_carb_lag_{s,c}+k_fe_froth*(M_froth_fe_mag_lag_{s,c}+M_froth_fe_hem_lag_{s,c})",V5_0399,migrated,canonical_formula,no,1534,
F0079_1535,1535,10. DCS 具体生成公式和代理防护 / 10.4 浮选 DCS 具体公式,"Q_air_sp_{s,c}","Q_air_sp_{s,c}=clip(Q_air_nom_c+Kh_c*(h_ref_c-h_froth_lag_{s,c})+Kload_c*(M_feed_solid_s-M_ref)+Khydro_c*(hydrophobic_load_{s,c}-hydro_ref_c)+Kdensity_c*(C_s-C_ref)+operator_trim_air_{s,c}+PRBS_air_{s,c},Q_air_min_c,Q_air_max_c)",V5_0152,migrated,canonical_formula,no,1535,
F0079_1537,1537,10. DCS 具体生成公式和代理防护 / 10.4 浮选 DCS 具体公式,P_header_sp,"P_header_sp = clip(P_header_nom+Kair_header*(sum_{s,c}(Q_air_sp_{s,c})-Q_air_total_ref)+Kvalve_header*(u_bv_ref-mean_{s,c}(u_bv_{s,c})),P_header_min,P_header_max)",V5_0141,migrated,canonical_formula,no,1537,
F0079_1538,1538,10. DCS 具体生成公式和代理防护 / 10.4 浮选 DCS 具体公式,Q_air_total,"Q_air_total = sum_{s,c}(Q_air_{s,c})",V5_0153,migrated,canonical_formula,no,1538,
F0079_1539,1539,10. DCS 具体生成公式和代理防护 / 10.4 浮选 DCS 具体公式,d(air_filter_fouling)/dt,d(air_filter_fouling)/dt = k_dust*Q_air_total-event_filter_clean*cleaning_rate_filter,V5_0294,migrated,canonical_formula,no,1539,
F0079_1540,1540,10. DCS 具体生成公式和代理防护 / 10.4 浮选 DCS 具体公式,air_filter_fouling,"air_filter_fouling = clip(air_filter_fouling_prev+dt*d(air_filter_fouling)/dt,0,1)",V5_0276,migrated,canonical_formula,no,1540,
F0079_1541,1541,10. DCS 具体生成公式和代理防护 / 10.4 浮选 DCS 具体公式,header_resistance,header_resistance = R_header0*(1+k_header_dust*air_filter_fouling+k_header_valve*mean(1-u_bv)),V5_0397,migrated,canonical_formula,no,1541,
F0079_1542,1542,10. DCS 具体生成公式和代理防护 / 10.4 浮选 DCS 具体公式,blower_load_share_b,"blower_load_share_b = blower_on_b*blower_capacity_b/max(sum_b(blower_on_b*blower_capacity_b),eps)",V5_0281,migrated,canonical_formula,no,1542,
F0079_1543,1543,10. DCS 具体生成公式和代理防护 / 10.4 浮选 DCS 具体公式,Q_blower_b,Q_blower_b = blower_load_share_b*Q_air_total,V5_0155,migrated,canonical_formula,no,1543,
F0079_1544,1544,10. DCS 具体生成公式和代理防护 / 10.4 浮选 DCS 具体公式,blower_speed_sp_b,"blower_speed_sp_b = clip(speed_nom_b+KP_header_b*(P_header_sp-P_header)+KQ_blower_b*(Q_blower_b-Q_blower_ref_b),speed_min_b,speed_max_b)",V5_0285,migrated,canonical_formula,no,1544,
F0079_1545,1545,10. DCS 具体生成公式和代理防护 / 10.4 浮选 DCS 具体公式,blower_speed_b,blower_speed_b = blower_speed_sp_b+(blower_speed_prev_b-blower_speed_sp_b)*exp(-dt/tau_blower_speed_b),V5_0284,migrated,canonical_formula,no,1545,
F0079_1546,1546,10. DCS 具体生成公式和代理防护 / 10.4 浮选 DCS 具体公式,P_blower_curve_b,"P_blower_curve_b = clip(a_fan_b*blower_speed_b^2-b_fan_b*Q_blower_b^2, P_blower_pressure_min_b, P_blower_pressure_max_b)",V5_0128,migrated,canonical_formula,no,1546,
F0079_1547,1547,10. DCS 具体生成公式和代理防护 / 10.4 浮选 DCS 具体公式,P_header_ss,"P_header_ss = clip(weighted_mean_b(P_blower_curve_b, blower_load_share_b)-header_resistance*Q_air_total^2, P_header_min, P_header_max)",V5_0142,migrated,canonical_formula,no,1547,
F0079_1548,1548,10. DCS 具体生成公式和代理防护 / 10.4 浮选 DCS 具体公式,P_header,P_header = P_header_ss+(P_header_prev-P_header_ss)*exp(-dt/tau_header_pressure),V5_0140,migrated,canonical_formula,no,1548,
F0079_1549,1549,10. DCS 具体生成公式和代理防护 / 10.4 浮选 DCS 具体公式,P_blower_pressure_b,"P_blower_pressure_b = clip(P_header+k_blower_discharge_drop_b*Q_blower_b^2, P_blower_pressure_min_b, P_blower_pressure_max_b)",V5_0131,migrated,canonical_formula,no,1549,
F0079_1550,1550,10. DCS 具体生成公式和代理防护 / 10.4 浮选 DCS 具体公式,DeltaP_blower_Pa_b,"DeltaP_blower_Pa_b = 1e6*max(P_blower_pressure_b-P_amb_pressure,0)",V5_0013,migrated,canonical_formula,no,1550,
F0079_1551,1551,10. DCS 具体生成公式和代理防护 / 10.4 浮选 DCS 具体公式,P_blower_shaft_kW_b,"P_blower_shaft_kW_b = Q_blower_b*DeltaP_blower_Pa_b/max(eta_fan_b,eps)/1000",V5_0132,migrated,canonical_formula,no,1551,
F0079_1552,1552,10. DCS 具体生成公式和代理防护 / 10.4 浮选 DCS 具体公式,I_blower_phys_b,"I_blower_phys_b = 1000*P_blower_shaft_kW_b/max(sqrt(3)*V_blower_b*pf_blower_b*eta_blower_motor_b,eps)",V5_0057,migrated,canonical_formula,no,1552,
F0079_1554,1554,10. DCS 具体生成公式和代理防护 / 10.4 浮选 DCS 具体公式,"P_cell_{s,c}","P_cell_{s,c}=P_amb_pressure+rho_slurry_s*g*L_cell_{s,c}/1e6+k_froth_pressure*h_froth_{s,c}",V5_0134,migrated,canonical_formula,no,1554,
F0079_1555,1555,10. DCS 具体生成公式和代理防护 / 10.4 浮选 DCS 具体公式,"u_bv_sp_{s,c}","u_bv_sp_{s,c}=clip(k_air_valve_c*Q_air_sp_{s,c}/sqrt(max(P_header-P_cell_{s,c},eps)),0.1,0.9)",V5_0476,migrated,canonical_formula,no,1555,
F0079_1556,1556,10. DCS 具体生成公式和代理防护 / 10.4 浮选 DCS 具体公式,"u_bv_{s,c}","u_bv_{s,c}=u_bv_sp_{s,c}+(u_bv_prev_{s,c}-u_bv_sp_{s,c})*exp(-dt/tau_bv_c)",V5_0477,migrated,canonical_formula,no,1556,
F0079_1557,1557,10. DCS 具体生成公式和代理防护 / 10.4 浮选 DCS 具体公式,"Q_air_{s,c}","Q_air_{s,c}=C_orifice_c*u_bv_{s,c}*sqrt(max(P_header-P_cell_{s,c},0))",V5_0154,migrated,canonical_formula,no,1557,
F0079_1558,1558,10. DCS 具体生成公式和代理防护 / 10.4 浮选 DCS 具体公式,"gas_holdup_{s,c}","gas_holdup_{s,c}=clip( k_gas_c*Q_air_{s,c}*(1+k_mu_gas_c*max(mu_slurry_s-mu_ref,0)), 0,gas_holdup_max_c)",V5_0389,migrated,canonical_formula,no,1558,
F0079_1561,1561,10. DCS 具体生成公式和代理防护 / 10.4 浮选 DCS 具体公式,"L_cell_aerated_{s,c}","L_cell_aerated_{s,c}=L_cell_{s,c}/max(1-gas_holdup_{s,c},eps)",V5_0073,migrated,canonical_formula,no,1561,
F0079_1563,1563,10. DCS 具体生成公式和代理防护 / 10.4 浮选 DCS 具体公式,"scraper_speed_{s,c}","scraper_speed_{s,c}=clip( scraper_nom_c+K_scrape_P_c*max(h_froth_{s,c}-h_scrape_ref_c,0), speed_min_c,speed_max_c)",V5_0452,migrated,canonical_formula,no,1563,
F0079_1566,1566,10. DCS 具体生成公式和代理防护 / 10.4 浮选 DCS 具体公式,"froth_stability_{s,c}","froth_stability_{s,c}=s0_c+s_TD_c*dose_TD_effective_s+s_K6_c*dose_DF_K6_effective_s+s_f25_c*f25_s+s_C_c*C_s+s_Ca_c*Ca2_effect_s+s_lib_c*Liberation_gangue_s+s_clay_c*clay_s",V5_0360,migrated,canonical_formula,no,1566,
F0079_1567,1567,10. DCS 具体生成公式和代理防护 / 10.4 浮选 DCS 具体公式,"h_ss_{s,c}","h_ss_{s,c}=k_h_c*Q_air_{s,c}*hydrophobic_load_{s,c}*froth_stability_{s,c}/max(k_collapse_c+k_scrape_c*scraper_speed_{s,c},eps)",V5_0396,migrated,canonical_formula,no,1567,
F0079_1568,1568,10. DCS 具体生成公式和代理防护 / 10.4 浮选 DCS 具体公式,"h_froth_{s,c}","h_froth_{s,c}=h_ss_{s,c}+(h_froth_prev_{s,c}-h_ss_{s,c})*exp(-dt/tau_froth_c)",V5_0394,migrated,canonical_formula,no,1568,
F0080_1574,1574,10. DCS 具体生成公式和代理防护 / 10.4 浮选 DCS 具体公式,"Q_in_cell_{s,cx1}","Q_in_cell_{s,cx1}=Q_feed_s",V5_0169,migrated,canonical_formula,no,1574,
F0080_1575,1575,10. DCS 具体生成公式和代理防护 / 10.4 浮选 DCS 具体公式,"Q_in_cell_{s,cx2}","Q_in_cell_{s,cx2}=Q_out_cell_{s,cx1}",V5_0170,migrated,canonical_formula,no,1575,
F0080_1576,1576,10. DCS 具体生成公式和代理防护 / 10.4 浮选 DCS 具体公式,"Q_in_cell_{s,cx3}","Q_in_cell_{s,cx3}=Q_out_cell_{s,cx2}",V5_0171,migrated,canonical_formula,no,1576,
F0080_1577,1577,10. DCS 具体生成公式和代理防护 / 10.4 浮选 DCS 具体公式,"Q_in_cell_{s,jx}","Q_in_cell_{s,jx}=Q_rougher_froth_s",V5_0172,migrated,canonical_formula,no,1577,
F0080_1578,1578,10. DCS 具体生成公式和代理防护 / 10.4 浮选 DCS 具体公式,"Q_in_cell_{s,sx1}","Q_in_cell_{s,sx1}=Q_rougher_tail_s",V5_0173,migrated,canonical_formula,no,1578,
F0080_1579,1579,10. DCS 具体生成公式和代理防护 / 10.4 浮选 DCS 具体公式,"Q_in_cell_{s,sx2}","Q_in_cell_{s,sx2}=Q_scav1_tail_s",V5_0174,migrated,canonical_formula,no,1579,
F0080_1580,1580,10. DCS 具体生成公式和代理防护 / 10.4 浮选 DCS 具体公式,"Q_in_cell_{s,sx3}","Q_in_cell_{s,sx3}=Q_scav2_tail_s",V5_0175,migrated,canonical_formula,no,1580,
F0080_1582,1582,10. DCS 具体生成公式和代理防护 / 10.4 浮选 DCS 具体公式,"u_lv_sp_{s,c}","u_lv_sp_{s,c}=clip(u0_c+Kp_L_c*(L_sp_c-L_cell_aerated_lag_{s,c})+Ki_L_c*int_L_error_{s,c},0,1)",V5_0483,migrated,canonical_formula,no,1582,
F0080_1583,1583,10. DCS 具体生成公式和代理防护 / 10.4 浮选 DCS 具体公式,"u_lv_fb_{s,c}","u_lv_fb_{s,c}=u_lv_sp_{s,c}+(u_lv_fb_prev_{s,c}-u_lv_sp_{s,c})*exp(-dt/tau_lv_c)",V5_0481,migrated,canonical_formula,no,1583,
F0080_1584,1584,10. DCS 具体生成公式和代理防护 / 10.4 浮选 DCS 具体公式,"Q_out_cell_{s,c}","Q_out_cell_{s,c}=Cv_lv_c*u_lv_fb_{s,c}*sqrt(max(L_cell_{s,c},0))",V5_0183,migrated,canonical_formula,no,1584,
F0080_1585,1585,10. DCS 具体生成公式和代理防护 / 10.4 浮选 DCS 具体公式,"V_pulp_actual_{s,c}","V_pulp_actual_{s,c}=A_cell_c*max(L_cell_{s,c},0)",V5_0234,migrated,canonical_formula,no,1585,
F0080_1586,1586,10. DCS 具体生成公式和代理防护 / 10.4 浮选 DCS 具体公式,"tau_stage_h_{s,c}","tau_stage_h_{s,c}=V_pulp_actual_{s,c}/max(Q_out_cell_{s,c},eps)",V5_0472,migrated,canonical_formula,no,1586,
F0080_1587,1587,10. DCS 具体生成公式和代理防护 / 10.4 浮选 DCS 具体公式,"lip_clearance_{s,c}","lip_clearance_{s,c}=L_cell_{s,c}+h_froth_{s,c}-H_lip_reference_c",V5_0417,migrated,canonical_formula,no,1587,
F0080_1588,1588,10. DCS 具体生成公式和代理防护 / 10.4 浮选 DCS 具体公式,"R_froth_zone_{s,c}","R_froth_zone_{s,c}=clip( sigmoid(k_lip_c*lip_clearance_{s,c})*h_froth_{s,c}/max(h_froth_target_c,eps), 0,1)",V5_0199,migrated,canonical_formula,no,1588,
F0080_1592,1592,10. DCS 具体生成公式和代理防护 / 10.4 浮选 DCS 具体公式,"E_collector_{s,c}","E_collector_{s,c}=sigmoid(a1_c*(dose_TD_effective_s-dose_low_c))*sigmoid(a2_c*(dose_high_c-dose_TD_effective_s))",V5_0019,migrated,canonical_formula,no,1592,
F0080_1593,1593,10. DCS 具体生成公式和代理防护 / 10.4 浮选 DCS 具体公式,"E_depressant_{s,c}","E_depressant_{s,c}=sigmoid(kK6_c*(dose_DF_K6_effective_s-dose_K6_ref_c))",V5_0023,migrated,canonical_formula,no,1593,
F0080_1594,1594,10. DCS 具体生成公式和代理防护 / 10.4 浮选 DCS 具体公式,"E_pH_{s,c}","E_pH_{s,c}=exp(-((pH_s-pH_opt_c)/sigma_pH_c)^2)",V5_0030,migrated,canonical_formula,no,1594,
F0080_1595,1595,10. DCS 具体生成公式和代理防护 / 10.4 浮选 DCS 具体公式,"E_air_{s,c}","E_air_{s,c}=sigmoid(k1_c*(Q_air_{s,c}-Q_air_low_c))*sigmoid(k2_c*(Q_air_high_c-Q_air_{s,c}))",V5_0017,migrated,canonical_formula,no,1595,
F0080_1596,1596,10. DCS 具体生成公式和代理防护 / 10.4 浮选 DCS 具体公式,"E_density_{s,c}","E_density_{s,c}=exp(-((C_s-C_opt_c)/sigma_C_c)^2)",V5_0021,migrated,canonical_formula,no,1596,
F0080_1597,1597,10. DCS 具体生成公式和代理防护 / 10.4 浮选 DCS 具体公式,"E_size_{s,c}","E_size_{s,c}=sigmoid(k_size_c*(F325_s-F325_min_c))",V5_0034,migrated,canonical_formula,no,1597,
F0080_1598,1598,10. DCS 具体生成公式和代理防护 / 10.4 浮选 DCS 具体公式,"E_lib_g_{s,c}","E_lib_g_{s,c}=0.25+0.75*Liberation_gangue_s",V5_0026,migrated,canonical_formula,no,1598,
F0080_1599,1599,10. DCS 具体生成公式和代理防护 / 10.4 浮选 DCS 具体公式,"E_mu_{s,c}","E_mu_{s,c}=exp(-k_mu_float_c*(mu_slurry_s-mu_ref))",V5_0028,migrated,canonical_formula,no,1599,
F0080_1600,1600,10. DCS 具体生成公式和代理防护 / 10.4 浮选 DCS 具体公式,"entrainment_factor_{s,c}","entrainment_factor_{s,c}=e0_c+e_f25_c*f25_s+e_clay_c*clay_s+e_C_c*C_s+e_mu_c*max(mu_slurry_s-mu_ref,0)",V5_0334,migrated,canonical_formula,no,1600,
F0080_1602,1602,10. DCS 具体生成公式和代理防护 / 10.4 浮选 DCS 具体公式,"k_float_gangue_{s,c}","k_float_gangue_{s,c}=k0_g_c*E_collector_{s,c}*E_pH_{s,c}*E_air_{s,c}*E_density_{s,c}*E_size_{s,c}*E_lib_g_{s,c}*E_mu_{s,c}",V5_0409,migrated,canonical_formula,no,1602,
F0080_1603,1603,10. DCS 具体生成公式和代理防护 / 10.4 浮选 DCS 具体公式,"k_float_sil_{s,c}","k_float_sil_{s,c}=k_float_gangue_{s,c}*(1+a_sil_c*r_sil_s)*E_Ca2_sil_s",V5_0411,migrated,canonical_formula,no,1603,
F0080_1604,1604,10. DCS 具体生成公式和代理防护 / 10.4 浮选 DCS 具体公式,"k_float_carb_{s,c}","k_float_carb_{s,c}=k_float_gangue_{s,c}*(1+a_carb_c*r_carb_s)*E_Ca2_carb_s",V5_0403,migrated,canonical_formula,no,1604,
F0080_1605,1605,10. DCS 具体生成公式和代理防护 / 10.4 浮选 DCS 具体公式,"k_float_fe_mag_{s,c}","k_float_fe_mag_{s,c}=k0_mag_c*(1-E_depressant_{s,c})*entrainment_factor_{s,c}",V5_0407,migrated,canonical_formula,no,1605,
F0080_1606,1606,10. DCS 具体生成公式和代理防护 / 10.4 浮选 DCS 具体公式,"k_float_fe_hem_{s,c}","k_float_fe_hem_{s,c}=k0_hem_c*(1-E_depressant_{s,c})*entrainment_factor_{s,c}",V5_0405,migrated,canonical_formula,no,1606,
F0080_1609,1609,10. DCS 具体生成公式和代理防护 / 10.4 浮选 DCS 具体公式,"grade_cell_j_{s,c}","grade_cell_j_{s,c}=M_cell_j_prev_{s,c}/max(M_cell_solid_prev_{s,c},eps)",V5_0391,migrated,canonical_formula,no,1609,
F0080_1610,1610,10. DCS 具体生成公式和代理防护 / 10.4 浮选 DCS 具体公式,"Q_out_solid_{s,c}","Q_out_solid_{s,c}=Q_out_cell_{s,c}*rho_slurry_s*C_s",V5_0185,migrated,canonical_formula,no,1610,
F0080_1611,1611,10. DCS 具体生成公式和代理防护 / 10.4 浮选 DCS 具体公式,"R_j_{s,c}","R_j_{s,c}=clip(1-exp(-k_float_j_{s,c}*tau_stage_h_{s,c}),0,Rmax_j_c)*R_froth_zone_{s,c}",V5_0202,migrated,canonical_formula,no,1611,
F0080_1612,1612,10. DCS 具体生成公式和代理防护 / 10.4 浮选 DCS 具体公式,"froth_j_rate_{s,c}","froth_j_rate_{s,c}=R_j_{s,c}*M_cell_j_prev_{s,c}/max(tau_stage_h_{s,c},eps)+entrainment_j_rate_{s,c}",V5_0357,migrated,canonical_formula,no,1612,
F0080_1613,1613,10. DCS 具体生成公式和代理防护 / 10.4 浮选 DCS 具体公式,"tail_j_rate_{s,c}","tail_j_rate_{s,c}=Q_out_solid_{s,c}*grade_cell_j_{s,c}",V5_0467,migrated,canonical_formula,no,1613,
F0080_1614,1614,10. DCS 具体生成公式和代理防护 / 10.4 浮选 DCS 具体公式,"dM_cell_j_{s,c}/dt","dM_cell_j_{s,c}/dt=feed_j_rate_{s,c}-froth_j_rate_{s,c}-tail_j_rate_{s,c}",V5_0306,migrated,canonical_formula,no,1614,
F0080_1615,1615,10. DCS 具体生成公式和代理防护 / 10.4 浮选 DCS 具体公式,"M_cell_j_{s,c}","M_cell_j_{s,c}=M_cell_j_prev_{s,c}+dt*dM_cell_j_{s,c}/dt",V5_0100,migrated,canonical_formula,no,1615,
F0080_1616,1616,10. DCS 具体生成公式和代理防护 / 10.4 浮选 DCS 具体公式,"froth_j_{s,c}","froth_j_{s,c}=froth_j_rate_{s,c}*dt",V5_0358,migrated,canonical_formula,no,1616,
F0080_1617,1617,10. DCS 具体生成公式和代理防护 / 10.4 浮选 DCS 具体公式,"tail_j_{s,c}","tail_j_{s,c}=tail_j_rate_{s,c}*dt",V5_0468,migrated,canonical_formula,no,1617,
F0080_1619,1619,10. DCS 具体生成公式和代理防护 / 10.4 浮选 DCS 具体公式,"Q_froth_cell_{s,c}","Q_froth_cell_{s,c}=sum_j(froth_j_{s,c})/max(rho_froth_mix_{s,c},eps)",V5_0164,migrated,canonical_formula,no,1619,
F0080_1620,1620,10. DCS 具体生成公式和代理防护 / 10.4 浮选 DCS 具体公式,"dL_cell_{s,c}/dt","dL_cell_{s,c}/dt=(Q_in_cell_{s,c}-Q_out_cell_{s,c}-Q_froth_cell_{s,c})/A_cell_c",V5_0297,migrated,canonical_formula,no,1620,
F0080_1622,1622,10. DCS 具体生成公式和代理防护 / 10.4 浮选 DCS 具体公式,M_feed_sp,"M_feed_sp=clip(M_feed_nom-KWI_feed*(WI-WI_ref)-Ktm_feed*(I_tm_phys-I_tm_ref)-Kfroth_feed*max(h_froth-h_high,0)-Kpool_feed*max(L_pool-L_high,0)+operator_trim_feed+PRBS_feed_rate,M_feed_min,M_feed_max)",V5_0102,migrated,canonical_formula,no,1622,
F0080_1623,1623,10. DCS 具体生成公式和代理防护 / 10.4 浮选 DCS 具体公式,Q_feed_meter_phys,"Q_feed_meter_phys = slurry_flow_from_mass(M_feed_sp,C,rho_slurry)",V5_0159,migrated,canonical_formula,no,1623,
F0080_1624,1624,10. DCS 具体生成公式和代理防护 / 10.4 浮选 DCS 具体公式,split_s1_total,"split_s1_total = clip(split_s1_nom+Ksplit_s1*(L_pool_s2-L_pool_s1)+operator_trim_split_s1,0.35,0.65)",V5_0456,migrated,canonical_formula,no,1624,
F0080_1625,1625,10. DCS 具体生成公式和代理防护 / 10.4 浮选 DCS 具体公式,Q_feed_s1_total,Q_feed_s1_total = split_s1_total*Q_feed_meter_phys,V5_0160,migrated,canonical_formula,no,1625,
F0080_1626,1626,10. DCS 具体生成公式和代理防护 / 10.4 浮选 DCS 具体公式,Q_feed_s2_total,Q_feed_s2_total = (1-split_s1_total)*Q_feed_meter_phys,V5_0161,migrated,canonical_formula,no,1626,
F0080_1627,1627,10. DCS 具体生成公式和代理防护 / 10.4 浮选 DCS 具体公式,split_s1_meter1,"split_s1_meter1 = clip(split_meter_nom+Kpipe_s1*(pipe_resistance_s1_2-pipe_resistance_s1_1)+N(0,sigma_split_meter),0.40,0.60)",V5_0455,migrated,canonical_formula,no,1627,
F0080_1628,1628,10. DCS 具体生成公式和代理防护 / 10.4 浮选 DCS 具体公式,split_s2_meter1,"split_s2_meter1 = clip(split_meter_nom+Kpipe_s2*(pipe_resistance_s2_2-pipe_resistance_s2_1)+N(0,sigma_split_meter),0.40,0.60)",V5_0457,migrated,canonical_formula,no,1628,
F0080_1629,1629,10. DCS 具体生成公式和代理防护 / 10.4 浮选 DCS 具体公式,Q_ft_s1_1701_phys,Q_ft_s1_1701_phys = Q_feed_s1_total*split_s1_meter1,V5_0165,migrated,canonical_formula,no,1629,
F0080_1630,1630,10. DCS 具体生成公式和代理防护 / 10.4 浮选 DCS 具体公式,Q_ft_s1_1702_phys,Q_ft_s1_1702_phys = Q_feed_s1_total*(1-split_s1_meter1),V5_0166,migrated,canonical_formula,no,1630,
F0080_1631,1631,10. DCS 具体生成公式和代理防护 / 10.4 浮选 DCS 具体公式,Q_ft_s2_2701_phys,Q_ft_s2_2701_phys = Q_feed_s2_total*split_s2_meter1,V5_0167,migrated,canonical_formula,no,1631,
F0080_1632,1632,10. DCS 具体生成公式和代理防护 / 10.4 浮选 DCS 具体公式,Q_ft_s2_2702_phys,Q_ft_s2_2702_phys = Q_feed_s2_total*(1-split_s2_meter1),V5_0168,migrated,canonical_formula,no,1632,
F0080_1634,1634,10. DCS 具体生成公式和代理防护 / 10.4 浮选 DCS 具体公式,"Q_in_pool_{s,1}","Q_in_pool_{s,1}=Q_cleaner_tail_s+Q_scav1_conc_s",V5_0176,migrated,canonical_formula,no,1634,
F0080_1635,1635,10. DCS 具体生成公式和代理防护 / 10.4 浮选 DCS 具体公式,"Q_in_pool_{s,2}","Q_in_pool_{s,2}=Q_scav2_conc_s+Q_scav3_conc_s",V5_0177,migrated,canonical_formula,no,1635,
F0080_1636,1636,10. DCS 具体生成公式和代理防护 / 10.4 浮选 DCS 具体公式,"Q_in_pool_{s,3}","Q_in_pool_{s,3}=Q_final_tail_s",V5_0178,migrated,canonical_formula,no,1636,
F0080_1637,1637,10. DCS 具体生成公式和代理防护 / 10.4 浮选 DCS 具体公式,"dL_pool_{s,k}/dt","dL_pool_{s,k}/dt=(Q_in_pool_{s,k}-Q_pump_pool_{s,k})/A_pool_k",V5_0302,migrated,canonical_formula,no,1637,
F0080_1638,1638,10. DCS 具体生成公式和代理防护 / 10.4 浮选 DCS 具体公式,"f_pool_sp_{s,k}","f_pool_sp_{s,k}=clip(f_pool_nom_k+Kpool_L_k*(L_pool_{s,k}-L_pool_sp_k),f_pool_min_k,f_pool_max_k)",V5_0343,migrated,canonical_formula,no,1638,
F0080_1639,1639,10. DCS 具体生成公式和代理防护 / 10.4 浮选 DCS 具体公式,"f_pool_{s,k}","f_pool_{s,k}=f_pool_sp_{s,k}+(f_pool_prev_{s,k}-f_pool_sp_{s,k})*exp(-dt/tau_pool_pump_k)",V5_0344,migrated,canonical_formula,no,1639,
F0080_1640,1640,10. DCS 具体生成公式和代理防护 / 10.4 浮选 DCS 具体公式,"Q_pump_pool_{s,k}","Q_pump_pool_{s,k}=k_pool_pump_k*f_pool_{s,k}*sqrt(max(L_pool_{s,k},0))*health_pool_pump_{s,k}",V5_0189,migrated,canonical_formula,no,1640,
F0080_1641,1641,10. DCS 具体生成公式和代理防护 / 10.4 浮选 DCS 具体公式,"I_pool_phys_{s,k}","I_pool_phys_{s,k}=I0_pool_k+kf_pool_k*f_pool_{s,k}^2+kQ_pool_k*Q_pump_pool_{s,k}+krho_pool_k*rho_slurry_s+kmu_pool_k*mu_slurry_s+kH_pool_k*H_pool_k",V5_0064,migrated,canonical_formula,no,1641,
F0081_1647,1647,10. DCS 具体生成公式和代理防护 / 10.4 浮选 DCS 具体公式,"reagent_viscosity_{s,j}","reagent_viscosity_{s,j}=mu_reagent0_j*exp(kT_reagent_j*(T_ref-T_tank_{s,tank_of(j)}))",V5_0438,migrated,canonical_formula,no,1647,
F0081_1648,1648,10. DCS 具体生成公式和代理防护 / 10.4 浮选 DCS 具体公式,"u_steam_sp_{s,k}","u_steam_sp_{s,k}=clip(u_steam_nom_k+KT_steam_k*(T_tank_sp_k-T_tank_{s,k}),0,1)",V5_0490,migrated,canonical_formula,no,1648,
F0081_1649,1649,10. DCS 具体生成公式和代理防护 / 10.4 浮选 DCS 具体公式,"u_steam_fb_{s,k}","u_steam_fb_{s,k}=u_steam_sp_{s,k}+(u_steam_fb_prev_{s,k}-u_steam_sp_{s,k})*exp(-dt/tau_steam_k)",V5_0489,migrated,canonical_formula,no,1649,
F0081_1650,1650,10. DCS 具体生成公式和代理防护 / 10.4 浮选 DCS 具体公式,"reagent_heat_load_{s,k}","reagent_heat_load_{s,k}=sum_j(tank_map_{k,j}*Q_{s,j}_ml_s*Cp_reagent_j*(T_reagent_in_j-T_tank_{s,k}))",V5_0437,migrated,canonical_formula,no,1650,
F0081_1651,1651,10. DCS 具体生成公式和代理防护 / 10.4 浮选 DCS 具体公式,"I_mixer_phys_{s,k}","I_mixer_phys_{s,k}=I_idle_mixer_k+k_C_mixer_k*C_s+k_mu_mixer_k*mu_slurry_s",V5_0062,migrated,canonical_formula,no,1651,
F0081_1652,1652,10. DCS 具体生成公式和代理防护 / 10.4 浮选 DCS 具体公式,"mixer_power_{s,k}","mixer_power_{s,k}=sqrt(3)*V_mixer_k*I_mixer_phys_{s,k}*pf_mixer_k*eta_mixer_k/1000",V5_0420,migrated,canonical_formula,no,1652,
F0081_1653,1653,10. DCS 具体生成公式和代理防护 / 10.4 浮选 DCS 具体公式,"T_tank_ss_{s,k}","T_tank_ss_{s,k}=T_amb+ksteam_k*u_steam_fb_{s,k}+kreagent_k*reagent_heat_load_{s,k}+kmix_tank_k*mixer_power_{s,k}-kloss_tank_k*(T_tank_{s,k}-T_amb)",V5_0227,migrated,canonical_formula,no,1653,
F0081_1654,1654,10. DCS 具体生成公式和代理防护 / 10.4 浮选 DCS 具体公式,"T_tank_{s,k}","T_tank_{s,k}=T_tank_ss_{s,k}+(T_tank_prev_{s,k}-T_tank_ss_{s,k})*exp(-dt/tau_tank_k)",V5_0228,migrated,canonical_formula,no,1654,
F0081_1656,1656,10. DCS 具体生成公式和代理防护 / 10.4 浮选 DCS 具体公式,"I_cell_motor_phys_{s,c}","I_cell_motor_phys_{s,c}=I0_cell_c+krho_cell_c*rho_slurry_s+kmu_cell_c*mu_slurry_s+kair_cell_c*Q_air_{s,c}+kload_cell_c*M_solid_s",V5_0058,migrated,canonical_formula,no,1656,
F0081_1657,1657,10. DCS 具体生成公式和代理防护 / 10.4 浮选 DCS 具体公式,"P_cell_motor_{s,c}","P_cell_motor_{s,c}=sqrt(3)*V_cell_motor*I_cell_motor_phys_{s,c}*pf_cell*eta_cell/1000",V5_0133,migrated,canonical_formula,no,1657,
F0081_1658,1658,10. DCS 具体生成公式和代理防护 / 10.4 浮选 DCS 具体公式,"P_pool_pump_{s,k}","P_pool_pump_{s,k}=sqrt(3)*V_pool_pump*I_pool_phys_{s,k}*pf_pool*eta_pool/1000",V5_0145,migrated,canonical_formula,no,1658,
F0081_1659,1659,10. DCS 具体生成公式和代理防护 / 10.4 浮选 DCS 具体公式,"P_drug_pump_{s,j}","P_drug_pump_{s,j}=sqrt(3)*V_drug_pump*I_drug_j_phys_{s,j}*pf_drug*eta_drug/1000",V5_0138,migrated,canonical_formula,no,1659,
F0081_1660,1660,10. DCS 具体生成公式和代理防护 / 10.4 浮选 DCS 具体公式,P_blower_power_b,P_blower_power_b=sqrt(3)*V_blower_b*I_blower_phys_b*pf_blower_b/1000,V5_0129,migrated,canonical_formula,no,1660,
F0081_1661,1661,10. DCS 具体生成公式和代理防护 / 10.4 浮选 DCS 具体公式,P_blower_power_total,P_blower_power_total=sum_b(P_blower_power_b),V5_0130,migrated,canonical_formula,no,1661,
F0081_1662,1662,10. DCS 具体生成公式和代理防护 / 10.4 浮选 DCS 具体公式,blower_power_share1,"blower_power_share1 = P_blower_power_total*Q_air_total_s1/max(Q_air_total,eps)",V5_0282,migrated,canonical_formula,no,1662,
F0081_1663,1663,10. DCS 具体生成公式和代理防护 / 10.4 浮选 DCS 具体公式,blower_power_share2,"blower_power_share2 = P_blower_power_total*Q_air_total_s2/max(Q_air_total,eps)",V5_0283,migrated,canonical_formula,no,1663,
F0081_1664,1664,10. DCS 具体生成公式和代理防护 / 10.4 浮选 DCS 具体公式,sum_cell_power_s1,"sum_cell_power_s1=sum_c(P_cell_motor_{1,c})",V5_0459,migrated,canonical_formula,no,1664,
F0081_1665,1665,10. DCS 具体生成公式和代理防护 / 10.4 浮选 DCS 具体公式,sum_cell_power_s2,"sum_cell_power_s2=sum_c(P_cell_motor_{2,c})",V5_0460,migrated,canonical_formula,no,1665,
F0081_1666,1666,10. DCS 具体生成公式和代理防护 / 10.4 浮选 DCS 具体公式,sum_pool_power_s1,"sum_pool_power_s1=sum_k(P_pool_pump_{1,k})",V5_0463,migrated,canonical_formula,no,1666,
F0081_1667,1667,10. DCS 具体生成公式和代理防护 / 10.4 浮选 DCS 具体公式,sum_pool_power_s2,"sum_pool_power_s2=sum_k(P_pool_pump_{2,k})",V5_0464,migrated,canonical_formula,no,1667,
F0081_1668,1668,10. DCS 具体生成公式和代理防护 / 10.4 浮选 DCS 具体公式,sum_drug_power_s1,"sum_drug_power_s1=sum_j(P_drug_pump_{1,j})",V5_0461,migrated,canonical_formula,no,1668,
F0081_1669,1669,10. DCS 具体生成公式和代理防护 / 10.4 浮选 DCS 具体公式,sum_drug_power_s2,"sum_drug_power_s2=sum_j(P_drug_pump_{2,j})",V5_0462,migrated,canonical_formula,no,1669,
F0081_1670,1670,10. DCS 具体生成公式和代理防护 / 10.4 浮选 DCS 具体公式,P_aux_series1,P_aux_series1 = 50.0,V5_0126,migrated,canonical_formula,no,1670,
F0081_1671,1671,10. DCS 具体生成公式和代理防护 / 10.4 浮选 DCS 具体公式,P_aux_series2,P_aux_series2 = 50.0,V5_0127,migrated,canonical_formula,no,1671,
F0081_1672,1672,10. DCS 具体生成公式和代理防护 / 10.4 浮选 DCS 具体公式,P_series1,P_series1=sum_cell_power_s1+sum_pool_power_s1+sum_drug_power_s1+blower_power_share1+P_aux_series1,V5_0146,migrated,canonical_formula,no,1672,
F0081_1673,1673,10. DCS 具体生成公式和代理防护 / 10.4 浮选 DCS 具体公式,P_series2,P_series2=sum_cell_power_s2+sum_pool_power_s2+sum_drug_power_s2+blower_power_share2+P_aux_series2,V5_0147,migrated,canonical_formula,no,1673,
F0082_1679,1679,10. DCS 具体生成公式和代理防护 / 10.4 浮选 DCS 具体公式,fx_s{s}_{c}_froth_h,"fx_s{s}_{c}_froth_h=meas(h_froth_{s,c}) unless event_froth_fault_{s,c}=1",,dropped,non_executable_or_block_header,no,,Dropped from formula CSV; prose/source record remains in V4.
F0082_1680,1680,10. DCS 具体生成公式和代理防护 / 10.4 浮选 DCS 具体公式,fx_s{s}_{c}_level,"fx_s{s}_{c}_level=meas(L_cell_aerated_{s,c})",V5_0382,migrated,canonical_formula,no,1680,
F0082_1681,1681,10. DCS 具体生成公式和代理防护 / 10.4 浮选 DCS 具体公式,fx_s{s}_{c}_level_valve_sp,"fx_s{s}_{c}_level_valve_sp=meas(u_lv_sp_{s,c})",V5_0384,migrated,canonical_formula,no,1681,
F0082_1682,1682,10. DCS 具体生成公式和代理防护 / 10.4 浮选 DCS 具体公式,fx_s{s}_{c}_level_valve_fb,"fx_s{s}_{c}_level_valve_fb=meas(u_lv_fb_{s,c})",V5_0383,migrated,canonical_formula,no,1682,
F0082_1683,1683,10. DCS 具体生成公式和代理防护 / 10.4 浮选 DCS 具体公式,fx_s{s}_{c}_air_flow,"fx_s{s}_{c}_air_flow=meas(Q_air_{s,c})",V5_0379,migrated,canonical_formula,no,1683,
F0082_1684,1684,10. DCS 具体生成公式和代理防护 / 10.4 浮选 DCS 具体公式,fx_s{s}_{c}_air_sp,"fx_s{s}_{c}_air_sp=meas(Q_air_sp_{s,c})",V5_0380,migrated,canonical_formula,no,1684,
F0082_1685,1685,10. DCS 具体生成公式和代理防护 / 10.4 浮选 DCS 具体公式,fx_s{s}_{c}_bv_pos,"fx_s{s}_{c}_bv_pos=meas(u_bv_{s,c})",V5_0381,migrated,canonical_formula,no,1685,
F0082_1686,1686,10. DCS 具体生成公式和代理防护 / 10.4 浮选 DCS 具体公式,fx_s{s}_{c}_motor_curr,"fx_s{s}_{c}_motor_curr=meas(I_cell_motor_phys_{s,c})",V5_0385,migrated,canonical_formula,no,1686,
F0082_1687,1687,10. DCS 具体生成公式和代理防护 / 10.4 浮选 DCS 具体公式,fx_s{s}_{drug}_freq,"fx_s{s}_{drug}_freq=meas(f_{s,drug})",V5_0387,migrated,canonical_formula,no,1687,
F0082_1688,1688,10. DCS 具体生成公式和代理防护 / 10.4 浮选 DCS 具体公式,fx_s{s}_{drug}_curr,"fx_s{s}_{drug}_curr=meas(I_drug_j_phys_{s,drug})",V5_0386,migrated,canonical_formula,no,1688,
F0082_1689,1689,10. DCS 具体生成公式和代理防护 / 10.4 浮选 DCS 具体公式,fx_s{s}_ph,fx_s{s}_ph=meas(pH_s),V5_0371,migrated,canonical_formula,no,1689,
F0082_1690,1690,10. DCS 具体生成公式和代理防护 / 10.4 浮选 DCS 具体公式,fx_s{s}_k6_level,fx_s{s}_k6_level=meas(L_k6_s),V5_0370,migrated,canonical_formula,no,1690,
F0082_1691,1691,10. DCS 具体生成公式和代理防护 / 10.4 浮选 DCS 具体公式,fx_nt{s}_underflow_density,fx_nt{s}_underflow_density=meas(rho_under_s),V5_0365,migrated,canonical_formula,no,1691,
F0082_1692,1692,10. DCS 具体生成公式和代理防护 / 10.4 浮选 DCS 具体公式,fx_nt{s}_motor_current,fx_nt{s}_motor_current=meas(I_NT_s),V5_0364,migrated,canonical_formula,no,1692,
F0082_1693,1693,10. DCS 具体生成公式和代理防护 / 10.4 浮选 DCS 具体公式,fx_blower{b}_pressure,fx_blower{b}_pressure=meas(P_blower_pressure_b),V5_0363,migrated,canonical_formula,no,1693,
F0082_1694,1694,10. DCS 具体生成公式和代理防护 / 10.4 浮选 DCS 具体公式,fx_s1_ft1701,fx_s1_ft1701=meas(Q_ft_s1_1701_phys),V5_0366,migrated,canonical_formula,no,1694,
F0082_1695,1695,10. DCS 具体生成公式和代理防护 / 10.4 浮选 DCS 具体公式,fx_s1_ft1702,fx_s1_ft1702=meas(Q_ft_s1_1702_phys),V5_0367,migrated,canonical_formula,no,1695,
F0082_1696,1696,10. DCS 具体生成公式和代理防护 / 10.4 浮选 DCS 具体公式,fx_s2_ft2701,fx_s2_ft2701=meas(Q_ft_s2_2701_phys),V5_0368,migrated,canonical_formula,no,1696,
F0082_1697,1697,10. DCS 具体生成公式和代理防护 / 10.4 浮选 DCS 具体公式,fx_s2_ft2702,fx_s2_ft2702=meas(Q_ft_s2_2702_phys),V5_0369,migrated,canonical_formula,no,1697,
F0082_1698,1698,10. DCS 具体生成公式和代理防护 / 10.4 浮选 DCS 具体公式,fx_s{s}_pool{k}_level,"fx_s{s}_pool{k}_level=meas(L_pool_{s,k})",V5_0372,migrated,canonical_formula,no,1698,
F0082_1699,1699,10. DCS 具体生成公式和代理防护 / 10.4 浮选 DCS 具体公式,fx_s{s}_pool{k}_pump_freq,"fx_s{s}_pool{k}_pump_freq=meas(f_pool_{s,k})",V5_0374,migrated,canonical_formula,no,1699,
F0082_1700,1700,10. DCS 具体生成公式和代理防护 / 10.4 浮选 DCS 具体公式,fx_s{s}_pool{k}_pump_curr,"fx_s{s}_pool{k}_pump_curr=meas(I_pool_phys_{s,k})",V5_0373,migrated,canonical_formula,no,1700,
F0082_1701,1701,10. DCS 具体生成公式和代理防护 / 10.4 浮选 DCS 具体公式,fx_s{s}_tk{k}_temp,"fx_s{s}_tk{k}_temp=meas(T_tank_{s,k})",V5_0378,migrated,canonical_formula,no,1701,
F0082_1702,1702,10. DCS 具体生成公式和代理防护 / 10.4 浮选 DCS 具体公式,fx_s{s}_tk{k}_mixer_curr,"fx_s{s}_tk{k}_mixer_curr=meas(I_mixer_phys_{s,k})",V5_0375,migrated,canonical_formula,no,1702,
F0082_1703,1703,10. DCS 具体生成公式和代理防护 / 10.4 浮选 DCS 具体公式,fx_s{s}_tk{k}_steam_sp,"fx_s{s}_tk{k}_steam_sp=meas(u_steam_sp_{s,k})",V5_0377,migrated,canonical_formula,no,1703,
F0082_1704,1704,10. DCS 具体生成公式和代理防护 / 10.4 浮选 DCS 具体公式,fx_s{s}_tk{k}_steam_fb,"fx_s{s}_tk{k}_steam_fb=meas(u_steam_fb_{s,k})",V5_0376,migrated,canonical_formula,no,1704,
F0082_1705,1705,10. DCS 具体生成公式和代理防护 / 10.4 浮选 DCS 具体公式,fx_ah5_power,fx_ah5_power=meas(P_series1),V5_0361,migrated,canonical_formula,no,1705,
F0082_1706,1706,10. DCS 具体生成公式和代理防护 / 10.4 浮选 DCS 具体公式,fx_ah6_power,fx_ah6_power=meas(P_series2),V5_0362,migrated,canonical_formula,no,1706,
